/*
SQLyog Ultimate v11.33 (64 bit)
MySQL - 5.5.41-0ubuntu0.14.04.1 : Database - ontarget
*********************************************************************
*/

/*!40101 SET NAMES utf8 */;

/*!40101 SET SQL_MODE=''*/;

/*!40014 SET @OLD_UNIQUE_CHECKS=@@UNIQUE_CHECKS, UNIQUE_CHECKS=0 */;
/*!40014 SET @OLD_FOREIGN_KEY_CHECKS=@@FOREIGN_KEY_CHECKS, FOREIGN_KEY_CHECKS=0 */;
/*!40101 SET @OLD_SQL_MODE=@@SQL_MODE, SQL_MODE='NO_AUTO_VALUE_ON_ZERO' */;
/*!40111 SET @OLD_SQL_NOTES=@@SQL_NOTES, SQL_NOTES=0 */;
CREATE DATABASE /*!32312 IF NOT EXISTS*/`ontarget` /*!40100 DEFAULT CHARACTER SET latin1 */;

USE `ontarget`;

/*Data for the table `accident_report` */

insert  into `accident_report`(`accident_report_id`,`project_id`,`submitted_to`,`supervisor_name`,`witness`,`location`,`brief_of_accident`,`severity`,`description`,`body_part_affected`,`date_of_accident`,`time_of_accident`,`injured_visited_doctor`,`workers_compensation_filed`,`injured_left_job`,`date_injured_left_job`,`time_injured_left_job`,`possible_preventive_measures`,`unsafe_conditions_corrected`,`correction_measures_performed`,`correction_measures_to_be_performed`) values (1,1,'Test Value','Test Value','Test Value','Test Value','Test Value','Test Value','Test Value','Test Value','2015-03-13','12345','YES','YES','YES','2015-03-13','Test Value','Test Value','YES','Test Value','Test Value'),(2,1,'1177202090','1177202090','1177202090','np','brief','High','desc','desc','2015-03-13','2015-03-28T18:15:00.000Z','NO','NO','NO',NULL,NULL,'hey','YES','hey hey',NULL);

/*Data for the table `activity_category` */

/*Data for the table `activity_log` */

insert  into `activity_log`(`id`,`text`,`user_id`,`category`,`ts_insert`,`project_id`) values (165,NULL,0,2,'2015-03-14 13:37:54',NULL),(166,'project 7 updated by 1',0,3,'2015-03-14 13:38:28',NULL),(167,'project 7 updated by 1',0,3,'2015-03-14 13:38:41',NULL),(168,'New task task1 of id 1 added by 1',0,4,'2015-03-14 13:53:02',NULL),(169,'New task hola of id 2 added by 1',0,4,'2015-03-14 15:02:17',NULL),(170,'New task hop of id 3 added by 1',0,4,'2015-03-14 15:08:00',NULL),(171,'New task hello hello of id 4 added by 1',0,4,'2015-03-14 15:10:17',NULL),(172,'New task hoho of id 5 added by 1',0,4,'2015-03-14 15:21:32',NULL),(173,'New task heh of id 6 added by 1',0,4,'2015-03-14 15:41:02',NULL),(174,'New task hey of id 7 added by 1',0,4,'2015-03-14 15:44:12',NULL),(175,'New task tuts of id 8 added by 1',0,4,'2015-03-14 15:44:35',NULL),(176,'New task haha of id 9 added by 1',0,4,'2015-03-14 15:45:28',NULL),(177,'New task haha of id 10 added by 1',0,4,'2015-03-14 15:46:41',NULL),(178,'New task hono of id 11 added by 1',0,4,'2015-03-14 15:48:55',NULL),(179,'New task haha of id 12 added by 1',0,4,'2015-03-14 15:53:48',NULL),(180,'New file IMG_5312.JPG uploaded for task 10 by user 1',0,10,'2015-03-14 15:56:30',NULL),(181,'New file file.pdf uploaded for task 10 by user 1',0,10,'2015-03-14 16:09:02',NULL),(182,'New planned cost added for task 10 by user 1',0,6,'2015-03-14 17:23:50',NULL),(183,'New planned cost added for task 10 by user 1',0,6,'2015-03-14 17:23:50',NULL),(184,'New planned cost added for task 10 by user 1',0,6,'2015-03-14 17:27:10',NULL),(185,'New planned cost added for task 10 by user 1',0,6,'2015-03-14 17:27:10',NULL),(186,'New assignee 1177202090 added for task 11',0,9,'2015-03-15 10:29:35',NULL),(187,'New assignee 1177202090 added for task 10',0,9,'2015-03-15 10:30:23',NULL),(188,NULL,0,2,'2015-04-06 20:23:09',NULL),(189,'New member 1 added for project 8',0,8,'2015-04-06 20:23:09',NULL),(190,'project 7 updated by 1',0,3,'2015-04-06 20:24:35',NULL),(191,'project 7 updated by 1',0,3,'2015-04-06 20:26:20',NULL),(192,NULL,0,2,'2015-04-06 20:27:06',NULL),(193,'New member 1 added for project 9',0,8,'2015-04-06 20:27:06',NULL),(194,NULL,0,2,'2015-04-06 20:29:09',NULL),(195,'New member 1 added for project 10',0,8,'2015-04-06 20:29:09',NULL),(196,'Task 1 is made dependent on task 1 by user 1',0,11,'2015-04-06 23:18:25',NULL),(197,'New task task1 of id 13 added by 1',0,4,'2015-04-06 23:18:25',NULL),(198,'task task1 of id 10 updated by 1',0,5,'2015-04-06 23:23:50',NULL),(199,'New task task1 of id 14 added by 1',0,4,'2015-04-06 23:26:47',NULL),(200,'New task task1 of id 15 added by 1',0,4,'2015-04-06 23:46:36',NULL),(201,'task plumbing of id 10 updated by 1',0,5,'2015-04-06 23:48:42',NULL),(202,'task plumbing of id 15 updated by 1',0,5,'2015-04-06 23:51:04',NULL),(203,NULL,0,2,'2015-04-06 23:53:26',NULL),(204,'project 11 updated by SYSTEM',0,3,'2015-04-07 00:51:32',NULL),(205,'project 11 updated by SYSTEM',0,3,'2015-04-07 00:51:45',NULL),(206,'project 6 updated by 1',0,3,'2015-04-07 00:54:46',NULL),(207,'project 6 updated by 1',0,3,'2015-04-07 00:55:26',NULL),(208,'New task task1 of id 16 added by 1',0,4,'2015-04-07 00:55:46',NULL),(209,'New planned cost added for task 16 by user 1',0,6,'2015-04-07 00:56:50',NULL),(210,'New planned cost added for task 16 by user 1',0,6,'2015-04-07 00:56:50',NULL),(211,'New file santosh.jpg uploaded for task 16 by user 1',0,10,'2015-04-07 00:57:23',NULL),(212,'New file NCELL TOPUP.pdf uploaded for task 16 by user 1',0,10,'2015-04-07 00:57:52',NULL),(213,'New task task12 of id 17 added by 1',0,4,'2015-04-07 00:58:23',NULL),(214,NULL,0,2,'2015-04-07 09:09:59',NULL),(215,'New assignee 1177202090 added for task 17',0,9,'2015-04-07 09:14:19',NULL),(216,'New Activity project1 added by sanjeev@ontargetcloud.com sanjeev@ontargetcloud.com',0,2,'2015-04-07 11:53:16',1),(217,'New Activity project1 added by sanjeev@ontargetcloud.com',0,2,'2015-04-07 11:56:47',1),(218,'New member 1680285911 added for project 1',0,8,'2015-04-07 17:41:07',NULL),(219,'New Activity proj1 added by santosh8pun@gmail.com',0,2,'2015-04-07 18:53:34',0),(220,'New Activity proj199 added by santosh8pun@gmail.com',0,2,'2015-04-07 20:05:48',0),(221,'New Activity proj199 added by santosh8pun@gmail.com',0,2,'2015-04-07 20:09:01',0),(222,'New Activity proj199 added by santosh8pun@gmail.com',0,2,'2015-04-07 20:13:34',0),(223,'New member 770497583 added for project 23',0,8,'2015-04-07 20:13:34',NULL),(224,'New Activity activity1 added by santosh8pun@gmail.com',0,2,'2015-04-07 20:27:38',0);

/*Data for the table `address` */

insert  into `address`(`address_id`,`address1`,`address2`,`city`,`state`,`zip`,`country`,`address_type`) values (1,'4750 59TH ST','#9C','WOODSIDE','NY','11377','USA','HOME'),(2,'393 West End Ave',NULL,'New York','NY','10024','USA','PROJECT'),(3,'address1','address2','city','state','zip','country','PROJECT'),(4,'address1','address2','city','state','zip','country','PROJECT'),(5,'393 West End Ave','km','km','km','00977','km','PROJECT'),(6,'393 West End Ave','KM','KM','KM','00977','KM','PROJECT'),(7,'393 West End Ave','km','km','km','00977','km','PROJECT'),(8,'393 West End Ave','km','km','km','00977','km','PROJECT'),(9,'Kathmandu','pokhara','city','state','zip','country','PROJECT'),(10,'address1','address2','city','state','zip','country','PROJECT'),(11,'pokhara','kathmandu','city','state','zip','country','PROJECT'),(12,'393 West End Ave','addr2','city','state','977','country','PROJECT'),(13,'Kathmandu','Pokhara','Pokhara','Nepal','977','Nepal','PROJECT'),(18,'393 West End Ave','addr2','NP','NP','977','NP','PROJECT'),(20,'393 West End Ave','addr2','NP','NP','977','NP','PROJECT'),(21,'pkr','ktm','pkr','NP','977','NP','PROJECT'),(22,'pkr','ktm','ktm','NP','977','NP','PROJECT'),(23,'pkr','ktm','ktm','NP','977','NP','PROJECT'),(24,'pkr','ktm','ktm','NP','977','NP','PROJECT'),(25,'pkr','ktm','ktm','NP','977','NP','PROJECT');

/*Data for the table `company_info` */

insert  into `company_info`(`company_id`,`company_name`,`company_type_id`,`address1`,`address2`,`city`,`state`,`zipcode`,`country`,`status`,`website`) values (1,'SIMON AND BARRON WEA RESIDENTIAL',1,'363 23rd st','Suite 2098','New York','NY','10001','USA','ACTIVE','http://www.ttg.com'),(2,'BBVA',1,'2000 Windsor Ct','APT 3','Plover','WI','54467','USA','ACTIVE',NULL),(17,'the bsn',1,'KM','KM','KM','KM','00977','KM','ACTIVE',NULL),(18,'Ontarget',1,'ktm','pkr','pkr','NP','977','NP','ACTIVE',NULL),(19,'Ontarget',1,'addr1','addr2','pkr','NP','977','NP','ACTIVE',NULL),(20,'Ontarget',1,'pkr','ktm','ktm','NP','977','NP','ACTIVE',NULL),(21,'Ontarget',1,'pkr','ktm','pkr','NP','977','NP','ACTIVE',NULL),(22,'Ontarget',1,'pkr','ktm','pkr','NP','977','NP','ACTIVE',NULL),(23,'Ontarget',1,'pkr','ktm','NP','NP','977','NP','ACTIVE',NULL);

/*Data for the table `company_type` */

insert  into `company_type`(`company_type_id`,`company_type_name`,`created_date`,`created_by`,`modified_date`,`modified_by`,`deleted_date`,`delete_flag`,`deleted_by`,`status`) values (1,'GENERAL CONTRACTOR',NULL,'SYSTEM','0000-00-00 00:00:00','SYSTEM','0000-00-00 00:00:00',NULL,NULL,'ACTIVE'),(2,'CONSTRUCTION MANAGER',NULL,'SYSTEM',NULL,'SYSTEM',NULL,NULL,NULL,'ACTIVE'),(3,'SUB CONTRACTOR',NULL,'SYSTEM',NULL,'SYSTEM',NULL,NULL,NULL,'ACTIVE'),(4,'OWNER',NULL,'SYSTEM',NULL,'SYSTEM',NULL,NULL,NULL,'ACTIVE'),(5,'SPECIALITY CONTRACTOR',NULL,'SYSTEM',NULL,'SYSTEM',NULL,NULL,NULL,'ACTIVE'),(6,'ARCHITECT/ENGINEERS',NULL,'SYSTEM',NULL,'SYSTE',NULL,NULL,NULL,'ACTIVE');

/*Data for the table `contact` */

insert  into `contact`(`contact_id`,`user_id`,`contact_company_id`,`title`,`first_name`,`last_name`,`address_id`,`date_of_birth`,`contact_method`,`created_date`,`created_by`,`modified_date`,`modified_by`,`contact_status`,`contact_image`) values (1,1,1,'CIO','Sanjeev','Ghimire',1,'1984-01-30','PHONE','2015-03-12 13:39:27','1','2015-02-10 12:59:52','1','ACTIVE','assets/profile/bsn.jpg'),(6,1177202090,17,'CIA','basant','rijal',NULL,NULL,NULL,'2015-03-12 16:37:37','0','2015-03-12 16:37:37','0','ACTIVE',''),(7,1974015197,18,'Mr','Santosh','Pun',NULL,NULL,NULL,'2015-04-07 17:00:03','0','2015-04-07 17:00:03','0','ACTIVE',''),(8,1090441044,19,'Mr','Santosh','Pun',NULL,NULL,NULL,'2015-04-07 17:35:17','0','2015-04-07 17:35:17','0','ACTIVE',''),(9,1680285911,20,'Mr','Santosh','Pun',NULL,NULL,NULL,'2015-04-07 17:41:07','0','2015-04-07 17:41:07','0','ACTIVE',''),(10,154088945,21,'Mr','Santosh','Pun',NULL,NULL,NULL,'2015-04-07 18:29:14','0','2015-04-07 18:29:14','0','ACTIVE',''),(11,1692222663,22,'Mr','Santosh','Pun',NULL,NULL,NULL,'2015-04-07 19:16:16','0','2015-04-07 19:16:16','0','ACTIVE',''),(12,770497583,23,'Mr','Santosh','Pun',NULL,NULL,NULL,'2015-04-07 20:04:49','0','2015-04-07 20:04:49','0','ACTIVE','');

/*Data for the table `countries` */

/*Data for the table `dependent_task` */

insert  into `dependent_task`(`id`,`task_id`,`dependent_task_id`,`category_id`,`created_by`,`ts_insert`) values (1,1,1,1,1,'2015-04-06 23:18:25');

/*Data for the table `discipline` */

insert  into `discipline`(`id`,`name`,`info`,`ts_insert`) values (1,'masonry','Masonry','2015-01-10 01:04:58'),(2,'plumbing','Plumbing','2015-01-10 01:04:58'),(3,'electrical','Electrical','2015-01-10 01:04:58'),(4,'mechanical','Mechanical','2015-01-10 01:04:58'),(5,'Interiors','Interiors','2015-01-10 01:04:58'),(6,'landscaping','Landscaping','2015-01-10 01:04:58'),(7,'bridges','Bridges','2015-01-10 01:04:58'),(8,'tunnels','Tunnels','2015-01-10 01:04:58'),(9,'design','Design','2015-01-10 01:04:58');

/*Data for the table `document` */

insert  into `document`(`document_id`,`document_template_id`,`name`,`status`,`created_by`,`created_date`,`modified_by`,`modified_date`,`project_id`,`due_date`) values (4,21,'CO Document','SUBMITTED','1','2015-03-14 12:53:37','1','2015-03-14 12:53:37',1,'2015-03-13 00:00:00'),(5,20,'test doc','SUBMITTED','1','2015-04-06 20:35:18','1','2015-04-06 20:35:18',1,'2015-04-06 00:00:00'),(6,20,'test doc','SUBMITTED','1','2015-04-06 20:35:00','1','2015-04-06 20:35:00',1,'2015-04-06 00:00:00'),(7,21,'CO Document','SUBMITTED','1','2015-04-07 00:07:48','1','2015-04-07 00:07:48',1,'2015-04-23 00:00:00'),(8,21,'CO Document','SUBMITTED','1','2015-04-07 00:13:45','1','2015-04-07 00:13:45',1,'2015-04-23 00:00:00'),(9,20,'PO Document','SUBMITTED','1','2015-04-07 00:42:19','1','2015-04-07 00:42:19',1,'2015-04-16 00:00:00');

/*Data for the table `document_attachment` */

insert  into `document_attachment`(`document_attachment_id`,`document_id`,`file_path`,`created_by`,`created_date`,`modified_by`,`modified_date`) values (2,5,'/home/ontargetrs/sa.jpg','1','2015-04-06 20:35:17','1','2015-04-06 20:35:17');

/*Data for the table `document_grid_key_value` */

insert  into `document_grid_key_value`(`document_id`,`grid_id`,`grid_row_index`,`key`,`value`,`created_by`,`created_date`,`modified_by`,`modified_date`) values (5,'C000',1,'gridkey1','** PC1','1','2015-04-06 20:35:01','1','2015-04-06 20:30:09'),(6,'C000',1,'gridkey1','gridkeyvalue','1','2015-04-06 20:35:00','1','2015-04-06 20:35:00'),(7,'CO-COSTGRID',0,'workDescription','desc2','1','2015-04-07 00:07:48','1','2015-04-07 00:07:48'),(7,'CO-COSTGRID',0,'costCode','ss','1','2015-04-07 00:07:48','1','2015-04-07 00:07:48'),(7,'CO-COSTGRID',0,'amount','100','1','2015-04-07 00:07:48','1','2015-04-07 00:07:48'),(7,'CO-COSTGRID',1,'workDescription','desc4','1','2015-04-07 00:07:48','1','2015-04-07 00:07:48'),(7,'CO-COSTGRID',1,'costCode','aa','1','2015-04-07 00:07:48','1','2015-04-07 00:07:48'),(7,'CO-COSTGRID',1,'amount','100','1','2015-04-07 00:07:48','1','2015-04-07 00:07:48'),(8,'CO-COSTGRID',0,'workDescription','data1','1','2015-04-07 00:13:45','1','2015-04-07 00:13:45'),(8,'CO-COSTGRID',0,'costCode','tt','1','2015-04-07 00:13:45','1','2015-04-07 00:13:45'),(8,'CO-COSTGRID',0,'amount','100','1','2015-04-07 00:13:45','1','2015-04-07 00:13:45'),(8,'CO-COSTGRID',1,'workDescription','data2','1','2015-04-07 00:13:45','1','2015-04-07 00:13:45'),(8,'CO-COSTGRID',1,'costCode','ttt','1','2015-04-07 00:13:45','1','2015-04-07 00:13:45'),(8,'CO-COSTGRID',1,'amount','200','1','2015-04-07 00:13:45','1','2015-04-07 00:13:45');

/*Data for the table `document_key_value` */

insert  into `document_key_value`(`document_id`,`key`,`value`,`created_by`,`created_date`,`modified_by`,`modified_date`) values (4,'username','1177202090','1','2015-03-14 12:53:37','1','2015-03-14 12:53:37'),(4,'company_name','1','1','2015-03-14 12:53:37','1','2015-03-14 12:53:37'),(4,'change_order','CP-201','1','2015-03-14 12:53:37','1','2015-03-14 12:53:37'),(4,'location','np','1','2015-03-14 12:53:37','1','2015-03-14 12:53:37'),(4,'subject','np','1','2015-03-14 12:53:37','1','2015-03-14 12:53:37'),(4,'description_of_scope','np','1','2015-03-14 12:53:37','1','2015-03-14 12:53:37'),(4,'contract_no','99','1','2015-03-14 12:53:37','1','2015-03-14 12:53:37'),(4,'contract_title','99','1','2015-03-14 12:53:37','1','2015-03-14 12:53:37'),(4,'date_created','2015-03-13T18:15:00.000Z','1','2015-03-14 12:53:37','1','2015-03-14 12:53:37'),(4,'priority','High','1','2015-03-14 12:53:37','1','2015-03-14 12:53:37'),(4,'discipline','MECHANICAL','1','2015-03-14 12:53:37','1','2015-03-14 12:53:37'),(4,'category','ERRORS','1','2015-03-14 12:53:37','1','2015-03-14 12:53:37'),(4,'schedule_impact','YES','1','2015-03-14 12:53:37','1','2015-03-14 12:53:37'),(4,'cost_impact','YES','1','2015-03-14 12:53:37','1','2015-03-14 12:53:37'),(4,'time_impact','9','1','2015-03-14 12:53:37','1','2015-03-14 12:53:37'),(4,'specification','99','1','2015-03-14 12:53:37','1','2015-03-14 12:53:37'),(4,'drawing_no','99','1','2015-03-14 12:53:37','1','2015-03-14 12:53:37'),(4,'cost_code','99','1','2015-03-14 12:53:37','1','2015-03-14 12:53:37'),(4,'total_change_order_amount','99','1','2015-03-14 12:53:37','1','2015-03-14 12:53:37'),(5,'name','keyvalue123','1','2015-04-06 20:35:01','1','2015-04-06 20:30:09'),(6,'name','Santosh Pun','1','2015-04-06 20:35:00','1','2015-04-06 20:35:00'),(7,'username','1177202090','1','2015-04-07 00:07:48','1','2015-04-07 00:07:48'),(7,'company_name','1','1','2015-04-07 00:07:48','1','2015-04-07 00:07:48'),(7,'change_order','CP-201','1','2015-04-07 00:07:48','1','2015-04-07 00:07:48'),(7,'location','NP','1','2015-04-07 00:07:48','1','2015-04-07 00:07:48'),(7,'subject','hello','1','2015-04-07 00:07:48','1','2015-04-07 00:07:48'),(7,'description_of_scope','hello','1','2015-04-07 00:07:48','1','2015-04-07 00:07:48'),(7,'contract_no','sa','1','2015-04-07 00:07:48','1','2015-04-07 00:07:48'),(7,'contract_title','sa','1','2015-04-07 00:07:48','1','2015-04-07 00:07:48'),(7,'date_created','2015-04-06T18:15:00.000Z','1','2015-04-07 00:07:48','1','2015-04-07 00:07:48'),(7,'priority','High','1','2015-04-07 00:07:48','1','2015-04-07 00:07:48'),(7,'discipline','ELECTRICAL','1','2015-04-07 00:07:48','1','2015-04-07 00:07:48'),(7,'category','ERRORS','1','2015-04-07 00:07:48','1','2015-04-07 00:07:48'),(7,'schedule_impact','YES','1','2015-04-07 00:07:48','1','2015-04-07 00:07:48'),(7,'cost_impact','YES','1','2015-04-07 00:07:48','1','2015-04-07 00:07:48'),(7,'time_impact','time factor','1','2015-04-07 00:07:48','1','2015-04-07 00:07:48'),(7,'specification','spec','1','2015-04-07 00:07:48','1','2015-04-07 00:07:48'),(7,'drawing_no','423','1','2015-04-07 00:07:48','1','2015-04-07 00:07:48'),(7,'cost_code','4343','1','2015-04-07 00:07:48','1','2015-04-07 00:07:48'),(7,'total_change_order_amount','200','1','2015-04-07 00:07:48','1','2015-04-07 00:07:48'),(8,'username','1177202090','1','2015-04-07 00:13:45','1','2015-04-07 00:13:45'),(8,'company_name','1','1','2015-04-07 00:13:45','1','2015-04-07 00:13:45'),(8,'change_order','CP-201','1','2015-04-07 00:13:45','1','2015-04-07 00:13:45'),(8,'location','ktm','1','2015-04-07 00:13:45','1','2015-04-07 00:13:45'),(8,'subject','doc2','1','2015-04-07 00:13:45','1','2015-04-07 00:13:45'),(8,'description_of_scope','desc','1','2015-04-07 00:13:45','1','2015-04-07 00:13:45'),(8,'contract_no','santosh123','1','2015-04-07 00:13:45','1','2015-04-07 00:13:45'),(8,'contract_title','sa','1','2015-04-07 00:13:45','1','2015-04-07 00:13:45'),(8,'date_created','2015-04-06T18:15:00.000Z','1','2015-04-07 00:13:45','1','2015-04-07 00:13:45'),(8,'priority','High','1','2015-04-07 00:13:45','1','2015-04-07 00:13:45'),(8,'discipline','ELECTRICAL','1','2015-04-07 00:13:45','1','2015-04-07 00:13:45'),(8,'category','ERRORS','1','2015-04-07 00:13:45','1','2015-04-07 00:13:45'),(8,'schedule_impact','YES','1','2015-04-07 00:13:45','1','2015-04-07 00:13:45'),(8,'cost_impact','YES','1','2015-04-07 00:13:45','1','2015-04-07 00:13:45'),(8,'time_impact','tt','1','2015-04-07 00:13:45','1','2015-04-07 00:13:45'),(8,'specification','des','1','2015-04-07 00:13:45','1','2015-04-07 00:13:45'),(8,'drawing_no','443','1','2015-04-07 00:13:45','1','2015-04-07 00:13:45'),(8,'cost_code','45453','1','2015-04-07 00:13:45','1','2015-04-07 00:13:45'),(8,'total_change_order_amount','300','1','2015-04-07 00:13:45','1','2015-04-07 00:13:45'),(9,'username','1177202090','1','2015-04-07 00:42:19','1','2015-04-07 00:42:19'),(9,'company_name','1','1','2015-04-07 00:42:19','1','2015-04-07 00:42:19'),(9,'transmittal','CP-201','1','2015-04-07 00:42:19','1','2015-04-07 00:42:19'),(9,'sent_via','email','1','2015-04-07 00:42:19','1','2015-04-07 00:42:19'),(9,'subject','hi','1','2015-04-07 00:42:19','1','2015-04-07 00:42:19'),(9,'approval','YES','1','2015-04-07 00:42:19','1','2015-04-07 00:42:19'),(9,'out_for_signature','YES','1','2015-04-07 00:42:19','1','2015-04-07 00:42:19'),(9,'items','Communication','1','2015-04-07 00:42:19','1','2015-04-07 00:42:19'),(9,'description','desc','1','2015-04-07 00:42:19','1','2015-04-07 00:42:19'),(9,'date','2015-04-07T18:15:00.000Z','1','2015-04-07 00:42:19','1','2015-04-07 00:42:19'),(9,'copies','cop','1','2015-04-07 00:42:19','1','2015-04-07 00:42:19');

/*Data for the table `document_submittal` */

insert  into `document_submittal`(`document_submittal_id`,`document_id`,`assignee_user_id`,`created_by`,`created_date`,`modified_by`,`modified_date`) values (4,4,1177202090,'1','2015-03-14 12:53:37','1','2015-03-14 12:53:37'),(5,5,1,'1','2015-04-06 20:30:09','1','2015-04-06 20:30:09'),(6,6,1,'1','2015-04-06 20:35:00','1','2015-04-06 20:35:00'),(7,7,1177202090,'1','2015-04-07 00:07:48','1','2015-04-07 00:07:48'),(8,8,1177202090,'1','2015-04-07 00:13:45','1','2015-04-07 00:13:45'),(9,9,1177202090,'1','2015-04-07 00:42:19','1','2015-04-07 00:42:19');

/*Data for the table `document_template` */

insert  into `document_template`(`document_template_id`,`name`,`created_by`,`created_date`,`modified_by`,`modfied_date`) values (20,'Purchase Order','SYSTEM','2015-01-10 01:04:58','SYSTEM','2015-01-10 01:04:58'),(21,'Change Order','SYSTEM','2015-01-10 01:04:58','SYSTEM','2015-01-10 01:04:58'),(22,'Request For Information','SYSTEM','2015-01-10 01:04:58','SYSTEM','2015-01-10 01:04:58'),(23,'Transmittal','SYSTEM','2015-01-10 01:04:58','SYSTEM','2015-01-10 01:04:58');

/*Data for the table `email` */

/*Data for the table `email_templates` */

/*Data for the table `employee` */

insert  into `employee`(`id`,`first_name`,`last_name`,`start_date`,`end_date`,`salary`,`city`,`description`) values (1,'Jason','Martin','1996-07-25','2006-07-25',1234.56,'Toronto','Programmer'),(5,'Robert','Black','1984-01-15','1998-08-08',2334.78,'Vancouver','Tester'),(6,'Linda','Green','1987-07-30','1996-01-04',4322.78,'New York','Tester'),(7,'David','Larry','1990-12-31','1998-02-12',7897.78,'New York','Manager'),(8,'James','Cat','1996-09-17','2002-04-15',1232.78,'Vancouver','Tester');

/*Data for the table `forgot_password_request` */

insert  into `forgot_password_request`(`id`,`user_id`,`forgot_password_token`,`status`,`ts_create`,`ts_expiry`) values (1,770497583,'163292963743595804118705970572454631522754857489738925135631','EXPIRED','2015-04-07 21:07:32','2015-04-08 21:07:32');

/*Data for the table `phone` */

insert  into `phone`(`phone_id`,`contact_id`,`area_code`,`phone_number`,`phone_type`,`status`) values (4,6,0,NULL,'CELL','ACTIVE'),(5,7,0,NULL,'CELL','ACTIVE'),(6,8,0,NULL,'CELL','ACTIVE'),(7,9,0,NULL,'CELL','ACTIVE'),(8,10,0,NULL,'CELL','ACTIVE'),(9,11,0,NULL,'CELL','ACTIVE'),(10,12,0,NULL,'CELL','ACTIVE');

/*Data for the table `planned_actuals_cost` */

insert  into `planned_actuals_cost`(`id`,`task_id`,`from_date`,`to_date`,`cost_type`,`value`,`expiry_date`,`created_by`,`created_date`,`modified_by`,`modified_date`) values (3,10,'2015-03-14 00:00:00','2015-03-29 00:00:00','ACTUAL','10.000','9999-12-31 00:00:00',1,'2015-03-14 17:27:10',1,'2015-03-14 17:27:10'),(4,10,'2015-03-14 00:00:00','2015-03-29 00:00:00','PLANNED','10.000','9999-12-31 00:00:00',1,'2015-03-14 17:27:10',1,'2015-03-14 17:27:10'),(5,16,'2015-04-08 00:00:00','2015-04-23 00:00:00','ACTUAL','10.000','9999-12-31 00:00:00',1,'2015-04-07 00:56:50',1,'2015-04-07 00:56:50'),(6,16,'2015-04-08 00:00:00','2015-04-23 00:00:00','PLANNED','10000.000','9999-12-31 00:00:00',1,'2015-04-07 00:56:50',1,'2015-04-07 00:56:50');

/*Data for the table `project` */

insert  into `project`(`project_id`,`project_code`,`project_name`,`project_owner_id`,`project_category_id`,`project_type_id`,`project_parent_id`,`project_assignee`,`project_description`,`project_image`,`project_start_date`,`project_end_date`,`project_status`,`company_id`,`address_id`,`created_date`,`created_by`,`modified_date`,`modified_by`,`delete_flag`,`deleted_date`,`deleted_by`,`project_image_path`) values (1,'SIM_BARR','Simon and Barron WEA Residential',1,NULL,1,0,NULL,'With objective to develop a comprehensive Model for 200,000 sqft Renovation Project. The challenge was to do a complete survey of the existing system in detail to include in the Model. Our team successfully provided Architecture, Structure, Mechanical , Electrical and Plumbing and identified clashes. We also provided solutions for resolving conflicts and innovative approaches for coordination.',NULL,'2015-01-08 23:00:00','2015-12-31 23:00:00',NULL,1,2,NULL,NULL,'2015-01-09 23:00:07','0',NULL,NULL,NULL,'393wea_web.jpg'),(6,NULL,'hello santosh',1,NULL,1,1,NULL,'hello',NULL,'2015-04-07 00:00:00','2015-04-30 00:00:00','1',1,7,'2015-03-13 22:28:53','SYSTEM','2015-04-07 00:55:26','1',NULL,NULL,NULL,NULL),(7,NULL,'project name212',1,NULL,1,0,NULL,'project desc2',NULL,'2015-04-06 00:00:00','2015-04-06 00:00:00','1',1,8,'2015-03-14 13:37:54','SYSTEM','2015-04-06 20:26:20','1',NULL,NULL,NULL,NULL),(8,NULL,'project name',1,NULL,1,0,NULL,'project desc',NULL,'2015-04-06 00:00:00','2015-04-06 00:00:00','1',1,9,'2015-04-06 20:23:09','SYSTEM','2015-04-06 20:23:09','SYSTEM',NULL,NULL,NULL,NULL),(9,NULL,'project name',1,NULL,1,0,NULL,'project desc',NULL,'2015-04-06 00:00:00','2015-04-06 00:00:00','1',1,10,'2015-04-06 20:27:06','SYSTEM','2015-04-06 20:27:06','SYSTEM',NULL,NULL,NULL,NULL),(10,NULL,'project name',1,NULL,1,0,NULL,'project desc',NULL,'2015-04-06 00:00:00','2015-04-06 00:00:00','1',1,11,'2015-04-06 20:29:09','SYSTEM','2015-04-06 20:29:09','SYSTEM',NULL,NULL,NULL,NULL),(11,NULL,'proj1',1,NULL,1,1,NULL,'proj1',NULL,'2015-04-06 00:00:00','2015-04-30 00:00:00','1',1,12,'2015-04-06 23:53:26','SYSTEM','2015-04-06 23:53:26','SYSTEM',NULL,NULL,NULL,NULL),(12,NULL,'Shopping Mall In Pokhara',1,NULL,1,1,NULL,'shopping mall consturction 2 flooer',NULL,'2015-04-06 00:00:00','2015-04-30 00:00:00','1',2,13,'2015-04-07 09:09:59','SYSTEM','2015-04-07 09:09:59','SYSTEM',NULL,NULL,NULL,NULL),(17,NULL,'project1',1,NULL,1,1,NULL,'proj1',NULL,'2015-04-07 00:00:00','2015-04-23 00:00:00','1',1,18,'2015-04-07 11:53:16','SYSTEM','2015-04-07 11:53:16','SYSTEM',NULL,NULL,NULL,NULL),(19,NULL,'project1',1,NULL,1,1,NULL,'proj1',NULL,'2015-04-07 00:00:00','2015-04-23 00:00:00','1',1,20,'2015-04-07 11:56:47','SYSTEM','2015-04-07 11:56:47','SYSTEM',NULL,NULL,NULL,NULL),(20,NULL,'proj1',154088945,NULL,1,0,NULL,'proj1',NULL,'2015-03-31 00:00:00','2015-04-14 00:00:00','ACTIVE',21,21,'2015-04-07 18:53:34','SYSTEM','2015-04-07 18:53:34','SYSTEM',NULL,NULL,NULL,NULL),(21,NULL,'proj199',770497583,NULL,1,0,NULL,'proj13',NULL,'2015-04-06 00:00:00','2015-04-28 00:00:00','ACTIVE',23,22,'2015-04-07 20:05:48','SYSTEM','2015-04-07 20:05:48','SYSTEM',NULL,NULL,NULL,NULL),(22,NULL,'proj199',770497583,NULL,1,0,NULL,'proj13',NULL,'2015-04-06 00:00:00','2015-04-28 00:00:00','ACTIVE',23,23,'2015-04-07 20:09:01','SYSTEM','2015-04-07 20:09:01','SYSTEM',NULL,NULL,NULL,NULL),(23,NULL,'proj199',770497583,NULL,1,0,NULL,'proj13',NULL,'2015-04-06 00:00:00','2015-04-28 00:00:00','ACTIVE',23,24,'2015-04-07 20:13:34','SYSTEM','2015-04-07 20:13:34','SYSTEM',NULL,NULL,NULL,NULL),(24,NULL,'activity1',770497583,NULL,1,0,NULL,'activity1',NULL,'2015-04-07 00:00:00','2015-04-22 00:00:00','1',23,25,'2015-04-07 20:27:38','SYSTEM','2015-04-07 20:27:38','SYSTEM',NULL,NULL,NULL,NULL);

/*Data for the table `project_activities` */

/*Data for the table `project_category` */

/*Data for the table `project_file` */

insert  into `project_file`(`project_file_id`,`file_name`,`project_id`,`created_date`,`created_by`,`file_type`) values (1,'bsn_bsn.jpg',1,'2015-03-13 16:35:15',1,'image/jpeg'),(2,'IMG_7491.JPG',1,'2015-03-13 16:36:26',1,'image/jpeg'),(3,'file.pdf',1,'2015-03-14 12:37:33',1,'application/pdf'),(4,'santoshpun.jpg',1,'2015-04-07 00:19:39',1,'image/jpeg'),(5,'spring-data-jpa-reference.pdf',1,'2015-04-07 00:29:35',1,'application/pdf'),(6,'NCELL TOPUP.pdf',1,'2015-04-07 00:39:56',1,'application/pdf'),(7,'NCELL TOPUP.pdf',1,'2015-04-07 09:18:02',1,'application/pdf'),(8,'NCELL TOPUP.pdf',1,'2015-04-07 09:19:26',1,'application/pdf'),(9,'santosh.jpg',23,'2015-04-07 21:36:18',770497583,'image/jpeg'),(10,'spring-data-jpa-reference.pdf',23,'2015-04-07 22:05:03',770497583,'application/pdf');

/*Data for the table `project_member` */

insert  into `project_member`(`project_member_id`,`project_id`,`user_id`,`member_status`) values (7,1,1177202090,'ACTIVE'),(8,1,1,'ACTIVE'),(9,8,1,'ACTIVE'),(10,9,1,'ACTIVE'),(11,10,1,'ACTIVE'),(12,1,1680285911,'ACTIVE'),(13,23,770497583,'ACTIVE');

/*Data for the table `project_task` */

insert  into `project_task`(`project_task_id`,`project_id`,`title`,`parent_task_id`,`status`,`percentage_complete`,`start_date`,`end_date`,`created_date`,`created_by`,`modified_date`,`modified_by`,`severity`,`description`) values (10,7,'plumbing',1,'1',NULL,'2015-04-06','2015-04-06','2015-03-14 15:46:41',1,'2015-04-06 23:48:42',1,'1','task desc'),(11,7,'hono',7,'1',NULL,'2015-03-14','2015-03-29','2015-03-14 15:48:55',1,'2015-03-14 15:48:55',1,'1','hoho'),(12,7,'haha',7,'1',NULL,'2015-03-14','2015-03-29','2015-03-14 15:53:48',1,'2015-03-14 15:53:48',1,'1','haha'),(13,1,'task1',1,'1',NULL,'2015-04-06','2015-04-06','2015-04-06 23:18:25',1,'2015-04-06 23:18:25',1,'1','task desc'),(14,1,'task1',1,'1',NULL,'2015-04-06','2015-04-06','2015-04-06 23:26:47',1,'2015-04-06 23:26:47',1,'1','task desc'),(15,1,'plumbing',1,'1',NULL,'2015-04-06','2015-04-06','2015-04-06 23:46:36',1,'2015-04-06 23:51:04',1,'1','task desc'),(16,6,'task1',6,'1',NULL,'2015-04-08','2015-04-23','2015-04-07 00:55:46',1,'2015-04-07 00:55:46',1,'1','task1'),(17,6,'task12',6,'1',NULL,'2015-04-08','2015-04-23','2015-04-07 00:58:23',1,'2015-04-07 00:58:23',1,'1','task1');

/*Data for the table `project_task_comments` */

/*Data for the table `project_task_files` */

insert  into `project_task_files`(`task_file_id`,`project_task_id`,`file_name`,`location`,`created_date`,`created_by`) values (1,10,'IMG_5312.JPG','/assets/task/','2015-03-14 15:56:30',1),(2,10,'file.pdf','/assets/task/','2015-03-14 16:09:02',1),(4,16,'santosh.jpg','/assets/task/','2015-04-07 00:57:23',1),(5,16,'NCELL TOPUP.pdf','/assets/task/','2015-04-07 00:57:52',1);

/*Data for the table `project_type` */

insert  into `project_type`(`project_type_id`,`project_type_name`,`created_date`,`created_by`,`modified_date`,`modified_by`,`delete_flag`,`deleted_date`,`deleted_by`,`status`) values (1,'COMMERCIAL','0000-00-00 00:00:00','SYSTEM','0000-00-00 00:00:00','SYSTEM',NULL,NULL,NULL,'ACTIVE'),(2,'RESIDENTIAL','0000-00-00 00:00:00','SYSTEM','0000-00-00 00:00:00','SYSTEM',NULL,NULL,NULL,'ACTIVE'),(3,'INFRASTRUCTURE','0000-00-00 00:00:00','SYSTEM','0000-00-00 00:00:00','SYSTEM',NULL,NULL,NULL,'ACTIVE'),(4,'MEDICAL','0000-00-00 00:00:00','SYSTEM','0000-00-00 00:00:00','SYSTEM',NULL,NULL,NULL,'ACTIVE');

/*Data for the table `project_wall_post` */

/*Data for the table `registration_request` */

insert  into `registration_request`(`id`,`registration_token`,`project_id`,`first_name`,`last_name`,`email`,`company_name`,`phone_number`,`msg`,`status`,`ts_create`,`user_id`) values (88,'724367608013897850291735237287962000717039346144346091094471',1,'basant','rijal','rijalbsn@gmail.com',NULL,NULL,NULL,'ACCT_INVITE','2015-03-12 13:43:32',1177202090),(89,'73863048262180002716699587696538320911994561864281928074480',1,'Santosh','Pun','santosh10pun@gmail.com',NULL,NULL,NULL,'ACCT_INVITE','2015-04-07 00:04:11',NULL),(90,'173760220026831108381268798869778819800520794337756515778703',NULL,'Santosh','Pun1234','santosh9pun@gmail.com',NULL,'432434','test','ACCT_NEW','2015-04-07 15:40:31',NULL),(91,'178712218701997506709630213490707674070721020231465716116314',NULL,'Santosh','Pun1234','santosh11pun@gmail.com',NULL,'443423','test','ACCT_NEW','2015-04-07 16:44:50',1974015197),(92,'416714736495088790551063455559963654831968815555354359796684',NULL,'Santosh','Pun123','santosh7pun@gmail.com',NULL,'9808639594','demo','ACCT_NEW','2015-04-07 17:31:06',1090441044),(93,'503492252260400068343163933500349675637400067232350010192765',1,'Santosh','Pun','santosh@gmail.com',NULL,NULL,NULL,'ACCT_INVITE','2015-04-07 17:38:39',1680285911),(94,'15531045462772560317756105277764179194520859908894237540544',NULL,'Santosh','Pun123','santosh12pun@gmail.com',NULL,'3423432','Demo request','ACCT_NEW','2015-04-07 18:25:22',154088945),(95,'197669002003464831306009492445354901143039759043521376519892',NULL,'Santosh','Pun123','santosh13pun@gmail.com',NULL,'9808639594','test','ACCT_NEW','2015-04-07 19:08:56',NULL),(96,'1133824783491512004336909426566722557216771779585375002075',NULL,'Santosh','Pun123','santosh14pun@gmail.com',NULL,'9808639594','demo pls','ACCT_NEW','2015-04-07 19:13:00',1692222663),(97,'436720718967396546321681573718414596573105729389530217307023',NULL,'Santosh','Pun123','santosh8pun@gmail.com',NULL,'9808639594','demo','ACCT_NEW','2015-04-07 20:02:35',770497583);

/*Data for the table `states` */

/*Data for the table `task_assignee` */

insert  into `task_assignee`(`task_assignee_id`,`project_task_id`,`task_assignee`,`created_by`,`created_date`,`modified_by`,`modified_date`) values (1,11,1177202090,1,'2015-03-15 10:29:35',1,'2015-03-15 10:29:35'),(2,10,1177202090,1,'2015-03-15 10:30:23',1,'2015-03-15 10:30:23'),(3,17,1177202090,1,'2015-04-07 09:14:19',1,'2015-04-07 09:14:19');

/*Data for the table `task_comment` */

insert  into `task_comment`(`task_comment_id`,`task_id`,`comment`,`commented_by`,`commented_date`,`comment_status`) values (1,10,'hey',1,'2015-03-15 11:14:22','ACTIVE'),(2,10,'hoho',1,'2015-03-15 11:15:17','ACTIVE'),(4,16,'no comment',1,'2015-04-07 00:55:58','ACTIVE'),(5,17,'hello',1,'2015-04-07 09:14:05','ACTIVE');

/*Data for the table `task_percentage_log` */

insert  into `task_percentage_log`(`task_percentage_log_id`,`task_id`,`percentage_type`,`percentage_complete`,`start_date`,`end_date`,`created_by`,`modified_date`,`modified_by`,`created_date`) values (1,10,'PERCENTAGE',10,'2015-03-14 17:50:56','9999-12-31 00:00:00','1','2015-03-14 17:50:56','0','2015-03-14 17:50:56'),(2,10,'PERCENTAGE',20,'2015-03-14 17:51:59','9999-12-31 00:00:00','1','2015-03-14 17:51:59','0','2015-03-14 17:51:59'),(3,10,'PERCENTAGE',34,'2015-03-14 18:14:26','9999-12-31 00:00:00','1','2015-03-14 18:14:26','0','2015-03-14 18:14:26'),(4,10,'PERCENTAGE',34,'2015-03-14 18:16:02','9999-12-31 00:00:00','1','2015-03-14 18:16:02','0','2015-03-14 18:16:02'),(5,10,'PERCENTAGE',34,'2015-03-14 18:18:03','9999-12-31 00:00:00','1','2015-03-14 18:18:03','0','2015-03-14 18:18:03'),(6,16,'PERCENTAGE',12,'2015-04-07 00:56:28','9999-12-31 00:00:00','1','2015-04-07 00:56:28','0','2015-04-07 00:56:28'),(7,17,'PERCENTAGE',57,'2015-04-07 09:13:06','9999-12-31 00:00:00','1','2015-04-07 09:13:06','0','2015-04-07 09:13:06');

/*Data for the table `task_status` */

insert  into `task_status`(`task_status_id`,`status_code`,`status_name`,`status_description`) values (1,'ACTIVE','Active','Active Status'),(2,'ONGOING','Ongoing','Ongoing Status'),(3,'COMPLETED','Completed','Completed Status'),(4,'PENDING','Pending','Pending Status');

/*Data for the table `user` */

insert  into `user`(`user_id`,`user_name`,`user_type_id`,`password`,`salt`,`user_status`,`discipline`,`number_of_login`,`modified_date`,`account_status`) values (1,'sanjeev@ontargetcloud.com',1,'4094773960715232235434823068019545525781069130133653871739472231162376445881493416617201219896320224787803196425967303485057890212439831795739903615989518','48116663777377151718258305613608080419270082004406646126153186085005856067823567402111453130029394236413570431911369002823461696018608976748168167291797206872060255692486233749427893742536736692885933695474147481779462369352909525635113743119764753433380013160018701350189796782721653435441714435695080083938','1',1,1,'2014-11-05 02:30:40','ACTIVE'),(154088945,'santosh12pun@gmail.com',1,'258526908608327687319876959969077241392474683172058472110830400040615511794445008089697008795891692972869477013482364696736269296942432212251404755000411','17911837848222596111856931752490947388121599721374988658033677629954731145866521924616850152426972550509846944914261069783058524530367494660807294900272525435935135488664837383579929969273389617286285007928152261187642909431684336366549487914269834108114490142381857090281590193276126857072557174979644884584','1',3,1,'2015-04-07 18:28:00','ACTIVE'),(770497583,'santosh8pun@gmail.com',1,'11093239589576699565690604231641399117284953105326831587719980168628717601124877667482184328261441443389181368750055116722823388227639446794105622381041131','24116078166154863748091715516453557333484941986640490014350538586279403495614991719892634877457402946983945674912476206609554265265778754155820536116001066425360105467856967716423431741884304675746035173564673258339891481652595714858342677591258827058299905479859624977675552420445522802437343979534498134208','1',3,1,'2015-04-07 20:03:50','ACTIVE'),(1090441044,'santosh7pun@gmail.com',1,'9068507764170594769192783225156837957891265442646020065096304956269818613102584669983024036051328683485488505862420927377204825067801894595485750628655332','74924947657472991489181973144977561328488967517185353736054014681269105080428974292670546420327644148025522506104979975637074365418064166613377587158565478765173403787842951503522022619531210142090266723175562192563423864109447424362317374170209948685318518280919399157279416197993766580496661710927695818101','1',3,1,'2015-04-07 17:32:55','ACTIVE'),(1177202090,'rijalbsn@gmail.com',1,'4094773960715232235434823068019545525781069130133653871739472231162376445881493416617201219896320224787803196425967303485057890212439831795739903615989518','48116663777377151718258305613608080419270082004406646126153186085005856067823567402111453130029394236413570431911369002823461696018608976748168167291797206872060255692486233749427893742536736692885933695474147481779462369352909525635113743119764753433380013160018701350189796782721653435441714435695080083938','1',3,1,'2015-03-12 13:45:20','ACTIVE'),(1680285911,'santosh@gmail.com',1,'3329328008211146751344002596849343270991072994999986901921494146783067314266701872517204099767879567786131866304980988001855596536713298881709424819196123','29613181588359096705082186701322849817076622588746901724044597581610582604152865912405531622990746084945183163175756011105272630280322107161425658472223626383716410512002922033510587263827301111529670011830813445929136892104075634398354994495957878691052458513775378727824712544078481483203791771415813798822','1',4,1,'2015-04-07 17:40:03','ACTIVE'),(1692222663,'santosh13pun@gmail.com',1,'9673282013775416397788989174424046300879126014782004387541191558413434744429226844714270739048058273216266197288643111026012613034701727483634986786244517','29566163740153205635477820086237363904008948751705623826762987131964023320947830934858681572482748526149353599583104308130759376005239344953004560095501270476128099176269745244118149040575586620588125855544252975392268706745789405366036898147051358435079722581409533441352652603792405847259828520240317632144','1',3,1,'2015-04-07 19:15:11','ACCT_NEW'),(1974015197,'santosh11pun@gmail.com',1,'3076754265977197758322355295975546273754528420387741171689751579038519438664460630152456511862287020511806675909092443545567630966358053190598615432325950','56333121348971356757958258699985743796854236050675065988547499908412395878665868389041861224428581368548302816193107146270963688278120506849068003161154533756339083642369273760335181045289349292167550557767346387522949059574995416513654553724034385846965778324574505947531478635033690832064091561009263099245','1',3,1,'2015-04-07 16:53:12','ACCT_NEW');

/*Data for the table `user_groups` */

/*Data for the table `user_notification` */

insert  into `user_notification`(`id`,`text`,`category`,`user_id`,`ts_insert`) values (144,'New member 1177202090 added for project 1',8,1177202090,'2015-03-12 16:06:55'),(145,'New member 1 added for project 1',8,1,'2015-03-12 16:11:02'),(146,'New member 1177202090 added for project 1',8,1177202090,'2015-03-12 16:12:21'),(147,'New member 1177202090 added for project 1',8,1177202090,'2015-03-12 16:35:41'),(148,'New member 1177202090 added for project 1',8,1177202090,'2015-03-12 16:37:37'),(149,NULL,2,1,'2015-03-13 18:37:35'),(150,'New member 1 added for project 2',8,1,'2015-03-13 18:37:35'),(151,NULL,2,1,'2015-03-13 19:01:17'),(152,'New member 1 added for project 3',8,1,'2015-03-13 19:01:17'),(153,NULL,2,1,'2015-03-13 19:55:45'),(154,NULL,2,1,'2015-03-13 22:17:31'),(155,NULL,2,1,'2015-03-13 22:28:53'),(156,NULL,2,1,'2015-03-14 13:37:54'),(157,'project 7 updated by 1',3,1,'2015-03-14 13:38:28'),(158,'project 7 updated by 1',3,1,'2015-03-14 13:38:41'),(159,'New task task1 of id 1 added by 1',4,1,'2015-03-14 13:53:02'),(160,'New task hola of id 2 added by 1',4,1,'2015-03-14 15:02:17'),(161,'New task hop of id 3 added by 1',4,1,'2015-03-14 15:08:00'),(162,'New task hello hello of id 4 added by 1',4,1,'2015-03-14 15:10:17'),(163,'New task hoho of id 5 added by 1',4,1,'2015-03-14 15:21:32'),(164,'New task heh of id 6 added by 1',4,1,'2015-03-14 15:41:02'),(165,'New task hey of id 7 added by 1',4,1,'2015-03-14 15:44:12'),(166,'New task tuts of id 8 added by 1',4,1,'2015-03-14 15:44:35'),(167,'New task haha of id 9 added by 1',4,1,'2015-03-14 15:45:28'),(168,'New task haha of id 10 added by 1',4,1,'2015-03-14 15:46:41'),(169,'New task hono of id 11 added by 1',4,1,'2015-03-14 15:48:55'),(170,'New task haha of id 12 added by 1',4,1,'2015-03-14 15:53:48'),(171,'New file IMG_5312.JPG uploaded for task 10 by user 1',10,1,'2015-03-14 15:56:30'),(172,'New file file.pdf uploaded for task 10 by user 1',10,1,'2015-03-14 16:09:02'),(173,'New planned cost added for task  by 110',6,1,'2015-03-14 17:23:50'),(174,'New planned cost added for task  by 110',6,1,'2015-03-14 17:23:50'),(175,'New planned cost added for task  by 110',6,1,'2015-03-14 17:27:10'),(176,'New planned cost added for task  by 110',6,1,'2015-03-14 17:27:10'),(177,'New assignee 1177202090 added for task 1177202090',9,1177202090,'2015-03-15 10:29:35'),(178,'New assignee 1177202090 added for task 1177202090',9,1177202090,'2015-03-15 10:30:23'),(179,NULL,2,1,'2015-04-06 20:23:09'),(180,'New member 1 added for project 8',8,1,'2015-04-06 20:23:09'),(181,'project 7 updated by 1',3,1,'2015-04-06 20:24:35'),(182,'project 7 updated by 1',3,1,'2015-04-06 20:26:20'),(183,NULL,2,1,'2015-04-06 20:27:06'),(184,'New member 1 added for project 9',8,1,'2015-04-06 20:27:06'),(185,NULL,2,1,'2015-04-06 20:29:09'),(186,'New member 1 added for project 10',8,1,'2015-04-06 20:29:09'),(187,'Task 1 is made dependent on task 1 by user 1',11,1,'2015-04-06 23:18:25'),(188,'New task task1 of id 13 added by 1',4,1,'2015-04-06 23:18:25'),(189,'task task1 of id 10 updated by 1',5,1,'2015-04-06 23:23:50'),(190,'New task task1 of id 14 added by 1',4,1,'2015-04-06 23:26:47'),(191,'New task task1 of id 15 added by 1',4,1,'2015-04-06 23:46:36'),(192,'task plumbing of id 10 updated by 1',5,1,'2015-04-06 23:48:42'),(193,'task plumbing of id 15 updated by 1',5,1,'2015-04-06 23:51:04'),(194,NULL,2,1,'2015-04-06 23:53:26'),(195,'project 11 updated by SYSTEM',3,0,'2015-04-07 00:51:32'),(196,'project 11 updated by SYSTEM',3,0,'2015-04-07 00:51:45'),(197,'project 6 updated by 1',3,1,'2015-04-07 00:54:46'),(198,'project 6 updated by 1',3,1,'2015-04-07 00:55:26'),(199,'New task task1 of id 16 added by 1',4,1,'2015-04-07 00:55:46'),(200,'New planned cost added for task  by 116',6,1,'2015-04-07 00:56:50'),(201,'New planned cost added for task  by 116',6,1,'2015-04-07 00:56:50'),(202,'New file santosh.jpg uploaded for task 16 by user 1',10,1,'2015-04-07 00:57:23'),(203,'New file NCELL TOPUP.pdf uploaded for task 16 by user 1',10,1,'2015-04-07 00:57:52'),(204,'New task task12 of id 17 added by 1',4,1,'2015-04-07 00:58:23'),(205,NULL,2,1,'2015-04-07 09:09:59'),(206,'New assignee 1177202090 added for task 1177202090',9,1177202090,'2015-04-07 09:14:19'),(207,'New member 1680285911 added for project 1',8,1680285911,'2015-04-07 17:41:07'),(208,'New member 770497583 added for project 23',8,770497583,'2015-04-07 20:13:34');

/*Data for the table `user_safety_info` */

insert  into `user_safety_info`(`id`,`name`,`info`,`discipline_id`,`ts_create`) values (2,'10 fingers, 10 toes 2 eyes 1 nose…safety counts','',1,'2014-12-03 03:26:53'),(3,'10 fingers. 10 toes, If you are not safe Who knows?','',2,'2014-12-03 03:26:53'),(4,'A clean floor everyday keeps lost days away.','',3,'2014-12-03 03:26:53'),(5,'A spill, a slip, a hospital trip','',4,'2014-12-03 03:26:53'),(6,'A tree never hits an automobile except in self defense','',5,'2014-12-03 03:26:53'),(7,'Accidents Big Or Small, Avoid Them All','',6,'2014-12-03 03:26:53'),(8,'Accidents hurt, Safety doesn’t.','',7,'2014-12-03 03:26:53'),(9,'An ounce of prevention is worth a pound of cure','',8,'2014-12-03 03:26:53'),(10,'Are you part of the safety TEAM….(Together Employees Accomplish More)','',9,'2014-12-03 03:26:53'),(11,'Arms work best when attached to the body','',1,'2014-12-03 03:26:54'),(12,'At work at play, let safety lead the way.','',1,'2014-12-03 03:26:54'),(13,'Avoid the worst. Put safety first.','',2,'2014-12-03 03:26:54'),(14,'Be a safety hero – score an accident zero','',2,'2014-12-03 03:26:54'),(15,'Be alert! Accidents hurt.','',3,'2014-12-03 03:26:54'),(16,'Be aware Take care','',4,'2014-12-03 03:26:54'),(17,'Before you do it, take time to think through it.','',5,'2014-12-03 03:26:54'),(18,'Behind the wheel, anger is one letter away from danger.','',1,'2014-12-03 03:26:54'),(19,'Being safe is in your own hands.','',1,'2014-12-03 03:26:54'),(20,'Best gift you can give your family is YOU! Please be safe','',1,'2014-12-03 03:26:54'),(21,'Break the drive and arrive alive.','',1,'2014-12-03 03:26:54'),(22,'Chance takers are accident makers','',1,'2014-12-03 03:26:54'),(23,'Choose safety, for your family.','',1,'2014-12-03 03:26:54'),(24,'Click clack front and back.','',1,'2014-12-03 03:26:55'),(25,'Click it or ticket!','',1,'2014-12-03 03:26:55'),(26,'Computer problems you can avoid, so you don’t have to get paranoid.','',1,'2014-12-03 03:26:55'),(27,'Courtesy and common sense promote safety.','',1,'2014-12-03 03:26:55'),(28,'Courtesy is contagious','',1,'2014-12-03 03:26:55'),(29,'Dare to be aware.','',1,'2014-12-03 03:26:55'),(30,'Do you have eye for safety or are you blinded by bad habits','',1,'2014-12-03 03:26:55'),(31,'Doesn’t matter how far. JUST BELT UP!','',1,'2014-12-03 03:26:55'),(32,'Don’t be a fool, cause safety is cool, so make that your rule.','',1,'2014-12-03 03:26:55'),(33,'Don’t be a fool. Use the proper tool.','',1,'2014-12-03 03:26:55'),(34,'Don’t be hasty when it comes to safety.','',1,'2014-12-03 03:26:55'),(35,'Don’t be safety blinded, be safety minded.','',1,'2014-12-03 03:26:55'),(36,'Don’t learn safety by accident.','',1,'2014-12-03 03:26:55'),(37,'Don’t leave Private information on a public computer screen','',1,'2014-12-03 03:26:55'),(38,'Eyes are priceless, eye protection is cheap.','',1,'2014-12-03 03:26:55'),(39,'Falling objects can be brutal if you don’t protect your noodle.','',1,'2014-12-03 03:26:55'),(40,'Fingers toes, If you are not safe Who knows?','',1,'2014-12-03 03:26:55'),(41,'Forget the nurse with safety first.','',1,'2014-12-03 03:26:55'),(42,'Forgot your hearing protection? Forget about hearing!','',1,'2014-12-03 03:26:55'),(43,'Get in high speed pursuit of safety','',1,'2014-12-03 03:26:56'),(44,'Get smart! Use safety from the start.','',1,'2014-12-03 03:26:56'),(45,'Give them a Brake!','',1,'2014-12-03 03:26:56'),(46,'Got crazy with the lighter? Call a firefighter.','',1,'2014-12-03 03:26:56'),(47,'Hard hats, they’re not just for decoration','',1,'2014-12-03 03:26:56'),(48,'Have another day by being safe today!','',1,'2014-12-03 03:26:56'),(49,'Hearing protection is a sound investment.','',1,'2014-12-03 03:26:56'),(50,'Housekeeping you skip may cause a fall or slip.','',1,'2014-12-03 03:26:56'),(51,'If everything comes your way, you are in the wrong lane.','',1,'2014-12-03 03:26:56'),(52,'If they email you asking for cash, be sure to throw it in the trash.','',1,'2014-12-03 03:26:56'),(53,'If they email you asking for Money, Say no thanks I won’t fall for it honey.','',1,'2014-12-03 03:26:56'),(54,'If you don’t know the sender, it might be a pretender','',1,'2014-12-03 03:26:56'),(55,'If you don’t think it will happen to you, find the person who had it happen to them','',1,'2014-12-03 03:26:56'),(56,'If you mess up, ‘fess up','',1,'2014-12-03 03:26:56'),(57,'Is better to lose one minute in life… than to lose life in a minute.','',1,'2014-12-03 03:26:56'),(58,'It only takes one mistake to bring us all down; don’t let it be yours!','',1,'2014-12-03 03:26:57'),(59,'It’s easier to ask a dumb question than it is to fix a dumb mistake','',1,'2014-12-03 03:26:57'),(60,'Keep a grip on life and protect your hands','',1,'2014-12-03 03:26:57'),(61,'Keep safety in mind. It will save your behind.','',1,'2014-12-03 03:26:57'),(62,'Keeping your work area clean, helps keep hazards from being unseen.','',1,'2014-12-03 03:26:57'),(63,'Knock out…accidents','',1,'2014-12-03 03:26:57'),(64,'Know safety – no pain','',1,'2014-12-03 03:26:57'),(65,'Know safety No Accidents','',1,'2014-12-03 03:26:57'),(66,'Lead the way, safety today.','',1,'2014-12-03 03:26:57'),(67,'Learn from others mistakes, don’t have others learn from you.','',1,'2014-12-03 03:26:57'),(68,'Let’s all keep our heads, and other body parts, together','',1,'2014-12-03 03:26:57'),(69,'Life’s short, don’t rush it','',1,'2014-12-03 03:26:57'),(70,'Light up your tree – not your home','',1,'2014-12-03 03:26:57'),(71,'Make it your mission, not to live in unsafe condition.','',1,'2014-12-03 03:26:57'),(72,'Make safety a reality and don’t be a fatality','',1,'2014-12-03 03:26:57'),(73,'My job provides my paycheck, but safety takes me home.','',1,'2014-12-03 03:26:57'),(74,'Near miss reported today, is the accident that does not happen tomorrow.','',1,'2014-12-03 03:26:57'),(75,'Never drive faster than your guardian angel can fly','',1,'2014-12-03 03:26:57'),(76,'Never give safety a day off','',1,'2014-12-03 03:26:57'),(77,'No Belt. No Brains','',1,'2014-12-03 03:26:57'),(78,'No safety – know pain','',1,'2014-12-03 03:26:57'),(79,'One bad day at the grinder could ruin your whole life','',1,'2014-12-03 03:26:57'),(80,'Only You can prevent forest fires!','',1,'2014-12-03 03:26:57'),(81,'Pencils have erasers–mishaps don’t!','',1,'2014-12-03 03:26:58'),(82,'Prevent a jam, don’t open spam','',1,'2014-12-03 03:26:58'),(83,'Protect your hands, you need them to pick up your pay check','',1,'2014-12-03 03:26:58'),(84,'Quench the thirst – safety first','',1,'2014-12-03 03:26:58'),(85,'Replacing a saw guard is easier than replacing a finger','',1,'2014-12-03 03:26:58'),(86,'Safe crane operation is uplifting','',1,'2014-12-03 03:26:58'),(87,'Safety – A small investment for a rich future','',1,'2014-12-03 03:26:58'),(88,'Safety by Choice, Not by Chance.','',1,'2014-12-03 03:26:58'),(89,'Safety comes in a can, I can, You can, We can be safe.','',1,'2014-12-03 03:26:58'),(90,'Safety doesn’t happen by accident','',1,'2014-12-03 03:26:58'),(91,'Safety first makes us last.','',1,'2014-12-03 03:26:58'),(92,'Safety First, Avoid the Worst.','',1,'2014-12-03 03:26:58'),(93,'Safety first, to last.','',1,'2014-12-03 03:26:58'),(94,'Safety first…because accidents last.','',1,'2014-12-03 03:26:58'),(95,'Safety fits like a glove; Try one on.','',1,'2014-12-03 03:26:58'),(96,'Safety Glasses – All in favor say EYE','',1,'2014-12-03 03:26:58'),(97,'Safety in – we win','',1,'2014-12-03 03:26:58'),(98,'Safety is a cheap and effective insurance policy','',1,'2014-12-03 03:26:58'),(99,'Safety is a continuing journey, not a final destination.','',1,'2014-12-03 03:26:58'),(100,'Safety is a frame of mind – So concentrate on it all the time.','',1,'2014-12-03 03:26:59'),(101,'Safety is a Frame of Mind, Get the Picture.','',1,'2014-12-03 03:26:59'),(102,'Safety is a full time job – don’t make it a part time practice','',1,'2014-12-03 03:26:59'),(103,'Safety is a mission not an intermission','',1,'2014-12-03 03:26:59'),(104,'Safety is about doing the right thing, even if no one is looking.','',1,'2014-12-03 03:26:59'),(105,'Safety is as simple as ABC – Always Be Careful','',1,'2014-12-03 03:26:59'),(106,'Safety is like a lock – But you are the key.','',1,'2014-12-03 03:26:59'),(107,'Safety is no accident','',1,'2014-12-03 03:26:59'),(108,'Safety is success by purpose – Not Accident.','',1,'2014-12-03 03:26:59'),(109,'Safety isn’t a hobby, it’s a living.','',1,'2014-12-03 03:26:59'),(110,'Safety isn’t expensive it’s priceless.','',1,'2014-12-03 03:26:59'),(111,'Safety isn’t just a slogan, it’s a way of life.','',1,'2014-12-03 03:26:59'),(112,'Safety makes good dollars and sense','',1,'2014-12-03 03:26:59'),(113,'Safety rules are there to follow. So take care and we will see you tomorrow.','',1,'2014-12-03 03:26:59'),(114,'Safety rules are your best tools.','',1,'2014-12-03 03:26:59'),(115,'Safety saves, Accidents cost you.','',1,'2014-12-03 03:26:59'),(116,'Safety starts with “S” but begins with “YOU”.','',1,'2014-12-03 03:27:00'),(117,'Safety starts with me.','',1,'2014-12-03 03:27:00'),(118,'Safety: more fun than running with scissors','',1,'2014-12-03 03:27:00'),(119,'Safety… It can charm you, or ALARM you!','',1,'2014-12-03 03:27:00'),(120,'Safety…Did it, done it, doing it tomorrow','',1,'2014-12-03 03:27:00'),(121,'Safety…one habit you never need to break','',1,'2014-12-03 03:27:00'),(122,'Save tomorrow. Think safety today.','',1,'2014-12-03 03:27:00'),(123,'Seat Belts are for kids – Hug them at home – Belt them in the car','',1,'2014-12-03 03:27:00'),(124,'Seatbelts save lives. Buckle up everytime.','',1,'2014-12-03 03:27:00'),(125,'Shortcuts cut life short','',1,'2014-12-03 03:27:00'),(126,'Speed Thrills but Kills.','',1,'2014-12-03 03:27:00'),(127,'Stay safe, someone at home is waiting for you.','',1,'2014-12-03 03:27:00'),(128,'Stop drop & roll','',1,'2014-12-03 03:27:00'),(129,'Success is no accident','',1,'2014-12-03 03:27:00'),(130,'The best car safety device is a rear-view mirror with a cop in it.','',1,'2014-12-03 03:27:00'),(131,'The door to Safety swings on the hinges of common sense','',1,'2014-12-03 03:27:00'),(132,'The only trip you take should be on vacation.','',1,'2014-12-03 03:27:00'),(133,'The safe way is the only way.','',1,'2014-12-03 03:27:00'),(134,'The stupid shall be punished','',1,'2014-12-03 03:27:00'),(135,'Think Safety, Because I Love You Man.','',1,'2014-12-03 03:27:00'),(136,'Think sharp….never handle broken glass with bare hands.','',1,'2014-12-03 03:27:00'),(137,'Think smart before you start.','',1,'2014-12-03 03:27:00'),(138,'Those precious fingers don’t ignore, Or they could end up on the floor.','',1,'2014-12-03 03:27:00'),(139,'Those who work the safest way- live to see another day','',1,'2014-12-03 03:27:01'),(140,'To avoid a scene keep your work place clean.','',1,'2014-12-03 03:27:01'),(141,'To prevent a drastic call, Install a firewall','',1,'2014-12-03 03:27:01'),(142,'Tomorrow: Your reward for working safely today.','',1,'2014-12-03 03:27:01'),(143,'Trying to make up time could cost you your life.','',1,'2014-12-03 03:27:01'),(144,'Unsafe acts will keep you in stitches','',1,'2014-12-03 03:27:01'),(145,'Watch where you walk or you might need a walker.','',1,'2014-12-03 03:27:01'),(146,'Watch your step – it could be your last tomorrow','',1,'2014-12-03 03:27:01'),(147,'whats holding you back?','',1,'2014-12-03 03:27:01'),(148,'When you gamble with safety ..You bet your life.','',1,'2014-12-03 03:27:01'),(149,'While on a ladder, never step back to admire your work','',1,'2014-12-03 03:27:01'),(150,'Wipe Up and avoid a Slip Up!','',1,'2014-12-03 03:27:01'),(151,'Work safe today–heaven can wait.','',1,'2014-12-03 03:27:01'),(152,'Work together…work safely.','',1,'2014-12-03 03:27:01'),(153,'Working safely may get old, but so do those who practice it.','',1,'2014-12-03 03:27:01'),(154,'Your first mistake could be your last','',1,'2014-12-03 03:27:01'),(155,'Your reward for working safely today.','',1,'2014-12-03 03:27:01'),(156,'Your wife will spend your 401K; If you get killed at work today.','',1,'2014-12-03 03:27:01'),(157,'Protect your hands, you need them to pick up your pay check','',1,'2014-12-03 03:27:01'),(158,'Your wife will spend your 401K; If you get killed at work today','',1,'2014-12-03 03:27:01'),(159,'Safety…Did it, done it, doing it tomorrow','',1,'2014-12-03 03:27:01'),(160,'Watch your step - it could be your last tomorrow','',1,'2014-12-03 03:27:01'),(161,'Those precious fingers don’t ignore. . . Or they could end up on the floor','',1,'2014-12-03 03:27:01'),(162,'Your reward for working safely today.','',1,'2014-12-03 03:27:02'),(163,'Those who work the safest way- live to see another day','',1,'2014-12-03 03:27:02'),(164,'Get in high speed pursuit of safety','',1,'2014-12-03 03:27:02'),(165,'Seat Belts are for kids - Hug them at home - Belt them in the car','',1,'2014-12-03 03:27:02'),(166,'Safe crane operation is uplifting','',1,'2014-12-03 03:27:02'),(167,'Pencils have erasers–mishaps don’t!','',1,'2014-12-03 03:27:02'),(168,'Work safe today–heaven can wait.','',1,'2014-12-03 03:27:02'),(169,'Safety is a mission not an intermission','',1,'2014-12-03 03:27:02'),(170,'Safety doesn’t happen by accident','',1,'2014-12-03 03:27:02'),(171,'A spill, a slip, a hospital trip ','',1,'2014-12-03 03:27:02'),(172,'Falling objects can be brutal if you don’t protect your noodle','',1,'2014-12-03 03:27:02'),(173,'Safety glasses: All in favor say “Eye!”','',1,'2014-12-03 03:27:02'),(174,'It’s easier to ask a dumb question than it is to fix a dumb mistake','',1,'2014-12-03 03:27:02'),(175,'Safety isn’t a hobby, it’s a living.','',1,'2014-12-03 03:27:02'),(176,'Safety - A small investment for a rich future','',1,'2014-12-03 03:27:02'),(177,'Safety is no accident','',1,'2014-12-03 03:27:02'),(178,'Safety is a cheap and effective insurance policy','',1,'2014-12-03 03:27:02'),(179,'Let’s all keep our heads, and other body parts, together','',1,'2014-12-03 03:27:02'),(180,'While on a ladder, never step back to admire your work','',1,'2014-12-03 03:27:02'),(181,'Quench the thirst – safety first','',1,'2014-12-03 03:27:02'),(182,'When you gamble with safety you bet your life','',1,'2014-12-03 03:27:02'),(183,'The stupid shall be punished','',1,'2014-12-03 03:27:02'),(184,'Chance takers are accident makers','',1,'2014-12-03 03:27:02'),(185,'Safety is a full time job; don’t make it a part time practice','',1,'2014-12-03 03:27:02'),(186,'The door to Safety swings on the hinges of common sense','',1,'2014-12-03 03:27:02'),(187,'Is better to lose one minute in life… than to lose life in a minute.','',1,'2014-12-03 03:27:02'),(188,'Safety — a small investment for a rich future','',1,'2014-12-03 03:27:03'),(189,'Your first mistake could be your last','',1,'2014-12-03 03:27:03'),(190,'Safety isn’t expensive it’s priceless.','',1,'2014-12-03 03:27:03'),(191,'Safety is as simple as ABC…Always Be Careful','',1,'2014-12-03 03:27:03'),(192,'Unsafe acts will keep you in stitches','',1,'2014-12-03 03:27:03'),(193,'Knock out…accidents','',1,'2014-12-03 03:27:03'),(194,'If you mess up, ‘fess up','',1,'2014-12-03 03:27:03'),(195,'Hard hats, they’re not just for decoration','',1,'2014-12-03 03:27:03'),(196,'If you don’t think it will happen to you, find the person who had it happen to them','',1,'2014-12-03 03:27:03'),(197,'Keep safety in mind. It will save your behind.','',1,'2014-12-03 03:27:03'),(198,'One bad day at the grinder could ruin your whole life','',1,'2014-12-03 03:27:03'),(199,'Shortcuts cut life short','',1,'2014-12-03 03:27:03');

/*Data for the table `user_session_info` */

insert  into `user_session_info`(`user_session_info_id`,`user_id`,`login_token`,`created_date`,`expire_date`,`is_expired`) values (350,1,'2d942296-4fc0-45c2-823f-7084206a6474','2015-03-12 13:42:27','9999-12-31 00:00:00','0'),(351,1,'d10e9164-c545-4be6-a407-30798522707b','2015-03-12 13:42:59','9999-12-31 00:00:00','0'),(352,1,'a4f7d8be-8acb-44ed-afb1-c6fa8dc17e5a','2015-03-12 13:44:25','9999-12-31 00:00:00','0'),(353,1177202090,'01e7af5f-4cfc-4151-9b0e-77dba20355a5','2015-03-12 13:45:28','9999-12-31 00:00:00','0'),(359,1177202090,'390ebae7-cbf3-4e4a-ba50-97355f7d50c6','2015-03-12 16:11:53','9999-12-31 00:00:00','0'),(360,1177202090,'9e328440-7378-46b4-aea0-42744a618342','2015-03-12 16:35:18','9999-12-31 00:00:00','0'),(361,1177202090,'97c0d9d2-2e85-4279-8473-de5d3774f57a','2015-03-12 16:37:20','9999-12-31 00:00:00','0'),(362,1,'6017ebc0-e6fa-4250-9401-f76fa1e9b36d','2015-03-13 11:25:59','9999-12-31 00:00:00','0'),(363,1,'7af926f5-e499-4e2d-bcf7-556a6ccd3c5e','2015-03-13 12:12:10','9999-12-31 00:00:00','0'),(364,1,'c93b6b8e-c748-4d13-985a-7b9962933d0d','2015-03-13 12:53:09','9999-12-31 00:00:00','0'),(365,1,'701ce8b9-6183-47d1-b859-2bc114ba51af','2015-03-13 12:53:55','9999-12-31 00:00:00','0'),(366,1,'16c49471-6013-4cad-9f6f-c8ccdeb9318c','2015-03-13 12:58:38','9999-12-31 00:00:00','0'),(367,1,'96ca66bd-3ef5-43ea-84b1-076023951025','2015-03-13 12:59:53','9999-12-31 00:00:00','0'),(368,1,'c07e6bd0-5731-4fe6-9a79-417ade58f406','2015-03-13 13:01:01','9999-12-31 00:00:00','0'),(369,1,'cdb2b36c-2a72-49f9-9e58-9e10b7d0e5d4','2015-03-13 13:02:30','9999-12-31 00:00:00','0'),(370,1,'dfc9da3c-5690-4356-a2af-2c685d19160d','2015-03-13 13:07:41','9999-12-31 00:00:00','0'),(371,1,'7c10dcc2-9ded-4209-81a9-b084611b7200','2015-03-13 14:56:49','9999-12-31 00:00:00','0'),(372,1,'dc2ac997-99ee-4c24-a7b3-3116d74de7ec','2015-03-13 15:20:28','9999-12-31 00:00:00','0'),(373,1,'edc1d242-8e37-41b5-b786-87bae71f903c','2015-03-13 16:04:05','9999-12-31 00:00:00','0'),(374,1,'37304b24-b65b-4387-bc15-6953e2c4b99d','2015-03-13 16:04:49','9999-12-31 00:00:00','0'),(375,1,'3014865f-884b-4127-9e4b-dadaab8e702f','2015-03-13 16:12:05','9999-12-31 00:00:00','0'),(376,1,'42299dae-5395-4af9-a314-02df40f61c30','2015-03-13 16:13:15','9999-12-31 00:00:00','0'),(377,1,'b195367c-55f5-4fa4-a2c7-cc9bca915d16','2015-03-13 16:14:10','9999-12-31 00:00:00','0'),(378,1,'25892043-b8c0-4f10-9f1e-09cd34e48019','2015-03-14 17:19:31','9999-12-31 00:00:00','0'),(379,1,'6fec0f60-171d-4854-a802-ffce6fd0bd74','2015-03-15 09:43:01','9999-12-31 00:00:00','0'),(380,1,'3e74ec8c-5e18-4cc5-adb1-f1daf8f5b016','2015-03-15 09:49:30','9999-12-31 00:00:00','0'),(381,1,'6070b70d-44ab-4301-a036-34beb4b335c7','2015-03-15 10:37:12','9999-12-31 00:00:00','0'),(382,1,'8fe3123e-1580-462a-9f8e-9f33c65814a4','2015-03-15 11:24:25','9999-12-31 00:00:00','0'),(383,1,'e5fdbcb5-171a-412a-89ba-c40678948467','2015-03-15 11:26:46','9999-12-31 00:00:00','0'),(384,1,'f751abca-fbdf-465b-8991-18f9ccc4c6f8','2015-03-15 14:23:06','9999-12-31 00:00:00','0'),(385,1,'6c0abed1-62bb-45a8-aad0-b40a18feeaf6','2015-03-15 15:13:35','9999-12-31 00:00:00','0'),(386,1,'943355b1-13de-46cf-919d-bbc06876d4ec','2015-03-15 15:30:23','9999-12-31 00:00:00','0'),(387,1,'17955d1c-1c68-442d-a0ff-cdde5ce05f11','2015-03-15 15:39:25','9999-12-31 00:00:00','0'),(388,1,'4a87fdaf-4c16-40aa-b945-93b631d59068','2015-03-15 15:40:19','9999-12-31 00:00:00','0'),(389,1,'6ac20bd3-3df8-4c2e-a41b-f1db17453e54','2015-03-15 15:40:39','9999-12-31 00:00:00','0'),(390,1,'bfb6e3b0-e299-4487-98cc-83178d5242fc','2015-03-15 15:41:45','9999-12-31 00:00:00','0'),(391,1,'87ac2a26-9a47-4b91-9173-fd0800b221dc','2015-03-15 15:43:49','9999-12-31 00:00:00','0'),(392,1,'2a34bd90-e55c-46ff-a54e-b123d2bfc012','2015-03-15 16:18:10','9999-12-31 00:00:00','0'),(393,1,'7ace2886-39fb-4e27-b53e-23c15369b754','2015-03-15 16:35:06','9999-12-31 00:00:00','0'),(394,1,'811add8f-5f9c-4412-9a6c-c376fe03d37e','2015-03-15 16:47:29','9999-12-31 00:00:00','0'),(395,1,'09a355b1-3433-4859-87c6-fec36e2117c4','2015-03-15 16:52:16','9999-12-31 00:00:00','0'),(396,1,'0801dfcf-288d-450f-a9e6-121f80c5fe1e','2015-03-15 17:44:52','9999-12-31 00:00:00','0'),(397,1,'7461e2d4-ff78-4c1c-baa0-3977cecfbb46','2015-03-17 07:56:22','9999-12-31 00:00:00','0'),(398,1,'a7306066-e9f3-412d-96b3-3f2d8e23c911','2015-04-06 23:52:20','9999-12-31 00:00:00','0'),(399,1,'8a66f0e8-c31b-4dff-bf2a-54ce7701252b','2015-04-06 23:58:06','9999-12-31 00:00:00','0'),(400,1,'53deefcc-f587-4cbd-b28e-e740e18356e8','2015-04-07 08:56:43','9999-12-31 00:00:00','0'),(401,1,'025afd4e-dcaa-4ee3-9c4c-881a6051d9a1','2015-04-07 09:12:06','9999-12-31 00:00:00','0'),(402,1,'d4caf049-28c7-49ed-958c-72f0834d53d6','2015-04-07 09:34:38','9999-12-31 00:00:00','0'),(403,1,'bf78bcf7-f11f-44f5-a99e-eed5929c2034','2015-04-07 10:38:44','9999-12-31 00:00:00','0'),(404,1974015197,'7da3dec8-1fa5-4255-9e55-6d835f66b8ea','2015-04-07 16:53:50','9999-12-31 00:00:00','0'),(405,1974015197,'ba54e283-e44a-4a43-af36-1cb51bd67163','2015-04-07 16:59:26','9999-12-31 00:00:00','0'),(406,1090441044,'91c4ef97-e950-4ca3-b5a8-470c116c9f0c','2015-04-07 17:34:33','9999-12-31 00:00:00','0'),(407,1680285911,'4599bb46-6fc8-4fc3-a2f8-4b8041a159da','2015-04-07 17:40:36','9999-12-31 00:00:00','0'),(408,1,'d27b356b-dc0a-4dc6-8172-47c86fe6051f','2015-04-07 17:58:08','9999-12-31 00:00:00','0'),(409,154088945,'671f1075-6dc2-46b0-93db-ad09f63004dd','2015-04-07 18:28:35','9999-12-31 00:00:00','0'),(410,1692222663,'a609c529-6f72-4b1c-bd91-fa69f3005e61','2015-04-07 19:15:41','9999-12-31 00:00:00','0'),(411,770497583,'a29dea4e-8388-4422-a8bf-89593fb963d4','2015-04-07 20:04:17','9999-12-31 00:00:00','0'),(412,1,'568e53df-3861-478b-bb02-611b5468680b','2015-04-07 20:43:57','9999-12-31 00:00:00','0'),(413,1,'a28f707c-7396-4a66-857c-a6c99473c6d4','2015-04-07 21:10:08','9999-12-31 00:00:00','0'),(414,770497583,'c7498cde-3350-4874-b254-2bf5ed46c02e','2015-04-07 21:10:36','9999-12-31 00:00:00','0'),(415,1,'2b8a1267-e652-45ee-94a2-79087108a1bb','2015-04-07 21:31:39','9999-12-31 00:00:00','0'),(416,770497583,'3ac44c5e-7482-481a-b343-0e5e8b09509f','2015-04-07 21:34:11','9999-12-31 00:00:00','0'),(417,1,'9c83ba1b-48c9-4ad4-9639-e2f4e53b9ebc','2015-04-07 22:07:45','9999-12-31 00:00:00','0');

/*Data for the table `user_type` */

insert  into `user_type`(`user_type_id`,`user_type`,`created_date`,`created_by`,`modified_date`,`modified_by`,`is_expired`) values (1,'USER','0000-00-00 00:00:00','SYSTEM','0000-00-00 00:00:00','SYSTEM','0');

/*!40101 SET SQL_MODE=@OLD_SQL_MODE */;
/*!40014 SET FOREIGN_KEY_CHECKS=@OLD_FOREIGN_KEY_CHECKS */;
/*!40014 SET UNIQUE_CHECKS=@OLD_UNIQUE_CHECKS */;
/*!40111 SET SQL_NOTES=@OLD_SQL_NOTES */;
