/*
SQLyog Ultimate v11.33 (64 bit)
MySQL - 5.5.41-0ubuntu0.14.04.1 : Database - ontarget
*********************************************************************
*/

/*!40101 SET NAMES utf8 */;

/*!40101 SET SQL_MODE=''*/;

/*!40014 SET @OLD_UNIQUE_CHECKS=@@UNIQUE_CHECKS, UNIQUE_CHECKS=0 */;
/*!40014 SET @OLD_FOREIGN_KEY_CHECKS=@@FOREIGN_KEY_CHECKS, FOREIGN_KEY_CHECKS=0 */;
/*!40101 SET @OLD_SQL_MODE=@@SQL_MODE, SQL_MODE='NO_AUTO_VALUE_ON_ZERO' */;
/*!40111 SET @OLD_SQL_NOTES=@@SQL_NOTES, SQL_NOTES=0 */;
CREATE DATABASE /*!32312 IF NOT EXISTS*/`ontarget` /*!40100 DEFAULT CHARACTER SET latin1 */;

USE `ontarget`;

/*Data for the table `accident_report` */

insert  into `accident_report`(`accident_report_id`,`project_id`,`submitted_to`,`supervisor_name`,`witness`,`location`,`brief_of_accident`,`severity`,`description`,`body_part_affected`,`date_of_accident`,`time_of_accident`,`injured_visited_doctor`,`workers_compensation_filed`,`injured_left_job`,`date_injured_left_job`,`time_injured_left_job`,`possible_preventive_measures`,`unsafe_conditions_corrected`,`correction_measures_performed`,`correction_measures_to_be_performed`) values (1,1,'Test Value','Test Value','Test Value','Test Value','Test Value','Test Value','Test Value','Test Value','2015-03-13','12345','YES','YES','YES','2015-03-13','Test Value','Test Value','YES','Test Value','Test Value'),(2,1,'1177202090','1177202090','1177202090','np','brief','High','desc','desc','2015-03-13','2015-03-28T18:15:00.000Z','NO','NO','NO',NULL,NULL,'hey','YES','hey hey',NULL),(3,1,'Test Value','Test Value','Test Value','Test Value','Test Value','Test Value','Test Value','Test ','2015-03-13','2015-03-13','T','Te','T','2015-03-13','T','Test','Y','Y','Y'),(4,1,'Test Value','Test Value','Test Value','Test Value','Test Value','Test Value','Test Value','Y','2015-03-10','12345','Y','Y','Y','2015-03-10','Te','Tes','Y','Y','Tes'),(5,1,'1177202090','1177202090','1177202090','NP','test','High','test','test','2015-03-30','2015-03-30T18:15:00.000Z','NO','NO','NO',NULL,NULL,'test','NO',NULL,'test');

/*Data for the table `activity_category` */

/*Data for the table `activity_log` */

insert  into `activity_log`(`id`,`text`,`user_id`,`category`,`ts_insert`,`project_id`) values (165,NULL,0,2,'2015-03-14 13:37:54',NULL),(166,'project 7 updated by 1',0,3,'2015-03-14 13:38:28',NULL),(167,'project 7 updated by 1',0,3,'2015-03-14 13:38:41',NULL),(168,'New task task1 of id 1 added by 1',0,4,'2015-03-14 13:53:02',NULL),(169,'New task hola of id 2 added by 1',0,4,'2015-03-14 15:02:17',NULL),(170,'New task hop of id 3 added by 1',0,4,'2015-03-14 15:08:00',NULL),(171,'New task hello hello of id 4 added by 1',0,4,'2015-03-14 15:10:17',NULL),(172,'New task hoho of id 5 added by 1',0,4,'2015-03-14 15:21:32',NULL),(173,'New task heh of id 6 added by 1',0,4,'2015-03-14 15:41:02',NULL),(174,'New task hey of id 7 added by 1',0,4,'2015-03-14 15:44:12',NULL),(175,'New task tuts of id 8 added by 1',0,4,'2015-03-14 15:44:35',NULL),(176,'New task haha of id 9 added by 1',0,4,'2015-03-14 15:45:28',NULL),(177,'New task haha of id 10 added by 1',0,4,'2015-03-14 15:46:41',NULL),(178,'New task hono of id 11 added by 1',0,4,'2015-03-14 15:48:55',NULL),(179,'New task haha of id 12 added by 1',0,4,'2015-03-14 15:53:48',NULL),(180,'New file IMG_5312.JPG uploaded for task 10 by user 1',0,10,'2015-03-14 15:56:30',NULL),(181,'New file file.pdf uploaded for task 10 by user 1',0,10,'2015-03-14 16:09:02',NULL),(182,'New planned cost added for task 10 by user 1',0,6,'2015-03-14 17:23:50',NULL),(183,'New planned cost added for task 10 by user 1',0,6,'2015-03-14 17:23:50',NULL),(184,'New planned cost added for task 10 by user 1',0,6,'2015-03-14 17:27:10',NULL),(185,'New planned cost added for task 10 by user 1',0,6,'2015-03-14 17:27:10',NULL),(186,'New assignee 1177202090 added for task 11',0,9,'2015-03-15 10:29:35',NULL),(187,'New assignee 1177202090 added for task 10',0,9,'2015-03-15 10:30:23',NULL),(188,'Task 1 is made dependent on task 1 by user 1',0,11,'2015-03-18 22:44:44',NULL),(189,'New task task1 of id 13 added by 1',0,4,'2015-03-18 22:44:48',NULL),(190,'New task task1 of id 14 added by 1',0,4,'2015-03-18 22:45:17',NULL),(191,'New task task1 of id 15 added by 1',0,4,'2015-03-18 22:47:06',NULL),(192,'New task task1 of id 16 added by 1',0,4,'2015-03-18 22:51:37',NULL),(193,'New task task1 of id 17 added by 1',0,4,'2015-03-18 22:56:51',NULL),(194,'New task task1 of id 18 added by 1',0,4,'2015-03-18 22:59:17',NULL),(195,NULL,0,2,'2015-03-25 22:22:53',NULL),(196,'task task1 of id 17 updated by 1',0,5,'2015-03-28 10:36:16',NULL),(197,'task task1 of id 17 updated by 1',0,5,'2015-03-28 10:36:47',NULL),(198,'New planned cost added for task 10 by user 1',0,6,'2015-03-28 19:40:03',NULL),(200,'project 6 updated by 1',0,3,'2015-04-05 21:34:15',NULL),(201,'project 7 updated by 1',0,3,'2015-04-05 21:34:15',NULL),(204,'project 1 updated by 1',0,3,'2015-04-05 21:55:13',NULL),(205,'New Activity project name added by sanjeev@ontargetcloud.com',1,2,'2015-04-09 08:00:59',0),(206,'New Activity project name added by sanjeev@ontargetcloud.com',1,2,'2015-04-09 08:02:37',1),(207,'New Activity project name added by sanjeev@ontargetcloud.com',1,2,'2015-04-09 08:03:28',1),(208,'Activity Simon and Barron WEA Residential updated by sanjeev@ontargetcloud.com',1,2,'2015-04-09 08:05:28',0),(209,'Activity project name updated by sanjeev@ontargetcloud.com',1,2,'2015-04-09 08:05:28',1),(210,'New Activity project name added by sanjeev@ontargetcloud.com',1,2,'2015-04-09 08:29:44',1),(211,'New Activity project name added by sanjeev@ontargetcloud.com',1,2,'2015-04-09 08:32:14',1),(212,'Activity project name updated by sanjeev@ontargetcloud.com',1,2,'2015-04-09 08:41:58',1),(213,'Activity project name updated by sanjeev@ontargetcloud.com',1,2,'2015-04-09 08:41:59',1),(214,NULL,1,2,'2015-04-09 08:42:21',1),(215,'New Activity project name added by sanjeev@ontargetcloud.com',1,2,'2015-04-09 19:50:05',1),(223,NULL,1,2,'2015-04-09 21:20:22',1),(224,'Activity project name2 updated by sanjeev@ontargetcloud.com',1,2,'2015-04-09 21:20:25',1),(225,'Activity project name3 updated by sanjeev@ontargetcloud.com',1,2,'2015-04-09 21:20:29',1),(226,'Activity project name4 updated by sanjeev@ontargetcloud.com',1,2,'2015-04-09 21:20:32',1),(227,'Activity project name2 updated by sanjeev@ontargetcloud.com',1,2,'2015-04-09 21:20:37',1),(228,'Activity project name3 updated by sanjeev@ontargetcloud.com',1,2,'2015-04-09 21:20:38',1),(229,'Activity project name1 updated by santosh8pun@gmail.com',1,2,'2015-04-09 21:47:57',1),(230,'Activity project name1 updated by santosh7pun@gmail.com',1,2,'2015-04-09 23:07:15',1),(231,'New Activity new project added by sanjeev@ontargetcloud.com',1,2,'2015-04-10 00:15:51',1),(232,'New Activity new project2 added by sanjeev@ontargetcloud.com',1,2,'2015-04-10 00:18:38',0),(233,'New Activity new project23 added by sanjeev@ontargetcloud.com',1,2,'2015-04-10 00:19:40',16),(234,'Activity activity1 updated by sanjeev@ontargetcloud.com',1,2,'2015-04-10 01:05:56',16),(235,'Activity main project2 updated by sanjeev@ontargetcloud.com',1,2,'2015-04-10 01:06:02',0),(236,'New Activity new project231 added by sanjeev@ontargetcloud.com',1,2,'2015-04-10 20:56:26',16),(237,'New Activity new project1231 added by sanjeev@ontargetcloud.com',1,2,'2015-04-10 21:00:57',16),(238,'Activity new project231 updated by sanjeev@ontargetcloud.com',1,2,'2015-04-11 01:12:41',16),(239,'New Activity new project1231 added by sanjeev@ontargetcloud.com',1,2,'2015-04-11 07:42:28',16),(240,'New task task134 added by sanjeev@ontargetcloud.com',1,4,'2015-04-11 08:21:38',NULL),(241,'New task task1 added by sanjeev@ontargetcloud.com',1,4,'2015-04-11 11:17:00',NULL),(242,'Task task task updated by sanjeev@ontargetcloud.com',1,5,'2015-04-11 13:27:10',NULL),(243,'New Activity proj5 added by sanjeev@ontargetcloud.com',1,2,'2015-04-11 22:04:49',1);

/*Data for the table `address` */

insert  into `address`(`address_id`,`address1`,`address2`,`city`,`state`,`zip`,`country`,`address_type`) values (1,'4750 59TH ST','#9C','WOODSIDE','NY','11377','USA','HOME'),(2,'393 West End Ave',NULL,'New York','NY','10024','USA','PROJECT'),(23,'pokhara','kathmandu','city','state','zip','country','PROJECT'),(24,'pokhara','kathmandu','city','state','zip','country','PROJECT'),(25,'pokhara','kathmandu','city','state','zip','country','PROJECT'),(26,'pokhara','kathmandu','city','state','zip','country','PROJECT'),(27,'393 West End Ave','pkr','pkr','NP','977','NP','PROJECT'),(28,'393 West End Ave','pkr','pkr','NP','977','NP','PROJECT'),(29,'393 West End Ave','pkr','pkr','NP','977','NP','PROJECT'),(30,'393 West End Ave','pkr','pkr','NP','977','NP','PROJECT'),(31,'393 West End Ave','pkr','pkr','NP','977','NP','PROJECT'),(32,'393 West End Ave','pkr','pkr','NP','977','NP','PROJECT'),(33,'393 West End Ave','pkr','pkr','NP','977','NP','PROJECT');

/*Data for the table `company_info` */

insert  into `company_info`(`company_id`,`company_name`,`company_type_id`,`address1`,`address2`,`city`,`state`,`zipcode`,`country`,`status`,`website`) values (1,'SIMON AND BARRON WEA RESIDENTIAL',1,'363 23rd st','Suite 2098','New York','NY','10001','USA','ACTIVE','http://www.ttg.com'),(2,'Ontarget',1,'pkr','ktm','pkr','NP','977','NP','ACTIVE',NULL),(3,'Home',3,'pkr','ktm','ktm','NP','977','NP','ACTIVE',NULL);

/*Data for the table `company_type` */

insert  into `company_type`(`company_type_id`,`company_type_name`,`created_date`,`created_by`,`modified_date`,`modified_by`,`deleted_date`,`deleted_by`,`status`,`delete_flag`) values (1,'GENERAL CONTRACTOR',NULL,'SYSTEM','0000-00-00 00:00:00','SYSTEM','0000-00-00 00:00:00',NULL,'ACTIVE',NULL),(2,'CONSTRUCTION MANAGER',NULL,'SYSTEM',NULL,'SYSTEM',NULL,NULL,'ACTIVE',NULL),(3,'SUB CONTRACTOR',NULL,'SYSTEM',NULL,'SYSTEM',NULL,NULL,'ACTIVE',NULL),(4,'OWNER',NULL,'SYSTEM',NULL,'SYSTEM',NULL,NULL,'ACTIVE',NULL),(5,'SPECIALITY CONTRACTOR',NULL,'SYSTEM',NULL,'SYSTEM',NULL,NULL,'ACTIVE',NULL),(6,'ARCHITECT/ENGINEERS',NULL,'SYSTEM',NULL,'SYSTE',NULL,NULL,'ACTIVE',NULL);

/*Data for the table `contact` */

insert  into `contact`(`contact_id`,`user_id`,`contact_company_id`,`title`,`first_name`,`last_name`,`address_id`,`date_of_birth`,`contact_method`,`created_date`,`created_by`,`modified_date`,`modified_by`,`contact_status`,`contact_image`) values (1,1,1,'CIO','Sanjeev','Ghimire',1,'1984-01-30','PHONE','2015-03-12 13:39:27',1,'2015-02-10 12:59:52',1,'ACTIVE','assets/profile/bsn.jpg'),(2,2,2,'Mr','Santosh','Pun',NULL,NULL,NULL,'2015-04-09 21:31:04',0,'2015-04-09 21:31:04',0,'ACTIVE',''),(3,3,3,'Mr','Santosh','Pun',NULL,NULL,NULL,'2015-04-09 22:58:55',0,'2015-04-09 22:58:55',0,'ACTIVE','');

/*Data for the table `countries` */

/*Data for the table `dependent_task` */

insert  into `dependent_task`(`id`,`task_id`,`dependent_task_id`,`category_id`,`created_by`,`ts_insert`) values (1,1,1,1,1,'2015-03-18 22:44:44');

/*Data for the table `discipline` */

insert  into `discipline`(`id`,`name`,`info`,`ts_insert`) values (1,'masonry','Masonry','2015-01-10 01:04:58'),(2,'plumbing','Plumbing','2015-01-10 01:04:58'),(3,'electrical','Electrical','2015-01-10 01:04:58'),(4,'mechanical','Mechanical','2015-01-10 01:04:58'),(5,'Interiors','Interiors','2015-01-10 01:04:58'),(6,'landscaping','Landscaping','2015-01-10 01:04:58'),(7,'bridges','Bridges','2015-01-10 01:04:58'),(8,'tunnels','Tunnels','2015-01-10 01:04:58'),(9,'design','Design','2015-01-10 01:04:58');

/*Data for the table `document` */

insert  into `document`(`document_id`,`document_template_id`,`name`,`status`,`created_by`,`created_date`,`modified_by`,`modified_date`,`project_id`,`due_date`) values (4,21,'CO Document','APPROVED',1,'2015-03-14 12:53:37',1,'2015-04-11 13:26:15',1,'2015-03-13 00:00:00'),(5,20,'test doc','SUBMITTED',1,'2015-03-27 16:49:05',1,'2015-03-27 16:49:05',0,'2015-03-10 00:00:00'),(13,20,'test doc','SUBMITTED',1,'2015-03-27 17:59:38',1,'2015-03-28 19:29:35',0,'2015-03-10 00:00:00');

/*Data for the table `document_attachment` */

insert  into `document_attachment`(`document_attachment_id`,`document_id`,`file_path`,`created_by`,`created_date`,`modified_by`,`modified_date`) values (1,13,'/home/ontargetrs/sa.jpg',1,'2015-03-28 19:28:11',1,'2015-03-28 19:28:11');

/*Data for the table `document_grid_key_value` */

insert  into `document_grid_key_value`(`document_id`,`grid_id`,`grid_row_index`,`key`,`value`,`created_by`,`created_date`,`modified_by`,`modified_date`,`document_grid_key_value_id`) values (13,'C000',1,'gridkey1','gridkeyvalue',1,'2015-03-27 17:59:38',1,'2015-03-27 17:59:38',1);

/*Data for the table `document_key_value` */

insert  into `document_key_value`(`document_id`,`key`,`value`,`created_by`,`created_date`,`modified_by`,`modified_date`,`document_key_value_id`) values (4,'username','1177202090',1,'2015-03-14 12:53:37',1,'2015-03-14 12:53:37',1),(4,'company_name','1',1,'2015-03-14 12:53:37',1,'2015-03-14 12:53:37',2),(4,'change_order','CP-201',1,'2015-03-14 12:53:37',1,'2015-03-14 12:53:37',3),(4,'location','np',1,'2015-03-14 12:53:37',1,'2015-03-14 12:53:37',4),(4,'subject','np',1,'2015-03-14 12:53:37',1,'2015-03-14 12:53:37',5),(4,'description_of_scope','np',1,'2015-03-14 12:53:37',1,'2015-03-14 12:53:37',6),(4,'contract_no','99',1,'2015-03-14 12:53:37',1,'2015-03-14 12:53:37',7),(4,'contract_title','99',1,'2015-03-14 12:53:37',1,'2015-03-14 12:53:37',8),(4,'date_created','2015-03-13T18:15:00.000Z',1,'2015-03-14 12:53:37',1,'2015-03-14 12:53:37',9),(4,'priority','High',1,'2015-03-14 12:53:37',1,'2015-03-14 12:53:37',10),(4,'discipline','MECHANICAL',1,'2015-03-14 12:53:37',1,'2015-03-14 12:53:37',11),(4,'category','ERRORS',1,'2015-03-14 12:53:37',1,'2015-03-14 12:53:37',12),(4,'schedule_impact','YES',1,'2015-03-14 12:53:37',1,'2015-03-14 12:53:37',13),(4,'cost_impact','YES',1,'2015-03-14 12:53:37',1,'2015-03-14 12:53:37',14),(4,'time_impact','9',1,'2015-03-14 12:53:37',1,'2015-03-14 12:53:37',15),(4,'specification','99',1,'2015-03-14 12:53:37',1,'2015-03-14 12:53:37',16),(4,'drawing_no','99',1,'2015-03-14 12:53:37',1,'2015-03-14 12:53:37',17),(4,'cost_code','99',1,'2015-03-14 12:53:37',1,'2015-03-14 12:53:37',18),(4,'total_change_order_amount','99',1,'2015-03-14 12:53:37',1,'2015-03-14 12:53:37',19),(13,'name','Santosh Pun',1,'2015-03-27 17:59:38',1,'2015-03-27 17:59:38',25);

/*Data for the table `document_submittal` */

insert  into `document_submittal`(`document_submittal_id`,`document_id`,`assignee_user_id`,`created_by`,`created_date`,`modified_by`,`modified_date`) values (1,4,1,1,'2015-04-06 22:10:41',NULL,NULL);

/*Data for the table `document_template` */

insert  into `document_template`(`document_template_id`,`name`,`created_by`,`created_date`,`modified_by`,`modfied_date`) values (20,'Purchase Order',0,'2015-01-10 01:04:58',0,'2015-01-10 01:04:58'),(21,'Change Order',0,'2015-01-10 01:04:58',0,'2015-01-10 01:04:58'),(22,'Request For Information',0,'2015-01-10 01:04:58',0,'2015-01-10 01:04:58'),(23,'Transmittal',0,'2015-01-10 01:04:58',0,'2015-01-10 01:04:58');

/*Data for the table `email` */

/*Data for the table `email_templates` */

/*Data for the table `forgot_password_request` */

/*Data for the table `phone` */

insert  into `phone`(`phone_id`,`contact_id`,`area_code`,`phone_number`,`phone_type`,`status`) values (5,1,977,'9808123456','CELL','ACTIVE'),(6,2,977,'9808639594','CELL','ACTIVE'),(7,3,977,'9808639594','CELL','ACTIVE');

/*Data for the table `planned_actuals_cost` */

/*Data for the table `project` */

insert  into `project`(`project_id`,`project_code`,`project_name`,`project_owner_id`,`project_type_id`,`project_parent_id`,`project_assignee`,`project_description`,`project_image`,`project_start_date`,`project_end_date`,`project_status`,`company_id`,`address_id`,`created_date`,`created_by`,`modified_date`,`modified_by`,`project_image_path`,`type`) values (1,'SIM_BARR','Simon and Barron WEA Residential',1,1,0,NULL,'With objective to develop a comprehensive Model for 200,000 sqft Renovation Project. The challenge was to do a complete survey of the existing system in detail to include in the Model. Our team successfully provided Architecture, Structure, Mechanical , Electrical and Plumbing and identified clashes. We also provided solutions for resolving conflicts and innovative approaches for coordination.',NULL,'2015-01-08 23:00:00','2015-12-31 23:00:00','1',1,2,NULL,1,'2015-01-09 23:00:07',1,'393wea_web.jpg','MAIN_PROJECT'),(12,NULL,'project name1',2,1,1,NULL,'project desc',NULL,'2015-04-07 00:00:00','2015-04-30 00:00:00','1',1,23,'2015-04-09 08:03:28',1,'2015-04-09 08:03:28',1,NULL,'PROJECT'),(13,NULL,'project name2',1,1,1,NULL,'project desc',NULL,'2015-04-07 00:00:00','2015-04-30 00:00:00','1',1,24,'2015-04-09 08:29:44',1,'2015-04-09 08:29:44',1,NULL,'PROJECT'),(14,NULL,'project name3',1,1,1,NULL,'project desc',NULL,'2015-04-07 00:00:00','2015-04-30 00:00:00','1',1,25,'2015-04-09 08:32:14',1,'2015-04-09 08:32:14',1,NULL,'PROJECT'),(15,NULL,'project name4',1,1,1,NULL,'project desc',NULL,'2015-04-07 00:00:00','2015-04-30 00:00:00','1',1,26,'2015-04-09 19:50:05',1,'2015-04-09 19:50:05',1,NULL,'PROJECT'),(16,NULL,'new project',1,1,1,NULL,'new',NULL,'2015-04-10 00:00:00','2015-06-05 00:00:00','1',1,27,'2015-04-10 00:15:51',1,'2015-04-10 00:15:51',1,NULL,'PROJECT'),(17,NULL,'main project2',1,1,0,NULL,'new',NULL,'2015-04-10 00:00:00','2015-06-05 00:00:00','1',1,28,'2015-04-10 00:18:38',1,'2015-04-10 00:18:38',1,NULL,'MAIN_PROJECT'),(18,NULL,'activity1',1,1,16,NULL,'new',NULL,'2015-04-10 00:00:00','2015-06-05 00:00:00','1',1,29,'2015-04-10 00:19:40',1,'2015-04-10 00:19:40',1,NULL,'ACTIVITY'),(19,NULL,'new project231',1,1,16,NULL,'new',NULL,'2015-04-10 00:00:00','2015-06-05 00:00:00','2',1,30,'2015-04-10 20:56:25',1,'2015-04-10 20:56:25',1,NULL,'ACTIVITY'),(20,NULL,'new project1231',1,1,16,NULL,'new',NULL,'2015-04-10 00:00:00','2015-06-05 00:00:00','1',1,31,'2015-04-10 21:00:57',1,'2015-04-10 21:00:57',1,NULL,'ACTIVITY'),(21,NULL,'new project1231',1,1,16,NULL,'new',NULL,'2015-04-10 00:00:00','2015-06-05 00:00:00','1',1,32,'2015-04-11 07:42:28',1,'2015-04-11 07:42:28',1,NULL,'ACTIVITY'),(22,NULL,'proj5',1,1,1,NULL,'proj',NULL,'2015-04-11 00:00:00','2015-04-30 00:00:00','1',1,33,'2015-04-11 22:04:49',1,NULL,NULL,NULL,'PROJECT');

/*Data for the table `project_activities` */

/*Data for the table `project_category` */

/*Data for the table `project_file` */

insert  into `project_file`(`project_file_id`,`file_name`,`project_id`,`created_date`,`created_by`,`file_type`) values (1,'bsn_bsn.jpg',1,'2015-03-13 16:35:15',1,'image/jpeg'),(2,'IMG_7491.JPG',1,'2015-03-13 16:36:26',1,'image/jpeg'),(3,'file.pdf',1,'2015-03-14 12:37:33',1,'application/pdf'),(4,'Details 3.pdf',1,'2015-03-28 19:46:51',1,'application/pdf'),(5,'handson-nodejs-sample.pdf',1,'2015-03-31 23:45:46',1,'application/pdf');

/*Data for the table `project_member` */

insert  into `project_member`(`project_member_id`,`project_id`,`user_id`,`member_status`) values (17,1,1,'ACTIVE'),(18,1,2,'ACTIVE'),(19,1,3,'ACTIVE');

/*Data for the table `project_task` */

insert  into `project_task`(`project_task_id`,`project_id`,`title`,`parent_task_id`,`status`,`start_date`,`end_date`,`created_date`,`created_by`,`modified_date`,`modified_by`,`severity`,`description`) values (7,12,'task1',12,'1','2015-04-09','2015-04-16','2015-04-09 21:17:37',1,'2015-04-09 21:17:37',1,'1','task1'),(8,12,'task1',12,'1','2015-04-09','2015-04-30','2015-04-09 21:17:50',1,'2015-04-09 21:17:50',1,'1','task1'),(9,12,'building interior',12,'1','2015-04-16','2015-04-17','2015-04-09 23:28:08',3,'2015-04-09 23:28:08',3,'2','interior'),(10,16,'task task',10,'1','2015-04-10','2015-04-16','2015-04-11 08:21:38',1,'2015-04-11 13:27:10',1,'2','task'),(11,12,'task1',12,'1','2015-04-09','2015-04-30','2015-04-11 11:16:59',1,NULL,NULL,'1','task1');

/*Data for the table `project_task_comments` */

/*Data for the table `project_task_files` */

/*Data for the table `project_type` */

insert  into `project_type`(`project_type_id`,`project_type_name`,`created_date`,`created_by`,`modified_date`,`modified_by`,`delete_flag`,`deleted_date`,`deleted_by`,`status`) values (1,'COMMERCIAL','0000-00-00 00:00:00','SYSTEM','0000-00-00 00:00:00','SYSTEM',NULL,NULL,NULL,'ACTIVE'),(2,'RESIDENTIAL','0000-00-00 00:00:00','SYSTEM','0000-00-00 00:00:00','SYSTEM',NULL,NULL,NULL,'ACTIVE'),(3,'INFRASTRUCTURE','0000-00-00 00:00:00','SYSTEM','0000-00-00 00:00:00','SYSTEM',NULL,NULL,NULL,'ACTIVE'),(4,'MEDICAL','0000-00-00 00:00:00','SYSTEM','0000-00-00 00:00:00','SYSTEM',NULL,NULL,NULL,'ACTIVE');

/*Data for the table `project_wall_post` */

/*Data for the table `registration_request` */

insert  into `registration_request`(`id`,`registration_token`,`project_id`,`first_name`,`last_name`,`email`,`company_name`,`phone_number`,`msg`,`status`,`ts_create`,`user_id`,`name`) values (1,'25144585657679085569687465420003197004675442438135148533719',1,'Santosh','Pun','santosh7pun@gmail.com',NULL,NULL,NULL,'ACCT_NEW','2015-04-09 21:28:06',2,NULL),(3,'680253301170766157484079574362950236876346915699494890162895',1,'Santosh','Pun','santosh8pun@gmail.com',NULL,NULL,NULL,'ACCT_INVITE','2015-04-09 22:56:19',3,NULL);

/*Data for the table `shops` */

insert  into `shops`(`id`,`employees_number`,`name`) values (1,1,'Santosh Pun'),(2,2,'sa'),(3,3,'sa'),(4,4,'sa');

/*Data for the table `states` */

/*Data for the table `task_assignee` */

insert  into `task_assignee`(`task_assignee_id`,`project_task_id`,`task_assignee`,`created_by`,`created_date`,`modified_by`,`modified_date`) values (3,7,1,1,'2015-04-09 23:50:02',1,'2015-04-09 23:50:02'),(4,7,3,1,'2015-04-09 23:50:12',1,'2015-04-09 23:50:12');

/*Data for the table `task_comment` */

insert  into `task_comment`(`task_comment_id`,`task_id`,`comment`,`commented_by`,`commented_date`,`comment_status`) values (1,7,'no comment',1,'2015-04-09 21:18:31','ACTIVE'),(2,10,'no',1,'2015-04-11 08:46:15','ACTIVE');

/*Data for the table `task_percentage_log` */

/*Data for the table `task_status` */

insert  into `task_status`(`task_status_id`,`status_code`,`status_name`,`status_description`) values (1,'ACTIVE','Active','Active Status'),(2,'ONGOING','Ongoing','Ongoing Status'),(3,'COMPLETED','Completed','Completed Status'),(4,'PENDING','Pending','Pending Status');

/*Data for the table `user` */

insert  into `user`(`user_id`,`user_name`,`user_type_id`,`password`,`salt`,`user_status`,`discipline`,`number_of_login`,`modified_date`,`account_status`) values (1,'sanjeev@ontargetcloud.com',1,'6985100076734889696884510487703784506283987032654085698965072647673440244733318949135535660709518102676376586750551229572132175259554869201511778705155270','62249693641032759913716287137561156746752671828656674051366265712056798456644207478076905749691276498065400198845259672176212717989470906284095601846366897104911858816776975760866270014051023992186702622773557871435549271438937976187315268535491988568179447691222423203327922924905197635365401894452464545858','1',1,1,'2014-11-05 02:30:40','ACTIVE'),(2,'santosh7pun@gmail.com',1,'2186740870549964514478769896638898290444330303545968744384953483293676590420849578543530639961396552540297938235559919960256393714225151055692237071345936','65646464909998400254446672063682678927326216014103140563388149191607299224582105259355968537542213679640413423995618924485713206570610824344230557551907619162534612909618250511281632379136634045881299265954482000461305194429478092097918481815431683931229010429974953919940608272761146322608108068492337849594','1',3,1,'2015-04-09 21:28:54','ACTIVE'),(3,'santosh8pun@gmail.com',1,'3676123002352938451266204335225421339494928844255673187203683006237356429992951392172786225745899744005982389550867774911100623152171654547823268196010092','75236625759841682967260497316814965493075283826271284858436896761745736280406466160928869734190637734303343801754592154724725020003811445571890880823292906306704369157220313870570896634275269307263454332966513810925037394087892746475421092685256117447406362063874215024821459427590449631271822965487805186319','1',5,1,'2015-04-09 22:57:33','ACTIVE');

/*Data for the table `user_groups` */

/*Data for the table `user_notification` */

insert  into `user_notification`(`id`,`last_seen_at`,`status`,`text`,`ts_insert`,`user_id`) values (1,NULL,'NEW','Notification1','2015-04-05 21:25:07',1),(3,NULL,'NEW','Notification2','2015-04-05 21:25:22',1),(5,NULL,'NEW','project 6 updated by 1','2015-04-05 21:34:15',1),(6,NULL,'NEW','project 7 updated by 1','2015-04-05 21:34:15',1),(9,NULL,'NEW','project 1 updated by 1','2015-04-05 21:55:13',1),(10,NULL,'NEW','Activity new project231 added by sanjeev@ontargetcloud.com','2015-04-10 20:56:26',1),(11,NULL,'NEW','Activity new project1231 added by sanjeev@ontargetcloud.com','2015-04-10 21:00:57',1),(12,NULL,'NEW','New project 19  updated by sanjeev@ontargetcloud.com','2015-04-11 01:12:41',1),(13,NULL,'NEW','Activity new project1231 added by sanjeev@ontargetcloud.com','2015-04-11 07:42:28',1),(14,NULL,'NEW','New task task134 added by sanjeev@ontargetcloud.com','2015-04-11 08:21:38',1),(15,NULL,'NEW','New task task1 added by sanjeev@ontargetcloud.com','2015-04-11 11:17:00',1),(16,NULL,'NEW','Task of id 10 updated by sanjeev@ontargetcloud.com','2015-04-11 13:27:10',1),(17,NULL,'NEW','Activity proj5 added by sanjeev@ontargetcloud.com','2015-04-11 22:04:49',1);

/*Data for the table `user_notification_attribute` */

insert  into `user_notification_attribute`(`id`,`attribute_key`,`attribute_value`,`user_notification_id`) values (1,'notificationType','PROJECT',1),(2,'notificationId','1',1),(3,'notificationType','PROJECT',3),(4,'notificationId','1',3),(5,'notificationType','PROJECT',10),(6,'notificationId','1',10),(7,'notificationType','PROJECT',11),(8,'notificationId','20',11),(9,'notificationType','PROJECT',12),(10,'notificationId','19',12),(11,'notificationType','PROJECT',13),(12,'notificationId','21',13),(13,'notificationType','TASK',14),(14,'notificationId','16',14),(15,'notificationType','TASK',15),(16,'notificationId','11',15),(17,'notificationType','TASK',16),(18,'notificationId','10',16),(19,'notificationType','PROJECT',17),(20,'notificationId','22',17);

/*Data for the table `user_safety_info` */

insert  into `user_safety_info`(`id`,`name`,`info`,`discipline_id`,`ts_create`) values (2,'10 fingers, 10 toes 2 eyes 1 nose…safety counts','',1,'2014-12-03 03:26:53'),(3,'10 fingers. 10 toes, If you are not safe Who knows?','',2,'2014-12-03 03:26:53'),(4,'A clean floor everyday keeps lost days away.','',3,'2014-12-03 03:26:53'),(5,'A spill, a slip, a hospital trip','',4,'2014-12-03 03:26:53'),(6,'A tree never hits an automobile except in self defense','',5,'2014-12-03 03:26:53'),(7,'Accidents Big Or Small, Avoid Them All','',1,'2014-12-03 03:26:53'),(8,'Accidents hurt, Safety doesn’t.','',2,'2014-12-03 03:26:53'),(9,'An ounce of prevention is worth a pound of cure','',3,'2014-12-03 03:26:53'),(10,'Are you part of the safety TEAM….(Together Employees Accomplish More)','',4,'2014-12-03 03:26:53'),(11,'Arms work best when attached to the body','',5,'2014-12-03 03:26:54'),(12,'At work at play, let safety lead the way.','',1,'2014-12-03 03:26:54'),(13,'Avoid the worst. Put safety first.','',2,'2014-12-03 03:26:54'),(14,'Be a safety hero – score an accident zero','',3,'2014-12-03 03:26:54'),(15,'Be alert! Accidents hurt.','',4,'2014-12-03 03:26:54'),(16,'Be aware Take care','',5,'2014-12-03 03:26:54'),(17,'Before you do it, take time to think through it.','',1,'2014-12-03 03:26:54'),(18,'Behind the wheel, anger is one letter away from danger.','',2,'2014-12-03 03:26:54'),(19,'Being safe is in your own hands.','',3,'2014-12-03 03:26:54'),(20,'Best gift you can give your family is YOU! Please be safe','',4,'2014-12-03 03:26:54'),(21,'Break the drive and arrive alive.','',5,'2014-12-03 03:26:54'),(22,'Chance takers are accident makers','',2,'2014-12-03 03:26:54'),(23,'Choose safety, for your family.','',1,'2014-12-03 03:26:54'),(24,'Click clack front and back.','',3,'2014-12-03 03:26:55'),(25,'Click it or ticket!','',4,'2014-12-03 03:26:55'),(26,'Computer problems you can avoid, so you don’t have to get paranoid.','',1,'2014-12-03 03:26:55'),(27,'Courtesy and common sense promote safety.','',2,'2014-12-03 03:26:55'),(28,'Courtesy is contagious','',1,'2014-12-03 03:26:55'),(29,'Dare to be aware.','',4,'2014-12-03 03:26:55'),(30,'Do you have eye for safety or are you blinded by bad habits','',1,'2014-12-03 03:26:55'),(31,'Doesn’t matter how far. JUST BELT UP!','',2,'2014-12-03 03:26:55'),(32,'Don’t be a fool, cause safety is cool, so make that your rule.','',3,'2014-12-03 03:26:55'),(33,'Don’t be a fool. Use the proper tool.','',5,'2014-12-03 03:26:55'),(34,'Don’t be hasty when it comes to safety.','',1,'2014-12-03 03:26:55'),(35,'Don’t be safety blinded, be safety minded.','',2,'2014-12-03 03:26:55'),(36,'Don’t learn safety by accident.','',3,'2014-12-03 03:26:55'),(37,'Don’t leave Private information on a public computer screen','',4,'2014-12-03 03:26:55'),(38,'Eyes are priceless, eye protection is cheap.','',5,'2014-12-03 03:26:55'),(39,'Falling objects can be brutal if you don’t protect your noodle.','',2,'2014-12-03 03:26:55'),(40,'Fingers toes, If you are not safe Who knows?','',3,'2014-12-03 03:26:55'),(41,'Forget the nurse with safety first.','',4,'2014-12-03 03:26:55'),(42,'Forgot your hearing protection? Forget about hearing!','',5,'2014-12-03 03:26:55'),(43,'Get in high speed pursuit of safety','',1,'2014-12-03 03:26:56'),(44,'Get smart! Use safety from the start.','',2,'2014-12-03 03:26:56'),(45,'Give them a Brake!','',3,'2014-12-03 03:26:56'),(46,'Got crazy with the lighter? Call a firefighter.','',4,'2014-12-03 03:26:56'),(47,'Hard hats, they’re not just for decoration','',5,'2014-12-03 03:26:56'),(48,'Have another day by being safe today!','',1,'2014-12-03 03:26:56'),(49,'Hearing protection is a sound investment.','',1,'2014-12-03 03:26:56'),(50,'Housekeeping you skip may cause a fall or slip.','',1,'2014-12-03 03:26:56'),(51,'If everything comes your way, you are in the wrong lane.','',1,'2014-12-03 03:26:56'),(52,'If they email you asking for cash, be sure to throw it in the trash.','',1,'2014-12-03 03:26:56'),(53,'If they email you asking for Money, Say no thanks I won’t fall for it honey.','',2,'2014-12-03 03:26:56'),(54,'If you don’t know the sender, it might be a pretender','',3,'2014-12-03 03:26:56'),(55,'If you don’t think it will happen to you, find the person who had it happen to them','',1,'2014-12-03 03:26:56'),(56,'If you mess up, ‘fess up','',1,'2014-12-03 03:26:56'),(57,'Is better to lose one minute in life… than to lose life in a minute.','',1,'2014-12-03 03:26:56'),(58,'It only takes one mistake to bring us all down; don’t let it be yours!','',1,'2014-12-03 03:26:57'),(59,'It’s easier to ask a dumb question than it is to fix a dumb mistake','',1,'2014-12-03 03:26:57'),(60,'Keep a grip on life and protect your hands','',1,'2014-12-03 03:26:57'),(61,'Keep safety in mind. It will save your behind.','',1,'2014-12-03 03:26:57'),(62,'Keeping your work area clean, helps keep hazards from being unseen.','',1,'2014-12-03 03:26:57'),(63,'Knock out…accidents','',1,'2014-12-03 03:26:57'),(64,'Know safety – no pain','',1,'2014-12-03 03:26:57'),(65,'Know safety No Accidents','',1,'2014-12-03 03:26:57'),(66,'Lead the way, safety today.','',1,'2014-12-03 03:26:57'),(67,'Learn from others mistakes, don’t have others learn from you.','',1,'2014-12-03 03:26:57'),(68,'Let’s all keep our heads, and other body parts, together','',1,'2014-12-03 03:26:57'),(69,'Life’s short, don’t rush it','',1,'2014-12-03 03:26:57'),(70,'Light up your tree – not your home','',1,'2014-12-03 03:26:57'),(71,'Make it your mission, not to live in unsafe condition.','',1,'2014-12-03 03:26:57'),(72,'Make safety a reality and don’t be a fatality','',1,'2014-12-03 03:26:57'),(73,'My job provides my paycheck, but safety takes me home.','',1,'2014-12-03 03:26:57'),(74,'Near miss reported today, is the accident that does not happen tomorrow.','',1,'2014-12-03 03:26:57'),(75,'Never drive faster than your guardian angel can fly','',1,'2014-12-03 03:26:57'),(76,'Never give safety a day off','',1,'2014-12-03 03:26:57'),(77,'No Belt. No Brains','',1,'2014-12-03 03:26:57'),(78,'No safety – know pain','',1,'2014-12-03 03:26:57'),(79,'One bad day at the grinder could ruin your whole life','',1,'2014-12-03 03:26:57'),(80,'Only You can prevent forest fires!','',1,'2014-12-03 03:26:57'),(81,'Pencils have erasers–mishaps don’t!','',1,'2014-12-03 03:26:58'),(82,'Prevent a jam, don’t open spam','',1,'2014-12-03 03:26:58'),(83,'Protect your hands, you need them to pick up your pay check','',1,'2014-12-03 03:26:58'),(84,'Quench the thirst – safety first','',1,'2014-12-03 03:26:58'),(85,'Replacing a saw guard is easier than replacing a finger','',1,'2014-12-03 03:26:58'),(86,'Safe crane operation is uplifting','',1,'2014-12-03 03:26:58'),(87,'Safety – A small investment for a rich future','',1,'2014-12-03 03:26:58'),(88,'Safety by Choice, Not by Chance.','',1,'2014-12-03 03:26:58'),(89,'Safety comes in a can, I can, You can, We can be safe.','',1,'2014-12-03 03:26:58'),(90,'Safety doesn’t happen by accident','',1,'2014-12-03 03:26:58'),(91,'Safety first makes us last.','',1,'2014-12-03 03:26:58'),(92,'Safety First, Avoid the Worst.','',1,'2014-12-03 03:26:58'),(93,'Safety first, to last.','',1,'2014-12-03 03:26:58'),(94,'Safety first…because accidents last.','',1,'2014-12-03 03:26:58'),(95,'Safety fits like a glove; Try one on.','',1,'2014-12-03 03:26:58'),(96,'Safety Glasses – All in favor say EYE','',1,'2014-12-03 03:26:58'),(97,'Safety in – we win','',1,'2014-12-03 03:26:58'),(98,'Safety is a cheap and effective insurance policy','',1,'2014-12-03 03:26:58'),(99,'Safety is a continuing journey, not a final destination.','',1,'2014-12-03 03:26:58'),(100,'Safety is a frame of mind – So concentrate on it all the time.','',1,'2014-12-03 03:26:59'),(101,'Safety is a Frame of Mind, Get the Picture.','',1,'2014-12-03 03:26:59'),(102,'Safety is a full time job – don’t make it a part time practice','',1,'2014-12-03 03:26:59'),(103,'Safety is a mission not an intermission','',1,'2014-12-03 03:26:59'),(104,'Safety is about doing the right thing, even if no one is looking.','',1,'2014-12-03 03:26:59'),(105,'Safety is as simple as ABC – Always Be Careful','',1,'2014-12-03 03:26:59'),(106,'Safety is like a lock – But you are the key.','',1,'2014-12-03 03:26:59'),(107,'Safety is no accident','',1,'2014-12-03 03:26:59'),(108,'Safety is success by purpose – Not Accident.','',1,'2014-12-03 03:26:59'),(109,'Safety isn’t a hobby, it’s a living.','',1,'2014-12-03 03:26:59'),(110,'Safety isn’t expensive it’s priceless.','',1,'2014-12-03 03:26:59'),(111,'Safety isn’t just a slogan, it’s a way of life.','',1,'2014-12-03 03:26:59'),(112,'Safety makes good dollars and sense','',1,'2014-12-03 03:26:59'),(113,'Safety rules are there to follow. So take care and we will see you tomorrow.','',1,'2014-12-03 03:26:59'),(114,'Safety rules are your best tools.','',1,'2014-12-03 03:26:59'),(115,'Safety saves, Accidents cost you.','',1,'2014-12-03 03:26:59'),(116,'Safety starts with “S” but begins with “YOU”.','',1,'2014-12-03 03:27:00'),(117,'Safety starts with me.','',1,'2014-12-03 03:27:00'),(118,'Safety: more fun than running with scissors','',1,'2014-12-03 03:27:00'),(119,'Safety… It can charm you, or ALARM you!','',1,'2014-12-03 03:27:00'),(120,'Safety…Did it, done it, doing it tomorrow','',1,'2014-12-03 03:27:00'),(121,'Safety…one habit you never need to break','',1,'2014-12-03 03:27:00'),(122,'Save tomorrow. Think safety today.','',1,'2014-12-03 03:27:00'),(123,'Seat Belts are for kids – Hug them at home – Belt them in the car','',1,'2014-12-03 03:27:00'),(124,'Seatbelts save lives. Buckle up everytime.','',1,'2014-12-03 03:27:00'),(125,'Shortcuts cut life short','',1,'2014-12-03 03:27:00'),(126,'Speed Thrills but Kills.','',1,'2014-12-03 03:27:00'),(127,'Stay safe, someone at home is waiting for you.','',1,'2014-12-03 03:27:00'),(128,'Stop drop & roll','',1,'2014-12-03 03:27:00'),(129,'Success is no accident','',1,'2014-12-03 03:27:00'),(130,'The best car safety device is a rear-view mirror with a cop in it.','',1,'2014-12-03 03:27:00'),(131,'The door to Safety swings on the hinges of common sense','',1,'2014-12-03 03:27:00'),(132,'The only trip you take should be on vacation.','',1,'2014-12-03 03:27:00'),(133,'The safe way is the only way.','',1,'2014-12-03 03:27:00'),(134,'The stupid shall be punished','',1,'2014-12-03 03:27:00'),(135,'Think Safety, Because I Love You Man.','',1,'2014-12-03 03:27:00'),(136,'Think sharp….never handle broken glass with bare hands.','',1,'2014-12-03 03:27:00'),(137,'Think smart before you start.','',1,'2014-12-03 03:27:00'),(138,'Those precious fingers don’t ignore, Or they could end up on the floor.','',1,'2014-12-03 03:27:00'),(139,'Those who work the safest way- live to see another day','',1,'2014-12-03 03:27:01'),(140,'To avoid a scene keep your work place clean.','',1,'2014-12-03 03:27:01'),(141,'To prevent a drastic call, Install a firewall','',1,'2014-12-03 03:27:01'),(142,'Tomorrow: Your reward for working safely today.','',1,'2014-12-03 03:27:01'),(143,'Trying to make up time could cost you your life.','',1,'2014-12-03 03:27:01'),(144,'Unsafe acts will keep you in stitches','',1,'2014-12-03 03:27:01'),(145,'Watch where you walk or you might need a walker.','',1,'2014-12-03 03:27:01'),(146,'Watch your step – it could be your last tomorrow','',1,'2014-12-03 03:27:01'),(147,'whats holding you back?','',1,'2014-12-03 03:27:01'),(148,'When you gamble with safety ..You bet your life.','',1,'2014-12-03 03:27:01'),(149,'While on a ladder, never step back to admire your work','',1,'2014-12-03 03:27:01'),(150,'Wipe Up and avoid a Slip Up!','',1,'2014-12-03 03:27:01'),(151,'Work safe today–heaven can wait.','',1,'2014-12-03 03:27:01'),(152,'Work together…work safely.','',1,'2014-12-03 03:27:01'),(153,'Working safely may get old, but so do those who practice it.','',1,'2014-12-03 03:27:01'),(154,'Your first mistake could be your last','',1,'2014-12-03 03:27:01'),(155,'Your reward for working safely today.','',1,'2014-12-03 03:27:01'),(156,'Your wife will spend your 401K; If you get killed at work today.','',1,'2014-12-03 03:27:01'),(157,'Protect your hands, you need them to pick up your pay check','',1,'2014-12-03 03:27:01'),(158,'Your wife will spend your 401K; If you get killed at work today','',1,'2014-12-03 03:27:01'),(159,'Safety…Did it, done it, doing it tomorrow','',1,'2014-12-03 03:27:01'),(160,'Watch your step - it could be your last tomorrow','',1,'2014-12-03 03:27:01'),(161,'Those precious fingers don’t ignore. . . Or they could end up on the floor','',1,'2014-12-03 03:27:01'),(162,'Your reward for working safely today.','',1,'2014-12-03 03:27:02'),(163,'Those who work the safest way- live to see another day','',1,'2014-12-03 03:27:02'),(164,'Get in high speed pursuit of safety','',1,'2014-12-03 03:27:02'),(165,'Seat Belts are for kids - Hug them at home - Belt them in the car','',1,'2014-12-03 03:27:02'),(166,'Safe crane operation is uplifting','',1,'2014-12-03 03:27:02'),(167,'Pencils have erasers–mishaps don’t!','',1,'2014-12-03 03:27:02'),(168,'Work safe today–heaven can wait.','',1,'2014-12-03 03:27:02'),(169,'Safety is a mission not an intermission','',1,'2014-12-03 03:27:02'),(170,'Safety doesn’t happen by accident','',1,'2014-12-03 03:27:02'),(171,'A spill, a slip, a hospital trip ','',1,'2014-12-03 03:27:02'),(172,'Falling objects can be brutal if you don’t protect your noodle','',1,'2014-12-03 03:27:02'),(173,'Safety glasses: All in favor say “Eye!”','',1,'2014-12-03 03:27:02'),(174,'It’s easier to ask a dumb question than it is to fix a dumb mistake','',1,'2014-12-03 03:27:02'),(175,'Safety isn’t a hobby, it’s a living.','',1,'2014-12-03 03:27:02'),(176,'Safety - A small investment for a rich future','',1,'2014-12-03 03:27:02'),(177,'Safety is no accident','',1,'2014-12-03 03:27:02'),(178,'Safety is a cheap and effective insurance policy','',1,'2014-12-03 03:27:02'),(179,'Let’s all keep our heads, and other body parts, together','',1,'2014-12-03 03:27:02'),(180,'While on a ladder, never step back to admire your work','',1,'2014-12-03 03:27:02'),(181,'Quench the thirst – safety first','',1,'2014-12-03 03:27:02'),(182,'When you gamble with safety you bet your life','',1,'2014-12-03 03:27:02'),(183,'The stupid shall be punished','',1,'2014-12-03 03:27:02'),(184,'Chance takers are accident makers','',1,'2014-12-03 03:27:02'),(185,'Safety is a full time job; don’t make it a part time practice','',1,'2014-12-03 03:27:02'),(186,'The door to Safety swings on the hinges of common sense','',1,'2014-12-03 03:27:02'),(187,'Is better to lose one minute in life… than to lose life in a minute.','',1,'2014-12-03 03:27:02'),(188,'Safety — a small investment for a rich future','',1,'2014-12-03 03:27:03'),(189,'Your first mistake could be your last','',1,'2014-12-03 03:27:03'),(190,'Safety isn’t expensive it’s priceless.','',1,'2014-12-03 03:27:03'),(191,'Safety is as simple as ABC…Always Be Careful','',1,'2014-12-03 03:27:03'),(192,'Unsafe acts will keep you in stitches','',1,'2014-12-03 03:27:03'),(193,'Knock out…accidents','',1,'2014-12-03 03:27:03'),(194,'If you mess up, ‘fess up','',1,'2014-12-03 03:27:03'),(195,'Hard hats, they’re not just for decoration','',1,'2014-12-03 03:27:03'),(196,'If you don’t think it will happen to you, find the person who had it happen to them','',1,'2014-12-03 03:27:03'),(197,'Keep safety in mind. It will save your behind.','',1,'2014-12-03 03:27:03'),(198,'One bad day at the grinder could ruin your whole life','',1,'2014-12-03 03:27:03'),(199,'Shortcuts cut life short','',1,'2014-12-03 03:27:03');

/*Data for the table `user_session_info` */

insert  into `user_session_info`(`user_session_info_id`,`user_id`,`login_token`,`created_date`,`expire_date`,`is_expired`) values (350,1,'2d942296-4fc0-45c2-823f-7084206a6474','2015-03-12 13:42:27','9999-12-31 00:00:00','1'),(351,1,'d10e9164-c545-4be6-a407-30798522707b','2015-03-12 13:42:59','9999-12-31 00:00:00','1'),(352,1,'a4f7d8be-8acb-44ed-afb1-c6fa8dc17e5a','2015-03-12 13:44:25','9999-12-31 00:00:00','1'),(362,1,'6017ebc0-e6fa-4250-9401-f76fa1e9b36d','2015-03-13 11:25:59','9999-12-31 00:00:00','1'),(363,1,'7af926f5-e499-4e2d-bcf7-556a6ccd3c5e','2015-03-13 12:12:10','9999-12-31 00:00:00','1'),(364,1,'c93b6b8e-c748-4d13-985a-7b9962933d0d','2015-03-13 12:53:09','9999-12-31 00:00:00','1'),(365,1,'701ce8b9-6183-47d1-b859-2bc114ba51af','2015-03-13 12:53:55','9999-12-31 00:00:00','1'),(366,1,'16c49471-6013-4cad-9f6f-c8ccdeb9318c','2015-03-13 12:58:38','9999-12-31 00:00:00','1'),(367,1,'96ca66bd-3ef5-43ea-84b1-076023951025','2015-03-13 12:59:53','9999-12-31 00:00:00','1'),(368,1,'c07e6bd0-5731-4fe6-9a79-417ade58f406','2015-03-13 13:01:01','9999-12-31 00:00:00','1'),(369,1,'cdb2b36c-2a72-49f9-9e58-9e10b7d0e5d4','2015-03-13 13:02:30','9999-12-31 00:00:00','1'),(370,1,'dfc9da3c-5690-4356-a2af-2c685d19160d','2015-03-13 13:07:41','9999-12-31 00:00:00','1'),(371,1,'7c10dcc2-9ded-4209-81a9-b084611b7200','2015-03-13 14:56:49','9999-12-31 00:00:00','1'),(372,1,'dc2ac997-99ee-4c24-a7b3-3116d74de7ec','2015-03-13 15:20:28','9999-12-31 00:00:00','1'),(373,1,'edc1d242-8e37-41b5-b786-87bae71f903c','2015-03-13 16:04:05','9999-12-31 00:00:00','1'),(374,1,'37304b24-b65b-4387-bc15-6953e2c4b99d','2015-03-13 16:04:49','9999-12-31 00:00:00','1'),(375,1,'3014865f-884b-4127-9e4b-dadaab8e702f','2015-03-13 16:12:05','9999-12-31 00:00:00','1'),(376,1,'42299dae-5395-4af9-a314-02df40f61c30','2015-03-13 16:13:15','9999-12-31 00:00:00','1'),(377,1,'b195367c-55f5-4fa4-a2c7-cc9bca915d16','2015-03-13 16:14:10','9999-12-31 00:00:00','1'),(378,1,'25892043-b8c0-4f10-9f1e-09cd34e48019','2015-03-14 17:19:31','9999-12-31 00:00:00','1'),(379,1,'6fec0f60-171d-4854-a802-ffce6fd0bd74','2015-03-15 09:43:01','9999-12-31 00:00:00','1'),(380,1,'3e74ec8c-5e18-4cc5-adb1-f1daf8f5b016','2015-03-15 09:49:30','9999-12-31 00:00:00','1'),(381,1,'6070b70d-44ab-4301-a036-34beb4b335c7','2015-03-15 10:37:12','9999-12-31 00:00:00','1'),(382,1,'8fe3123e-1580-462a-9f8e-9f33c65814a4','2015-03-15 11:24:25','9999-12-31 00:00:00','1'),(383,1,'e5fdbcb5-171a-412a-89ba-c40678948467','2015-03-15 11:26:46','9999-12-31 00:00:00','1'),(384,1,'f751abca-fbdf-465b-8991-18f9ccc4c6f8','2015-03-15 14:23:06','9999-12-31 00:00:00','1'),(385,1,'6c0abed1-62bb-45a8-aad0-b40a18feeaf6','2015-03-15 15:13:35','9999-12-31 00:00:00','1'),(386,1,'943355b1-13de-46cf-919d-bbc06876d4ec','2015-03-15 15:30:23','9999-12-31 00:00:00','1'),(387,1,'17955d1c-1c68-442d-a0ff-cdde5ce05f11','2015-03-15 15:39:25','9999-12-31 00:00:00','1'),(388,1,'4a87fdaf-4c16-40aa-b945-93b631d59068','2015-03-15 15:40:19','9999-12-31 00:00:00','1'),(389,1,'6ac20bd3-3df8-4c2e-a41b-f1db17453e54','2015-03-15 15:40:39','9999-12-31 00:00:00','1'),(390,1,'bfb6e3b0-e299-4487-98cc-83178d5242fc','2015-03-15 15:41:45','9999-12-31 00:00:00','1'),(391,1,'87ac2a26-9a47-4b91-9173-fd0800b221dc','2015-03-15 15:43:49','9999-12-31 00:00:00','1'),(392,1,'2a34bd90-e55c-46ff-a54e-b123d2bfc012','2015-03-15 16:18:10','9999-12-31 00:00:00','1'),(393,1,'7ace2886-39fb-4e27-b53e-23c15369b754','2015-03-15 16:35:06','9999-12-31 00:00:00','1'),(394,1,'811add8f-5f9c-4412-9a6c-c376fe03d37e','2015-03-15 16:47:29','9999-12-31 00:00:00','1'),(395,1,'09a355b1-3433-4859-87c6-fec36e2117c4','2015-03-15 16:52:16','9999-12-31 00:00:00','1'),(396,1,'0801dfcf-288d-450f-a9e6-121f80c5fe1e','2015-03-15 17:44:52','9999-12-31 00:00:00','1'),(397,1,'7461e2d4-ff78-4c1c-baa0-3977cecfbb46','2015-03-17 07:56:22','9999-12-31 00:00:00','1'),(398,1,'f200f311-6cf9-4fd0-a090-53fa7b50f2e2','2015-03-23 07:51:11','9999-12-31 00:00:00','1'),(399,1,'799d7a1f-8b84-4e7b-9b52-8a1c23617a95','2015-03-23 08:15:08','9999-12-31 00:00:00','1'),(400,1,'d56ae9b1-c74c-4110-b039-6ba6665b115f','2015-03-23 08:22:19','9999-12-31 00:00:00','1'),(401,1,'a7ffe6ce-6f13-42dd-9827-77b0a64947ba','2015-03-23 20:49:34','9999-12-31 00:00:00','1'),(402,1,'666c1a05-45f8-405d-9c36-92e6cc12ecf5','2015-03-23 22:12:27','9999-12-31 00:00:00','1'),(403,1,'5b161e92-0037-4c18-8507-44376bb5a342','2015-03-24 00:58:15','9999-12-31 00:00:00','1'),(404,1,'ce5e3aa7-2579-47b6-957c-504ff36b5d2e','2015-03-24 01:42:11','9999-12-31 00:00:00','1'),(405,1,'d8afef39-ba3c-48c7-9616-1f7aedb6fbb2','2015-03-24 02:12:12','9999-12-31 00:00:00','1'),(406,1,'06be47f1-b98b-42be-bcda-2a3264236ae5','2015-03-24 19:49:13','9999-12-31 00:00:00','1'),(407,1,'beb2afb2-ad04-4c12-8f7e-2fb33ddcaa9e','2015-03-24 20:27:48','9999-12-31 00:00:00','1'),(408,1,'93ca17e4-7ae5-452d-a828-55e1c0035925','2015-03-24 20:30:21','9999-12-31 00:00:00','1'),(409,1,'622b4eae-5f27-4049-9e76-250d0b904107','2015-03-24 20:33:23','9999-12-31 00:00:00','1'),(410,1,'f5a19ac2-73d0-4dce-9dbd-4e22844732be','2015-03-24 20:38:17','9999-12-31 00:00:00','1'),(411,1,'9feacc56-cfbd-4c4f-ac85-5f2c1bf77166','2015-03-24 22:05:37','9999-12-31 00:00:00','1'),(413,1,'748e2eea-5c42-4968-978b-49e04a5ada32','2015-03-24 22:27:10','9999-12-31 00:00:00','1'),(414,1,'fe64c580-8e61-4047-b272-20e7fc14b431','2015-03-25 20:11:30','9999-12-31 00:00:00','0'),(415,1,'37d28821-f314-4bdd-beee-ffd1a066d009','2015-03-27 15:04:23','9999-12-31 00:00:00','0'),(416,1,'0b216e85-efff-4824-87cd-bb72a4ea3d98','2015-03-27 16:40:38','9999-12-31 00:00:00','0'),(417,1,'c2449f92-fc55-441b-8b80-b2af8b66b6da','2015-03-28 19:20:49','9999-12-31 00:00:00','0'),(418,1,'602a03e8-299d-4f0a-93f8-a2108a7bf84c','2015-03-28 22:12:32','9999-12-31 00:00:00','0'),(419,1,'1c85b4c0-3b5e-409c-a7d4-7e2dd81b4551','2015-03-28 22:22:36','9999-12-31 00:00:00','0'),(420,1,'ca8d5a32-5546-4573-80b4-2fedfafc7f5d','2015-03-28 22:24:44','9999-12-31 00:00:00','0'),(421,1,'ffb70649-32dc-45b1-a54b-ce22d720e282','2015-03-28 22:25:06','9999-12-31 00:00:00','0'),(422,1,'932dd069-33a9-4f49-984a-babe7d8f9fa0','2015-03-29 21:27:48','9999-12-31 00:00:00','0'),(423,1,'75923a15-8c3b-480b-9b94-772f40fbdb6d','2015-03-29 21:44:35','9999-12-31 00:00:00','0'),(424,1,'e6dcdc1e-2e56-4f8d-8324-a9008c219a23','2015-03-29 21:49:27','9999-12-31 00:00:00','0'),(425,1,'2f513ada-4fdf-4e94-b5c9-437ec0467589','2015-03-29 21:52:26','9999-12-31 00:00:00','0'),(426,1,'cf2a5e2f-a110-468e-9316-692e81214dd2','2015-03-29 22:12:32','9999-12-31 00:00:00','0'),(427,1,'bbb9b3d7-35ad-4b2e-96f8-15824d57b053','2015-03-29 22:21:49','9999-12-31 00:00:00','0'),(428,1,'78cdcc50-f062-476d-a2e7-4999328cb4ad','2015-03-29 22:27:38','9999-12-31 00:00:00','0'),(429,1,'a0bed674-fff1-406b-963c-34ee23fc8dd8','2015-03-30 21:27:09','9999-12-31 00:00:00','0'),(430,1,'5f370fc7-a665-4ecd-84a3-925018016ea3','2015-03-30 22:26:57','9999-12-31 00:00:00','0'),(431,1,'02df0d4b-ca0d-42d3-9283-342d60858839','2015-03-31 23:11:00','9999-12-31 00:00:00','0'),(432,1,'4c1dc72e-f6f0-4620-9107-2a06119328c4','2015-03-31 23:13:43','9999-12-31 00:00:00','0'),(433,1,'bc59834e-1152-44e4-9e40-91d13a55f485','2015-03-31 23:39:26','9999-12-31 00:00:00','0'),(434,1,'b589e951-50a0-476d-b024-fba6a04e9f41','2015-04-01 00:30:48','9999-12-31 00:00:00','0'),(435,1,'7c249bbd-bb76-4adc-b8ea-d376a4dd86a1','2015-04-05 21:39:40','9999-12-31 00:00:00','0'),(436,1,'5647a591-a43a-4e35-8457-1cb4f2a3de89','2015-04-05 21:40:08','9999-12-31 00:00:00','0'),(437,1,'d8da8ee1-f8a5-41fe-817d-b92829d81257','2015-04-05 21:40:30','9999-12-31 00:00:00','0'),(438,1,'5e49ce0c-ff3c-4ab1-bedb-c565f54b482f','2015-04-05 21:42:40','9999-12-31 00:00:00','0'),(439,1,'093fd4d2-a8b3-49b4-8bb3-886722f66c61','2015-04-05 21:46:32','9999-12-31 00:00:00','0'),(440,1,'8b0a7189-5965-4e26-a510-ae1ee346ede4','2015-04-05 21:49:28','9999-12-31 00:00:00','0'),(441,1,'2597f35c-0503-4fe4-b605-1d7be3411879','2015-04-05 21:55:34','9999-12-31 00:00:00','0'),(442,1,'4a15b936-e251-4e2b-90c2-f367091a1e8f','2015-04-05 22:11:08','9999-12-31 00:00:00','0'),(443,1,'aff6dc52-96db-45ca-b96e-225c35a73714','2015-04-05 22:11:39','9999-12-31 00:00:00','0'),(444,1,'b4f99bcc-74e7-4d27-845c-67af6e1c80f9','2015-04-05 22:35:52','9999-12-31 00:00:00','0'),(445,1,'1c3e0370-15e5-42f0-bd8d-197de77b9c9c','2015-04-05 22:41:22','9999-12-31 00:00:00','0'),(447,1,'54fe7f18-b478-4c6d-baf9-abf78cfd379f','2015-04-06 06:54:31','9999-12-31 00:00:00','0'),(448,1,'fc9ce03b-8698-4a06-88d7-2f201056e156','2015-04-06 07:31:04','9999-12-31 00:00:00','0'),(449,1,'9bffa8a2-dea6-414d-99de-8332c2e3a99b','2015-04-06 07:33:03','9999-12-31 00:00:00','0'),(450,1,'dda9ba29-1ac2-447c-abb5-eae4a3051012','2015-04-09 20:14:38','9999-12-31 00:00:00','0'),(451,1,'2300f7cc-b073-4ef6-a2c6-9a67150fc583','2015-04-09 20:24:28','9999-12-31 00:00:00','0'),(452,2,'1df6ae71-1b9f-4d0d-af14-68e674143ac5','2015-04-09 21:30:25','9999-12-31 00:00:00','0'),(453,2,'46f83797-d51d-4270-a27a-207ad3f9c2d3','2015-04-09 21:32:17','9999-12-31 00:00:00','0'),(454,2,'8410f804-01b3-4ec4-8cb3-00c185371a34','2015-04-09 22:07:56','9999-12-31 00:00:00','0'),(455,2,'c4c85538-6550-4ae2-8e3a-ddb2ccea4237','2015-04-09 22:48:28','9999-12-31 00:00:00','0'),(456,1,'9bebcbbb-72b5-488f-8b08-63b572eb0458','2015-04-09 22:55:51','9999-12-31 00:00:00','0'),(457,3,'fef823e4-59b8-41f8-a7fc-29a055c4f2b3','2015-04-09 22:58:16','9999-12-31 00:00:00','0'),(458,3,'67284a59-c128-4911-a49e-cadc24f2ff9b','2015-04-09 22:59:57','9999-12-31 00:00:00','0'),(459,3,'5ecb8f46-96bc-43be-b57d-23b8603fab7f','2015-04-09 23:07:39','9999-12-31 00:00:00','0'),(460,1,'b34b1f4e-fbf3-40b3-8f62-fe82714d9bdb','2015-04-09 23:25:46','9999-12-31 00:00:00','0'),(461,3,'421ffd84-c5b1-49f4-9bd2-2c3169cad6c0','2015-04-09 23:26:26','9999-12-31 00:00:00','0'),(462,3,'374f68ed-ba15-4d95-a3f1-cfe632fd07ce','2015-04-09 23:36:09','9999-12-31 00:00:00','0'),(463,1,'332de7d6-918b-41a4-9ba7-10c7bd20e02a','2015-04-09 23:38:34','9999-12-31 00:00:00','0'),(464,3,'b05fae6d-bf31-42bc-8bad-f5d3b9542b65','2015-04-09 23:40:04','9999-12-31 00:00:00','0'),(465,1,'d083a3ec-f029-4117-a099-a328b97d11cf','2015-04-09 23:43:51','9999-12-31 00:00:00','0'),(466,3,'6f23bba3-bcb6-40dd-90ba-f7417a6a2bf8','2015-04-09 23:50:37','9999-12-31 00:00:00','0'),(467,1,'c58f96e8-6144-4c19-8c42-09359c4d122a','2015-04-10 00:15:01','9999-12-31 00:00:00','0'),(468,1,'09656276-5855-48b0-8988-51f7bc7ad68e','2015-04-10 20:55:28','9999-12-31 00:00:00','0'),(469,1,'34fdc08f-f778-4a93-a492-98be4b2fc3fc','2015-04-11 08:15:32','9999-12-31 00:00:00','0'),(470,1,'6cb137eb-5250-4bc3-9c86-3089993c4f99','2015-04-11 08:16:30','9999-12-31 00:00:00','0'),(471,1,'c17bfc27-c0c7-4973-9f33-23bcf068a0f4','2015-04-11 08:19:16','9999-12-31 00:00:00','0'),(472,1,'accd5ca5-c144-4bf0-96dd-51a051d65569','2015-04-11 11:22:28','9999-12-31 00:00:00','0'),(473,3,'001fc92f-0c7a-4d8d-ab1c-4cfc3e48b980','2015-04-11 11:22:55','9999-12-31 00:00:00','0'),(474,1,'ba18d9ec-4423-4932-89c0-c807a9b89c97','2015-04-11 13:25:26','9999-12-31 00:00:00','0'),(475,1,'11f2a973-1c83-49d6-b4af-024202ba7a3d','2015-04-11 21:58:31','9999-12-31 00:00:00','0');

/*Data for the table `user_type` */

insert  into `user_type`(`user_type_id`,`user_type`,`created_date`,`created_by`,`modified_date`,`modified_by`,`is_expired`) values (1,'USER','0000-00-00 00:00:00','SYSTEM','0000-00-00 00:00:00','SYSTEM','0');

/*!40101 SET SQL_MODE=@OLD_SQL_MODE */;
/*!40014 SET FOREIGN_KEY_CHECKS=@OLD_FOREIGN_KEY_CHECKS */;
/*!40014 SET UNIQUE_CHECKS=@OLD_UNIQUE_CHECKS */;
/*!40111 SET SQL_NOTES=@OLD_SQL_NOTES */;
