/*
SQLyog Ultimate v11.33 (64 bit)
MySQL - 5.5.43-0ubuntu0.14.04.1 : Database - ontarget
*********************************************************************
*/

/*!40101 SET NAMES utf8 */;

/*!40101 SET SQL_MODE=''*/;

/*!40014 SET @OLD_UNIQUE_CHECKS=@@UNIQUE_CHECKS, UNIQUE_CHECKS=0 */;
/*!40014 SET @OLD_FOREIGN_KEY_CHECKS=@@FOREIGN_KEY_CHECKS, FOREIGN_KEY_CHECKS=0 */;
/*!40101 SET @OLD_SQL_MODE=@@SQL_MODE, SQL_MODE='NO_AUTO_VALUE_ON_ZERO' */;
/*!40111 SET @OLD_SQL_NOTES=@@SQL_NOTES, SQL_NOTES=0 */;
CREATE DATABASE /*!32312 IF NOT EXISTS*/`ontarget` /*!40100 DEFAULT CHARACTER SET latin1 */;

USE `ontarget`;

/*Data for the table `accident_report` */

insert  into `accident_report`(`accident_report_id`,`project_id`,`submitted_to`,`supervisor_name`,`witness`,`location`,`brief_of_accident`,`severity`,`description`,`body_part_affected`,`date_of_accident`,`time_of_accident`,`injured_visited_doctor`,`workers_compensation_filed`,`injured_left_job`,`date_injured_left_job`,`time_injured_left_job`,`possible_preventive_measures`,`unsafe_conditions_corrected`,`correction_measures_performed`,`correction_measures_to_be_performed`) values (1,1,'Test Value','Test Value','Test Value','Test Value','Test Value','Test Value','Test Value','Test Value','2015-03-13','12345','YES','YES','YES','2015-03-13','Test Value','Test Value','YES','Test Value','Test Value'),(2,1,'1177202090','1177202090','1177202090','np','brief','High','desc','desc','2015-03-13','2015-03-28T18:15:00.000Z','NO','NO','NO',NULL,NULL,'hey','YES','hey hey',NULL),(3,1,'Test Value','Test Value','Test Value','Test Value','Test Value','Test Value','Test Value','Test ','2015-03-13','2015-03-13','T','Te','T','2015-03-13','T','Test','Y','Y','Y'),(4,1,'Test Value','Test Value','Test Value','Test Value','Test Value','Test Value','Test Value','Y','2015-03-10','12345','Y','Y','Y','2015-03-10','Te','Tes','Y','Y','Tes'),(5,1,'1177202090','1177202090','1177202090','NP','test','High','test','test','2015-03-30','2015-03-30T18:15:00.000Z','NO','NO','NO',NULL,NULL,'test','NO',NULL,'test');

/*Data for the table `activity_category` */

/*Data for the table `activity_log` */

insert  into `activity_log`(`id`,`text`,`category`,`ts_insert`,`project_id`,`user_id`) values (1,'New Activity project1 added by sanjeev',2,'2015-06-26 21:09:55',0,1),(2,'Activity project1 updated by sanjeev',2,'2015-06-26 21:56:15',0,1),(3,'Activity project1a updated by sanjeev',2,'2015-06-26 21:56:32',0,1),(4,'Activity project1a updated by sanjeev',2,'2015-06-27 06:56:30',1,1),(5,'New Activity project2 added by sanjeev',2,'2015-06-27 07:04:12',1,1),(6,'Activity project1 updated by sanjeev',2,'2015-06-27 07:07:55',1,1),(7,'Activity project1 updated by sanjeev',2,'2015-06-27 07:10:08',1,1),(8,'New Activity activity1 added by sanjeev',2,'2015-06-27 07:19:38',2,1),(9,'Activity activity1 updated by sanjeev',2,'2015-06-27 07:19:47',2,1),(10,'New task activity1 task1 added by sanjeev',4,'2015-06-27 07:20:26',NULL,1),(11,'Activity activity1 updated by sanjeev',2,'2015-06-27 07:34:39',2,1),(12,'New Activity Santosh Company\'s Project added by santoshpun',2,'2015-06-27 22:24:27',0,4),(13,'New Activity project3 added by sanjeev',2,'2015-06-28 19:30:19',6,1),(14,'New Projectproject6 added by sanjeev',2,'2015-06-28 19:45:35',9,1),(15,'New Activity  activity2 added by sanjeev',2,'2015-06-28 19:54:03',10,1),(17,'New Activity activity3 added by sanjeev',2,'2015-06-28 20:13:48',12,1),(18,'New Activity activity3 added by Sanjeev Ghimire',2,'2015-06-28 20:17:53',14,1),(19,'New Project project5 added by Sanjeev Ghimire',2,'2015-06-28 23:25:17',9,1),(20,'New Activity activity2 added by Sanjeev Ghimire',2,'2015-06-28 23:26:26',10,1),(21,'Project project6 updated by Sanjeev Ghimire',2,'2015-06-29 07:28:25',9,1),(22,'Project project6 updated by Sanjeev Ghimire',2,'2015-06-29 07:32:25',9,1),(23,'Project project6 updated by Sanjeev Ghimire',2,'2015-06-29 07:33:22',9,1),(24,'New Activity activity3 added by Sanjeev Ghimire',2,'2015-06-29 07:34:49',11,1),(25,'Activity activity3 updated by Sanjeev Ghimire',2,'2015-06-29 07:35:27',11,1),(27,'New task task2 added by Sanjeev Ghimire',4,'2015-06-29 07:36:59',NULL,1),(28,'Task activity1 task1 updated by Sanjeev Ghimire',5,'2015-06-29 07:39:55',NULL,1),(29,'Task activity1 task1 updated by Sanjeev Ghimire',5,'2015-06-29 07:50:21',NULL,1),(30,'Task activity1 task1 updated by Sanjeev Ghimire',5,'2015-06-29 07:50:43',NULL,1),(33,'Comment comment1 added on task activity1 task1',1,'2015-06-29 07:52:50',NULL,1),(34,'Activity activity1 updated by Sanjeev Ghimire',2,'2015-06-29 20:10:25',4,1),(35,'New task task5 added by Sanjeev Ghimire',4,'2015-06-29 20:11:15',NULL,1),(36,'Task task5 updated by Sanjeev Ghimire',5,'2015-06-29 20:12:00',NULL,1),(37,'Comment comment added added on task task5',1,'2015-06-29 20:12:30',NULL,1),(38,'Activity activity1 updated by Sanjeev Ghimire',2,'2015-06-29 20:17:53',4,1),(39,'Project project6 updated by Sanjeev Ghimire',2,'2015-06-29 20:20:35',9,1);

/*Data for the table `address` */

insert  into `address`(`address_id`,`address1`,`address2`,`city`,`state`,`zip`,`country`,`address_type`) values (1,'4750 59TH ST','#9C','WOODSIDE','NY','11377','USA','HOME'),(2,'NY','NY','NY','Gandaki','1001','NP','PROJECT'),(3,'NY','NY','NY','Gandaki','1001','NP','PROJECT'),(4,'NY',NULL,'NY','Gandaki','1001','NP','PROJECT'),(5,'NY',NULL,'NY','Gandaki','1001','NP','PROJECT'),(6,'NY',NULL,'NY','Gandaki','1001','NP','PROJECT'),(7,'NY',NULL,'NY','Gandaki','1001','NP','PROJECT'),(8,'NY',NULL,'NY','Gandaki','1001','NP','PROJECT'),(9,'NY',NULL,'NY','Gandaki','1001','NP','PROJECT');

/*Data for the table `application_menu` */

insert  into `application_menu`(`application_menu_id`,`active`,`menu_key`,`menu_name`) values (1,'Y','DASHBOARD','Dashboard'),(2,'Y','ONTIME','onTime'),(3,'Y','ONFILE','onFILE');

/*Data for the table `application_permission` */

insert  into `application_permission`(`application_permission_id`,`active`,`permission_key`,`permission_name`) values (1,'Y','ADD_ACTIVITY','Add Activity'),(2,'Y','ADD_TASK','Add Task'),(3,'Y','ADD_COMMENT','Add Comment'),(4,'Y','ADD_BUDGET','Add Budget'),(5,'Y','TASK_UPLOAD','Task Upload');

/*Data for the table `bulk_activity_attribute` */

insert  into `bulk_activity_attribute`(`id`,`attribute_key`,`attribute_value`,`valid`,`bulk_activity_log_id`,`row_index`) values (1,'activityCode','ACT-001','Y',1,'1'),(2,'activityName','activity1','Y',1,'1'),(3,'activityStartDate','17/04/2015','Y',1,'1'),(4,'activityEndDate','17/06/2015','Y',1,'1'),(5,'taskCode','TASK-001','Y',1,'1'),(6,'taskName','task1','Y',1,'1'),(7,'taskStartDate','17/04/2015','Y',1,'1'),(8,'taskEndDate','17/06/2015','Y',1,'1'),(9,'percentageComplete','20','Y',1,'1'),(10,'actualCost','500','Y',1,'1'),(11,'estimatedCost','200','Y',1,'1'),(12,'activityCode','ACT-002','Y',1,'2'),(13,'activityName','activity2','Y',1,'2'),(14,'activityStartDate','17/04/2015','Y',1,'2'),(15,'activityEndDate','17/06/2015','Y',1,'2'),(16,'taskCode','TASK-002','Y',1,'2'),(17,'taskName','task2','Y',1,'2'),(18,'taskStartDate','17/04/2015','Y',1,'2'),(19,'taskEndDate','17/06/2015','Y',1,'2'),(20,'percentageComplete','20','Y',1,'2'),(21,'actualCost','500','Y',1,'2'),(22,'estimatedCost','200','Y',1,'2'),(23,'activityCode','ACT-003','Y',1,'3'),(24,'activityName','activity3','Y',1,'3'),(25,'activityStartDate','17/04/2015','Y',1,'3'),(26,'activityEndDate','17/06/2015','Y',1,'3'),(27,'taskCode','TASK-003','Y',1,'3'),(28,'taskName','task3','Y',1,'3'),(29,'taskStartDate','17/04/2015','Y',1,'3'),(30,'taskEndDate','17/06/2015','Y',1,'3'),(31,'percentageComplete','20','Y',1,'3'),(32,'actualCost','500','Y',1,'3'),(33,'estimatedCost','200','Y',1,'3'),(48,'activityCode','ACT-001','N',4,'1'),(49,'activityName','activity1','N',4,'1'),(50,'activityStartDate','17/04/2014','N',4,'1'),(51,'activityEndDate','17/06/2014','N',4,'1'),(52,'taskCode','TASK-001','N',4,'1'),(53,'taskName','task1','N',4,'1'),(54,'taskStartDate','17/04/2015','N',4,'1'),(55,'taskEndDate','17/06/2015','N',4,'1'),(56,'percentageComplete','20','N',4,'1'),(57,'actualCost','500','N',4,'1'),(58,'estimatedCost','200','N',4,'1'),(59,'activityCode','ACT-001','Y',5,'1'),(60,'activityName','activity1','Y',5,'1'),(61,'activityStartDate','17/04/2015','Y',5,'1'),(62,'activityEndDate','17/06/2015','Y',5,'1'),(63,'taskCode','TASK-001','Y',5,'1'),(64,'taskName','task1','Y',5,'1'),(65,'taskStartDate','17/04/2015','Y',5,'1'),(66,'taskEndDate','17/06/2015','Y',5,'1'),(67,'percentageComplete','20','Y',5,'1'),(68,'actualCost','500','Y',5,'1'),(69,'estimatedCost','200','Y',5,'1'),(70,'activityCode','ACT-002','Y',5,'2'),(71,'activityName','activity2','Y',5,'2'),(72,'activityStartDate','17/04/2015','Y',5,'2'),(73,'activityEndDate','17/06/2015','Y',5,'2'),(74,'taskCode','TASK-002','Y',5,'2'),(75,'taskName','task2','Y',5,'2'),(76,'taskStartDate','17/04/2015','Y',5,'2'),(77,'taskEndDate','17/06/2015','Y',5,'2'),(78,'percentageComplete','20','Y',5,'2'),(79,'actualCost','500','Y',5,'2'),(80,'estimatedCost','200','Y',5,'2'),(81,'activityCode','ACT-003','Y',5,'3'),(82,'activityName','activity3','Y',5,'3'),(83,'activityStartDate','17/04/2015','Y',5,'3'),(84,'activityEndDate','17/06/2015','Y',5,'3'),(85,'taskCode','TASK-003','Y',5,'3'),(86,'taskName','task3','Y',5,'3'),(87,'taskStartDate','17/04/2015','Y',5,'3'),(88,'taskEndDate','17/06/2015','Y',5,'3'),(89,'percentageComplete','20','Y',5,'3'),(90,'actualCost','500','Y',5,'3'),(91,'estimatedCost','200','Y',5,'3'),(92,'activityCode','ACT-001','Y',6,'1'),(93,'activityName','activity1','Y',6,'1'),(94,'activityStartDate','17/04/2015','Y',6,'1'),(95,'activityEndDate','17/06/2015','Y',6,'1'),(96,'taskCode','TASK-001','Y',6,'1'),(97,'taskName','task1','Y',6,'1'),(98,'taskStartDate','17/04/2015','Y',6,'1'),(99,'taskEndDate','17/06/2015','Y',6,'1'),(100,'percentageComplete','20','Y',6,'1'),(101,'actualCost','500','Y',6,'1'),(102,'estimatedCost','200','Y',6,'1'),(103,'activityCode','ACT-001','Y',7,'1'),(104,'activityName','activity1','Y',7,'1'),(105,'activityStartDate','17/04/2015','Y',7,'1'),(106,'activityEndDate','17/06/2015','Y',7,'1'),(107,'taskCode','TASK-001','Y',7,'1'),(108,'taskName','task1','Y',7,'1'),(109,'taskStartDate','17/04/2015','Y',7,'1'),(110,'taskEndDate','17/06/2015','Y',7,'1'),(111,'percentageComplete','20','Y',7,'1'),(112,'actualCost','500','Y',7,'1'),(113,'estimatedCost','200','Y',7,'1');

/*Data for the table `bulk_activity_log` */

insert  into `bulk_activity_log`(`id`,`file_name`,`uploaded_date`,`uploaded_by`) values (1,'Onfile.xls','2015-04-18 18:12:53',1),(4,'Onfile.xls','2015-04-18 18:20:56',1),(5,'Onfile.xls','2015-04-18 18:23:13',1),(6,'Onfile.xls','2015-05-01 15:18:15',1),(7,'Onfile.xls','2015-05-01 15:18:44',1);

/*Data for the table `company_info` */

insert  into `company_info`(`company_id`,`company_name`,`company_type_id`,`address1`,`address2`,`city`,`state`,`zipcode`,`country`,`status`,`website`) values (1,'SIMON AND BARRON WEA RESIDENTIAL',1,'363 23rd st','Suite 2098','New York','NY','10001','USA','ACTIVE','http://www.ttg.com'),(2,'Santosh Company',1,'NY',NULL,'NY','Gandaki','1001','NP','ACTIVE',NULL);

/*Data for the table `company_type` */

insert  into `company_type`(`company_type_id`,`company_type_name`,`created_date`,`created_by`,`modified_date`,`modified_by`,`deleted_date`,`deleted_by`,`status`,`delete_flag`) values (1,'GENERAL CONTRACTOR',NULL,'SYSTEM','0000-00-00 00:00:00','SYSTEM','0000-00-00 00:00:00',NULL,'ACTIVE',NULL),(2,'CONSTRUCTION MANAGER',NULL,'SYSTEM',NULL,'SYSTEM',NULL,NULL,'ACTIVE',NULL),(3,'SUB CONTRACTOR',NULL,'SYSTEM',NULL,'SYSTEM',NULL,NULL,'ACTIVE',NULL),(4,'OWNER',NULL,'SYSTEM',NULL,'SYSTEM',NULL,NULL,'ACTIVE',NULL),(5,'SPECIALITY CONTRACTOR',NULL,'SYSTEM',NULL,'SYSTEM',NULL,NULL,'ACTIVE',NULL),(6,'ARCHITECT/ENGINEERS',NULL,'SYSTEM',NULL,'SYSTE',NULL,NULL,'ACTIVE',NULL);

/*Data for the table `contact` */

insert  into `contact`(`contact_id`,`user_id`,`contact_company_id`,`title`,`first_name`,`last_name`,`address_id`,`date_of_birth`,`contact_method`,`created_date`,`created_by`,`modified_date`,`modified_by`,`contact_status`,`contact_image`) values (1,1,1,'Mr','Sanjeev','Ghimire',1,'2015-05-03',NULL,'2015-05-03 17:32:14',1,NULL,NULL,'ACTIVE','assets/profile/a2.jpeg'),(2,2,1,'Mr','Santosh','Pun',NULL,NULL,NULL,'2015-06-27 19:01:22',2,NULL,NULL,'ACTIVE','assets/profile/const2.jpg'),(3,3,1,'Mr','Santosh','Pun',NULL,NULL,NULL,'2015-06-27 22:18:52',3,NULL,NULL,'ACTIVE','assets/profile/a1.jpeg'),(4,4,2,'Mr','Santosh','Pun',NULL,NULL,NULL,'2015-06-27 22:24:27',4,NULL,NULL,'ACTIVE','assets/profile/1711016_f260.jpg');

/*Data for the table `countries` */

/*Data for the table `dependent_task` */

/*Data for the table `discipline` */

insert  into `discipline`(`id`,`name`,`info`,`ts_insert`) values (1,'masonry','Masonry','2015-01-10 01:04:58'),(2,'plumbing','Plumbing','2015-01-10 01:04:58'),(3,'electrical','Electrical','2015-01-10 01:04:58'),(4,'mechanical','Mechanical','2015-01-10 01:04:58'),(5,'Interiors','Interiors','2015-01-10 01:04:58'),(6,'landscaping','Landscaping','2015-01-10 01:04:58'),(7,'bridges','Bridges','2015-01-10 01:04:58'),(8,'tunnels','Tunnels','2015-01-10 01:04:58'),(9,'design','Design','2015-01-10 01:04:58');

/*Data for the table `document` */

insert  into `document`(`document_id`,`document_template_id`,`name`,`status`,`created_by`,`created_date`,`modified_by`,`modified_date`,`project_id`,`due_date`) values (4,21,'CO Document','APPROVED',1,'2015-03-14 12:53:37',1,'2015-04-11 13:26:15',1,'2015-03-13 00:00:00'),(5,20,'test doc','SUBMITTED',1,'2015-03-27 16:49:05',1,'2015-03-27 16:49:05',0,'2015-03-10 00:00:00'),(13,20,'test doc','SUBMITTED',1,'2015-03-27 17:59:38',1,'2015-03-28 19:29:35',0,'2015-03-10 00:00:00'),(14,22,'RFI Document','SUBMITTED',1,'2015-04-11 22:14:43',NULL,NULL,1,'2015-04-10 05:45:00');

/*Data for the table `document_attachment` */

insert  into `document_attachment`(`document_attachment_id`,`document_id`,`file_path`,`created_by`,`created_date`,`modified_by`,`modified_date`) values (1,13,'/home/ontargetrs/sa.jpg',1,'2015-03-28 19:28:11',1,'2015-03-28 19:28:11');

/*Data for the table `document_grid_key_value` */

insert  into `document_grid_key_value`(`document_id`,`grid_id`,`grid_row_index`,`key`,`value`,`created_by`,`created_date`,`modified_by`,`modified_date`,`document_grid_key_value_id`) values (13,'C000',1,'gridkey1','gridkeyvalue',1,'2015-03-27 17:59:38',1,'2015-03-27 17:59:38',1),(14,'CO-COSTGRID',0,'workDescription','cc1',1,'2015-04-11 22:14:43',NULL,NULL,2),(14,'CO-COSTGRID',0,'costCode','ccode1',1,'2015-04-11 22:14:43',NULL,NULL,3),(14,'CO-COSTGRID',0,'amount','100',1,'2015-04-11 22:14:43',NULL,NULL,4),(14,'CO-COSTGRID',1,'workDescription','cc2',1,'2015-04-11 22:14:43',NULL,NULL,5),(14,'CO-COSTGRID',1,'costCode','ccode2',1,'2015-04-11 22:14:43',NULL,NULL,6),(14,'CO-COSTGRID',1,'amount','200',1,'2015-04-11 22:14:43',NULL,NULL,7);

/*Data for the table `document_key_value` */

insert  into `document_key_value`(`document_id`,`key`,`value`,`created_by`,`created_date`,`modified_by`,`modified_date`,`document_key_value_id`) values (4,'username','1177202090',1,'2015-03-14 12:53:37',1,'2015-03-14 12:53:37',1),(4,'company_name','1',1,'2015-03-14 12:53:37',1,'2015-03-14 12:53:37',2),(4,'change_order','CP-201',1,'2015-03-14 12:53:37',1,'2015-03-14 12:53:37',3),(4,'location','np',1,'2015-03-14 12:53:37',1,'2015-03-14 12:53:37',4),(4,'subject','np',1,'2015-03-14 12:53:37',1,'2015-03-14 12:53:37',5),(4,'description_of_scope','np',1,'2015-03-14 12:53:37',1,'2015-03-14 12:53:37',6),(4,'contract_no','99',1,'2015-03-14 12:53:37',1,'2015-03-14 12:53:37',7),(4,'contract_title','99',1,'2015-03-14 12:53:37',1,'2015-03-14 12:53:37',8),(4,'date_created','2015-03-13T18:15:00.000Z',1,'2015-03-14 12:53:37',1,'2015-03-14 12:53:37',9),(4,'priority','High',1,'2015-03-14 12:53:37',1,'2015-03-14 12:53:37',10),(4,'discipline','MECHANICAL',1,'2015-03-14 12:53:37',1,'2015-03-14 12:53:37',11),(4,'category','ERRORS',1,'2015-03-14 12:53:37',1,'2015-03-14 12:53:37',12),(4,'schedule_impact','YES',1,'2015-03-14 12:53:37',1,'2015-03-14 12:53:37',13),(4,'cost_impact','YES',1,'2015-03-14 12:53:37',1,'2015-03-14 12:53:37',14),(4,'time_impact','9',1,'2015-03-14 12:53:37',1,'2015-03-14 12:53:37',15),(4,'specification','99',1,'2015-03-14 12:53:37',1,'2015-03-14 12:53:37',16),(4,'drawing_no','99',1,'2015-03-14 12:53:37',1,'2015-03-14 12:53:37',17),(4,'cost_code','99',1,'2015-03-14 12:53:37',1,'2015-03-14 12:53:37',18),(4,'total_change_order_amount','99',1,'2015-03-14 12:53:37',1,'2015-03-14 12:53:37',19),(13,'name','Santosh Pun',1,'2015-03-27 17:59:38',1,'2015-03-27 17:59:38',25),(14,'username','1',1,'2015-04-11 22:14:43',NULL,NULL,26),(14,'company_name','1',1,'2015-04-11 22:14:43',NULL,NULL,27),(14,'change_order','CP-201',1,'2015-04-11 22:14:43',NULL,NULL,28),(14,'location','pkr',1,'2015-04-11 22:14:43',NULL,NULL,29),(14,'subject','subject',1,'2015-04-11 22:14:43',NULL,NULL,30),(14,'description_of_scope','scope1',1,'2015-04-11 22:14:43',NULL,NULL,31),(14,'contract_no','4342',1,'2015-04-11 22:14:43',NULL,NULL,32),(14,'contract_title','title',1,'2015-04-11 22:14:43',NULL,NULL,33),(14,'date_created','2015-04-10T18:15:00.000Z',1,'2015-04-11 22:14:43',NULL,NULL,34),(14,'priority','High',1,'2015-04-11 22:14:43',NULL,NULL,35),(14,'discipline','ELECTRICAL',1,'2015-04-11 22:14:43',NULL,NULL,36),(14,'category','ERRORS',1,'2015-04-11 22:14:43',NULL,NULL,37),(14,'schedule_impact','YES',1,'2015-04-11 22:14:43',NULL,NULL,38),(14,'cost_impact','YES',1,'2015-04-11 22:14:43',NULL,NULL,39),(14,'time_impact','y',1,'2015-04-11 22:14:43',NULL,NULL,40),(14,'specification','spec',1,'2015-04-11 22:14:43',NULL,NULL,41),(14,'drawing_no','3434',1,'2015-04-11 22:14:43',NULL,NULL,42),(14,'cost_code','cc',1,'2015-04-11 22:14:43',NULL,NULL,43),(14,'total_change_order_amount','300',1,'2015-04-11 22:14:43',NULL,NULL,44);

/*Data for the table `document_submittal` */

insert  into `document_submittal`(`document_submittal_id`,`document_id`,`assignee_user_id`,`created_by`,`created_date`,`modified_by`,`modified_date`) values (1,4,1,1,'2015-04-06 22:10:41',NULL,NULL),(2,14,1,1,'2015-04-11 22:14:43',NULL,NULL);

/*Data for the table `document_template` */

insert  into `document_template`(`document_template_id`,`name`,`created_by`,`created_date`,`modified_by`,`modfied_date`) values (20,'Purchase Order',0,'2015-01-10 01:04:58',0,'2015-01-10 01:04:58'),(21,'Change Order',0,'2015-01-10 01:04:58',0,'2015-01-10 01:04:58'),(22,'Request For Information',0,'2015-01-10 01:04:58',0,'2015-01-10 01:04:58'),(23,'Transmittal',0,'2015-01-10 01:04:58',0,'2015-01-10 01:04:58');

/*Data for the table `email` */

insert  into `email`(`email_id`,`added_date`,`email_address`,`status`,`user_id`) values (1,'2015-06-26 09:07:58','santosh8pun@gmail.com','ACTIVE',1),(2,'2015-06-27 19:01:22','santosh8pun@gmail.com','ACTIVE',2),(3,'2015-06-27 22:18:52','santosh8pun@gmail.com','ACTIVE',3),(4,'2015-06-27 22:24:27','santosh8pun@gmail.com','ACTIVE',4);

/*Data for the table `email_templates` */

/*Data for the table `emp` */

insert  into `emp`(`first name`,`id`) values ('updatedHJK',1),('ABC',2),('DEF',3);

/*Data for the table `field_worker` */

insert  into `field_worker`(`id`,`added_date`,`email_address`,`first_name`,`last_name`,`phone_number`,`added_by`,`discipline_id`,`modified_date`,`modified_by`) values (1,'2015-06-29 20:18:54','santosh8pun@gmail.com','Santosh','Pun','980862944',1,2,'2015-06-29 20:19:12',1);

/*Data for the table `forgot_password_request` */

/*Data for the table `phone` */

insert  into `phone`(`phone_id`,`contact_id`,`area_code`,`phone_number`,`phone_type`,`status`) values (1,1,911,'9898999','CELL','ACTIVE'),(2,2,977,'9808639594','CELL','ACTIVE'),(3,3,989,'9991919','CELL','ACTIVE'),(4,4,989,'9999111','CELL','ACTIVE');

/*Data for the table `planned_actuals_cost` */

/*Data for the table `profile` */

insert  into `profile`(`profile_id`,`active`,`added_date`,`modified_date`,`name`,`profile_type`,`added_by`,`modified_by`,`description`) values (1,'Y','2015-06-13 09:36:06','2015-06-14 23:00:30','profile1','PERMISSION',1,1,'profile1 desc'),(2,'Y','2015-06-13 09:36:29',NULL,'profile2','PERMISSION',1,NULL,'profile2 desc'),(3,'Y','2015-06-13 09:41:07','2015-06-13 18:09:40','profile1','MENU',1,1,'profile1 desc'),(4,'Y','2015-06-13 13:43:25','2015-06-13 19:27:51','profile2','MENU',1,1,NULL),(5,'Y','2015-06-13 14:09:38','2015-06-13 19:09:30','profile3','MENU',1,1,'profile3 desc'),(6,'Y','2015-06-13 18:22:15','2015-06-13 19:10:25','profile3','PERMISSION',1,1,'profile3 desc'),(7,'N','2015-06-13 19:01:19','2015-06-13 19:02:30','profile7','MENU',1,1,'profile8 desc'),(8,'Y','2015-06-13 19:03:41',NULL,'profile7','PERMISSION',1,NULL,'profile7 desc'),(9,'Y','2015-06-13 19:09:55',NULL,'profile8','MENU',1,NULL,'profile8 desc'),(10,'Y','2015-06-13 19:10:47',NULL,'profile4','PERMISSION',1,NULL,'profile4 desc');

/*Data for the table `profile_menu` */

insert  into `profile_menu`(`profile_menu_id`,`active`,`application_menu_id`,`profile_id`) values (1,'Y',1,3),(2,'Y',2,3),(3,'Y',1,4),(4,'Y',2,5),(5,'Y',3,5),(6,'Y',1,5),(7,'N',3,3),(8,'Y',1,7),(9,'Y',2,7),(10,'Y',1,9);

/*Data for the table `profile_permission` */

insert  into `profile_permission`(`profile_permission_id`,`active`,`application_permission_id`,`profile_id`) values (1,'Y',1,1),(2,'Y',2,1),(3,'Y',1,2),(4,'Y',2,2),(5,'N',3,1),(6,'Y',1,6),(7,'Y',2,6),(8,'N',3,6),(9,'Y',4,6),(10,'Y',5,6),(11,'Y',1,8),(12,'Y',2,8),(13,'Y',1,10),(14,'Y',2,10);

/*Data for the table `project` */

insert  into `project`(`project_id`,`project_code`,`project_name`,`project_owner_id`,`project_type_id`,`project_parent_id`,`project_assignee`,`project_description`,`project_image`,`project_start_date`,`project_end_date`,`project_status`,`company_id`,`address_id`,`created_date`,`created_by`,`modified_date`,`modified_by`,`project_image_path`,`type`) values (1,'SIM_BARR','Simon and Barron WEA Residential',1,1,0,NULL,'With objective to develop a comprehensive Model for 200,000 sqft Renovation Project. The challenge was to do a complete survey of the existing system in detail to include in the Model. Our team successfully provided Architecture, Structure, Mechanical , Electrical and Plumbing and identified clashes. We also provided solutions for resolving conflicts and innovative approaches for coordination.',NULL,'2015-01-08 23:00:00','2015-12-31 23:00:00','1',1,1,NULL,1,'2015-01-09 23:00:07',1,'/assets/project/532114_798942323454369_463283099_n.jpg','MAIN_PROJECT'),(2,NULL,'project1',1,1,1,NULL,'project1 desc',NULL,'2015-06-01 00:00:00','2015-06-26 00:00:00','1',1,2,'2015-06-26 21:09:55',1,'2015-06-27 07:10:08',1,'/assets/project/const3.jpeg','PROJECT'),(3,NULL,'project2',1,1,1,NULL,'project2 desc',NULL,'2015-06-02 00:00:00','2015-06-27 00:00:00','1',1,3,'2015-06-27 07:04:12',1,NULL,NULL,'/assets/project/const4.jpeg','PROJECT'),(4,NULL,'activity1',1,1,2,NULL,'activity1 desc',NULL,'2015-06-02 00:00:00','2015-06-27 00:00:00','1',1,NULL,'2015-06-27 07:19:38',1,'2015-06-29 20:17:53',1,NULL,'ACTIVITY'),(5,NULL,'Santosh Company\'s Project',4,1,0,NULL,'Santosh Company\'s Project',NULL,'2015-06-27 22:24:27','2032-02-27 22:24:27','1',2,4,'2015-06-27 22:24:27',4,NULL,NULL,NULL,'MAIN_PROJECT'),(6,NULL,'project3',1,1,1,NULL,'project3 desc',NULL,'2015-06-02 00:00:00','2015-09-12 00:00:00','1',1,6,'2015-06-28 23:11:45',1,NULL,NULL,'/assets/project/const1.jpeg','PROJECT'),(7,NULL,'project4',1,1,1,NULL,'project4 desc',NULL,'2015-06-01 00:00:00','2015-09-18 00:00:00','1',1,7,'2015-06-28 23:13:12',1,NULL,NULL,'/assets/project/const4.jpeg','PROJECT'),(8,NULL,'project5',1,1,1,NULL,'project5 desc',NULL,'2015-06-01 00:00:00','2015-10-09 00:00:00','1',1,8,'2015-06-28 23:15:06',1,NULL,NULL,'/assets/project/const2.jpg','PROJECT'),(9,NULL,'project6',1,1,1,NULL,'project6 desc',NULL,'2015-06-02 00:00:00','2015-09-12 00:00:00','1',1,9,'2015-06-28 23:25:17',1,'2015-06-29 20:20:35',1,'/assets/project/const2.jpg','PROJECT'),(10,NULL,'activity2',1,1,2,NULL,'activity2 desc',NULL,'2015-06-02 00:00:00','2015-06-22 00:00:00','1',1,NULL,'2015-06-28 23:26:26',1,NULL,NULL,NULL,'ACTIVITY'),(11,NULL,'activity3',1,1,2,NULL,'activity3 desc',NULL,'2015-06-10 00:00:00','2015-06-25 00:00:00','1',1,NULL,'2015-06-29 07:34:49',1,'2015-06-29 07:35:27',1,NULL,'ACTIVITY');

/*Data for the table `project_activities` */

/*Data for the table `project_category` */

/*Data for the table `project_configuration` */

insert  into `project_configuration`(`id`,`config_key`,`config_value`,`project_id`) values (2,'UNIT_OF_MEASUREMENT','HOUR',2),(3,'UNIT_OF_MEASUREMENT','HOUR',3),(4,'UNIT_OF_MEASUREMENT','HOUR',6),(5,'UNIT_OF_MEASUREMENT','HOUR',7),(6,'UNIT_OF_MEASUREMENT','HOUR',8),(7,'UNIT_OF_MEASUREMENT','HOUR',9);

/*Data for the table `project_file` */

insert  into `project_file`(`project_file_id`,`file_name`,`project_id`,`created_date`,`created_by`,`file_type`) values (1,'bsn_bsn.jpg',1,'2015-03-13 16:35:15',1,'image/jpeg'),(2,'IMG_7491.JPG',1,'2015-03-13 16:36:26',1,'image/jpeg'),(3,'file.pdf',1,'2015-03-14 12:37:33',1,'application/pdf'),(4,'Details 3.pdf',1,'2015-03-28 19:46:51',1,'application/pdf'),(5,'handson-nodejs-sample.pdf',1,'2015-03-31 23:45:46',1,'application/pdf');

/*Data for the table `project_member` */

insert  into `project_member`(`project_member_id`,`project_id`,`user_id`,`member_status`) values (1,1,1,'ACTIVE'),(2,2,1,'ACTIVE'),(3,3,1,'ACTIVE'),(4,1,2,'ACTIVE'),(5,2,2,'ACTIVE'),(6,1,3,'ACTIVE'),(7,2,3,'ACTIVE'),(8,5,4,'ACTIVE'),(9,6,1,'ACTIVE'),(10,7,1,'ACTIVE'),(11,8,1,'ACTIVE'),(12,9,1,'ACTIVE');

/*Data for the table `project_task` */

insert  into `project_task`(`project_task_id`,`project_id`,`title`,`parent_task_id`,`status`,`start_date`,`end_date`,`created_date`,`created_by`,`modified_date`,`modified_by`,`severity`,`description`) values (1,4,'activity1 task1',NULL,'1','2015-06-10','2015-06-25','2015-06-27 07:20:26',1,'2015-06-29 07:50:43',1,'1','activity1 task1'),(3,4,'task2',NULL,'1','2015-06-10','2015-06-18','2015-06-29 07:36:59',1,NULL,NULL,'1','task2 desc'),(4,10,'task5',NULL,'1','2015-06-10','2015-06-18','2015-06-29 20:11:15',1,'2015-06-29 20:12:00',1,'1','task5 desc');

/*Data for the table `project_task_comments` */

/*Data for the table `project_task_files` */

/*Data for the table `project_type` */

insert  into `project_type`(`project_type_id`,`project_type_name`,`created_date`,`created_by`,`modified_date`,`modified_by`,`delete_flag`,`deleted_date`,`deleted_by`,`status`) values (1,'COMMERCIAL','0000-00-00 00:00:00','SYSTEM','0000-00-00 00:00:00','SYSTEM',NULL,NULL,NULL,'ACTIVE'),(2,'RESIDENTIAL','0000-00-00 00:00:00','SYSTEM','0000-00-00 00:00:00','SYSTEM',NULL,NULL,NULL,'ACTIVE'),(3,'INFRASTRUCTURE','0000-00-00 00:00:00','SYSTEM','0000-00-00 00:00:00','SYSTEM',NULL,NULL,NULL,'ACTIVE'),(4,'MEDICAL','0000-00-00 00:00:00','SYSTEM','0000-00-00 00:00:00','SYSTEM',NULL,NULL,NULL,'ACTIVE');

/*Data for the table `project_wall_post` */

/*Data for the table `registration_request` */

insert  into `registration_request`(`id`,`registration_token`,`project_id`,`first_name`,`last_name`,`email`,`company_name`,`phone_number`,`msg`,`status`,`ts_create`,`user_id`,`name`,`company_address1`,`company_address2`,`company_city`,`company_country`,`company_id`,`company_state`,`company_zip`,`company_type_id`) values (1,'59105412948268115378127593144212963720560378802256136938164',5,'Santosh','Pun','santosh8pun@gmail.com','Santosh Company','9808639594','request for demo','ACCT_NEW','2015-06-27 22:22:58',4,NULL,'NY',NULL,'NY','NP',2,'Gandaki','1001',1);

/*Data for the table `states` */

/*Data for the table `task_assignee` */

insert  into `task_assignee`(`task_assignee_id`,`project_task_id`,`task_assignee`,`created_by`,`created_date`,`modified_by`,`modified_date`) values (1,1,1,1,'2015-06-27 07:25:38',NULL,NULL);

/*Data for the table `task_comment` */

insert  into `task_comment`(`task_comment_id`,`task_id`,`comment`,`commented_by`,`commented_date`,`comment_status`) values (3,1,'comment1',1,'2015-06-29 07:52:50','ACTIVE'),(4,4,'comment added',1,'2015-06-29 20:12:30','ACTIVE');

/*Data for the table `task_percentage_log` */

/*Data for the table `task_status` */

insert  into `task_status`(`task_status_id`,`status_code`,`status_name`,`status_description`) values (1,'ACTIVE','Active','Active Status'),(2,'ONGOING','Ongoing','Ongoing Status'),(3,'COMPLETED','Completed','Completed Status'),(4,'PENDING','Pending','Pending Status');

/*Data for the table `time_card` */

/*Data for the table `user` */

insert  into `user`(`user_id`,`user_name`,`user_type_id`,`password`,`salt`,`user_status`,`discipline`,`number_of_login`,`modified_date`,`account_status`) values (1,'sanjeev',1,'6985100076734889696884510487703784506283987032654085698965072647673440244733318949135535660709518102676376586750551229572132175259554869201511778705155270','62249693641032759913716287137561156746752671828656674051366265712056798456644207478076905749691276498065400198845259672176212717989470906284095601846366897104911858816776975760866270014051023992186702622773557871435549271438937976187315268535491988568179447691222423203327922924905197635365401894452464545858','1',1,1,'2014-11-05 02:30:40','ACTIVE'),(2,'santosh',1,'12743122043224347422492019347777528212770461258126373476137874108648870961130325517641486334949198775205185071284442292557518588876333492799779242574399185','69233601208507241839615612362251809087887061499558733846271016995898866376211656852334433898975729254723937914136987510500040154883497964230592038755036340833539509960836012777157025607580170188822472937040641903693996795985374692779645453357250506631430677475918606502218299243767355189649107015291506758815','1',1,1,'2015-06-27 19:01:22','ACTIVE'),(3,'santosh123',1,'143818543519591233958785449093545880827483332933415329256203739790219454152657113219312495622698752858968818017528410269587690678950929984299679196371502','42963137105677291998309679722552906054941835619113764704109490750647748024004928899114093670362698356289361211683048749358242737253566140170827018594259088930557741084825430789188628768752422205351474029025805637621729110761120546765787585633848981211296358750230711736484434113534925005445055834806184549139','1',2,1,'2015-06-27 22:18:52','ACTIVE'),(4,'santoshpun',1,'1314088968069448544142636830252476248047348267255172656823617259442391715597993923138256292663279393556881319159725823810957126701805806027664974612226374','2814188756579499179042624459003022585391610451300370704759230737500813731156792414119713139789687534834535911278805112272790821964201032090838896859291243833024216725205920455877711358935979626069699113117222972347701220131614177055350003081989933299885284164631139705965681580534958787629714576824940372511','1',3,1,'2015-06-27 22:24:27','ACTIVE');

/*Data for the table `user_groups` */

/*Data for the table `user_notification` */

insert  into `user_notification`(`id`,`last_seen_at`,`status`,`text`,`ts_insert`,`user_id`,`notification_type`) values (1,NULL,'NEW','New Project project5 added by Sanjeev Ghimire','2015-06-28 23:25:17',1,'PROJECT'),(2,NULL,'NEW','New Activity activity2 added by Sanjeev Ghimire','2015-06-28 23:26:26',1,'ACTIVITY'),(3,NULL,'NEW','projectTypeText project6  updated by Sanjeev Ghimire','2015-06-29 07:28:25',1,'PROJECT'),(4,NULL,'NEW','projectTypeText project6  updated by Sanjeev Ghimire','2015-06-29 07:32:25',1,'PROJECT'),(5,NULL,'NEW','Project project6  updated by Sanjeev Ghimire','2015-06-29 07:33:22',1,'PROJECT'),(6,NULL,'NEW','New Activity activity3 added by Sanjeev Ghimire','2015-06-29 07:34:49',1,'ACTIVITY'),(7,NULL,'NEW','Activity activity3  updated by Sanjeev Ghimire','2015-06-29 07:35:27',1,'ACTIVITY'),(8,NULL,'NEW','New task task2 added by Sanjeev Ghimire','2015-06-29 07:36:59',1,'TASK'),(9,NULL,'NEW','Task activity1 task1 updated by Sanjeev Ghimire','2015-06-29 07:39:55',1,'TASK'),(10,NULL,'NEW','Task activity1 task1 updated by Sanjeev Ghimire','2015-06-29 07:50:21',1,'TASK'),(11,NULL,'NEW','Task activity1 task1 updated by Sanjeev Ghimire','2015-06-29 07:50:43',1,'TASK'),(14,NULL,'NEW','Comment comment1 added on task activity1 task1','2015-06-29 07:52:50',1,'COMMENT'),(15,NULL,'NEW','Activity activity1  updated by Sanjeev Ghimire','2015-06-29 20:10:25',1,'ACTIVITY'),(16,NULL,'NEW','New task task5 added by Sanjeev Ghimire','2015-06-29 20:11:15',1,'TASK'),(17,NULL,'NEW','Task task5 updated by Sanjeev Ghimire','2015-06-29 20:12:00',1,'TASK'),(18,NULL,'NEW','Comment comment added added on task task5','2015-06-29 20:12:30',1,'COMMENT'),(19,NULL,'NEW','Activity activity1  updated by Sanjeev Ghimire','2015-06-29 20:17:53',1,'ACTIVITY'),(20,NULL,'NEW','Project project6  updated by Sanjeev Ghimire','2015-06-29 20:20:35',1,'PROJECT');

/*Data for the table `user_notification_attribute` */

insert  into `user_notification_attribute`(`id`,`attribute_key`,`attribute_value`,`user_notification_id`) values (1,'notificationType','projectId',1),(2,'notificationId','9',1),(3,'notificationType','activityId',2),(4,'notificationId','10',2),(5,'notificationType','projectId',2),(6,'notificationId','2',2),(7,'notificationType','projectId',3),(8,'notificationId','9',3),(9,'notificationType','projectId',4),(10,'notificationId','9',4),(11,'notificationType','projectId',5),(12,'notificationId','9',5),(13,'notificationType','activityId',6),(14,'notificationId','11',6),(15,'notificationType','projectId',6),(16,'notificationId','2',6),(17,'notificationType','activityId',7),(18,'notificationId','11',7),(19,'notificationType','projectId',7),(20,'notificationId','2',7),(21,'notificationType','taskId',8),(22,'notificationId','3',8),(23,'notificationType','activityId',8),(24,'notificationId','4',8),(25,'notificationType','projectId',8),(26,'notificationId','2',8),(27,'notificationType','taskId',9),(28,'notificationId','1',9),(29,'notificationType','activityId',9),(30,'notificationId','4',9),(31,'notificationType','projectId',9),(32,'notificationId','2',9),(33,'notificationType','taskId',10),(34,'notificationId','1',10),(35,'notificationType','activityId',10),(36,'notificationId','4',10),(37,'notificationType','projectId',10),(38,'notificationId','2',10),(39,'notificationType','taskId',11),(40,'notificationId','1',11),(41,'notificationType','activityId',11),(42,'notificationId','4',11),(43,'notificationType','projectId',11),(44,'notificationId','2',11),(55,'notificationType','commentId',14),(56,'notificationId','3',14),(57,'notificationType','taskId',14),(58,'notificationId','1',14),(59,'notificationType','activityId',14),(60,'notificationId','4',14),(61,'notificationType','projectId',14),(62,'notificationId','2',14),(63,'notificationType','activityId',15),(64,'notificationId','4',15),(65,'notificationType','projectId',15),(66,'notificationId','2',15),(67,'notificationType','taskId',16),(68,'notificationId','4',16),(69,'notificationType','activityId',16),(70,'notificationId','10',16),(71,'notificationType','projectId',16),(72,'notificationId','2',16),(73,'notificationType','taskId',17),(74,'notificationId','4',17),(75,'notificationType','activityId',17),(76,'notificationId','10',17),(77,'notificationType','projectId',17),(78,'notificationId','2',17),(79,'notificationType','commentId',18),(80,'notificationId','4',18),(81,'notificationType','taskId',18),(82,'notificationId','4',18),(83,'notificationType','activityId',18),(84,'notificationId','10',18),(85,'notificationType','projectId',18),(86,'notificationId','2',18),(87,'notificationType','activityId',19),(88,'notificationId','4',19),(89,'notificationType','projectId',19),(90,'notificationId','2',19),(91,'notificationType','projectId',20),(92,'notificationId','9',20);

/*Data for the table `user_profile` */

/*Data for the table `user_safety_info` */

insert  into `user_safety_info`(`id`,`name`,`info`,`discipline_id`,`ts_create`) values (2,'10 fingers, 10 toes 2 eyes 1 nose…safety counts','',1,'2014-12-03 03:26:53'),(3,'10 fingers. 10 toes, If you are not safe Who knows?','',2,'2014-12-03 03:26:53'),(4,'A clean floor everyday keeps lost days away.','',3,'2014-12-03 03:26:53'),(5,'A spill, a slip, a hospital trip','',4,'2014-12-03 03:26:53'),(6,'A tree never hits an automobile except in self defense','',5,'2014-12-03 03:26:53'),(7,'Accidents Big Or Small, Avoid Them All','',1,'2014-12-03 03:26:53'),(8,'Accidents hurt, Safety doesn’t.','',2,'2014-12-03 03:26:53'),(9,'An ounce of prevention is worth a pound of cure','',3,'2014-12-03 03:26:53'),(10,'Are you part of the safety TEAM….(Together Employees Accomplish More)','',4,'2014-12-03 03:26:53'),(11,'Arms work best when attached to the body','',5,'2014-12-03 03:26:54'),(12,'At work at play, let safety lead the way.','',1,'2014-12-03 03:26:54'),(13,'Avoid the worst. Put safety first.','',2,'2014-12-03 03:26:54'),(14,'Be a safety hero – score an accident zero','',3,'2014-12-03 03:26:54'),(15,'Be alert! Accidents hurt.','',4,'2014-12-03 03:26:54'),(16,'Be aware Take care','',5,'2014-12-03 03:26:54'),(17,'Before you do it, take time to think through it.','',1,'2014-12-03 03:26:54'),(18,'Behind the wheel, anger is one letter away from danger.','',2,'2014-12-03 03:26:54'),(19,'Being safe is in your own hands.','',3,'2014-12-03 03:26:54'),(20,'Best gift you can give your family is YOU! Please be safe','',4,'2014-12-03 03:26:54'),(21,'Break the drive and arrive alive.','',5,'2014-12-03 03:26:54'),(22,'Chance takers are accident makers','',2,'2014-12-03 03:26:54'),(23,'Choose safety, for your family.','',1,'2014-12-03 03:26:54'),(24,'Click clack front and back.','',3,'2014-12-03 03:26:55'),(25,'Click it or ticket!','',4,'2014-12-03 03:26:55'),(26,'Computer problems you can avoid, so you don’t have to get paranoid.','',1,'2014-12-03 03:26:55'),(27,'Courtesy and common sense promote safety.','',2,'2014-12-03 03:26:55'),(28,'Courtesy is contagious','',1,'2014-12-03 03:26:55'),(29,'Dare to be aware.','',4,'2014-12-03 03:26:55'),(30,'Do you have eye for safety or are you blinded by bad habits','',1,'2014-12-03 03:26:55'),(31,'Doesn’t matter how far. JUST BELT UP!','',2,'2014-12-03 03:26:55'),(32,'Don’t be a fool, cause safety is cool, so make that your rule.','',3,'2014-12-03 03:26:55'),(33,'Don’t be a fool. Use the proper tool.','',5,'2014-12-03 03:26:55'),(34,'Don’t be hasty when it comes to safety.','',1,'2014-12-03 03:26:55'),(35,'Don’t be safety blinded, be safety minded.','',2,'2014-12-03 03:26:55'),(36,'Don’t learn safety by accident.','',3,'2014-12-03 03:26:55'),(37,'Don’t leave Private information on a public computer screen','',4,'2014-12-03 03:26:55'),(38,'Eyes are priceless, eye protection is cheap.','',5,'2014-12-03 03:26:55'),(39,'Falling objects can be brutal if you don’t protect your noodle.','',2,'2014-12-03 03:26:55'),(40,'Fingers toes, If you are not safe Who knows?','',3,'2014-12-03 03:26:55'),(41,'Forget the nurse with safety first.','',4,'2014-12-03 03:26:55'),(42,'Forgot your hearing protection? Forget about hearing!','',5,'2014-12-03 03:26:55'),(43,'Get in high speed pursuit of safety','',1,'2014-12-03 03:26:56'),(44,'Get smart! Use safety from the start.','',2,'2014-12-03 03:26:56'),(45,'Give them a Brake!','',3,'2014-12-03 03:26:56'),(46,'Got crazy with the lighter? Call a firefighter.','',4,'2014-12-03 03:26:56'),(47,'Hard hats, they’re not just for decoration','',5,'2014-12-03 03:26:56'),(48,'Have another day by being safe today!','',1,'2014-12-03 03:26:56'),(49,'Hearing protection is a sound investment.','',1,'2014-12-03 03:26:56'),(50,'Housekeeping you skip may cause a fall or slip.','',1,'2014-12-03 03:26:56'),(51,'If everything comes your way, you are in the wrong lane.','',1,'2014-12-03 03:26:56'),(52,'If they email you asking for cash, be sure to throw it in the trash.','',1,'2014-12-03 03:26:56'),(53,'If they email you asking for Money, Say no thanks I won’t fall for it honey.','',2,'2014-12-03 03:26:56'),(54,'If you don’t know the sender, it might be a pretender','',3,'2014-12-03 03:26:56'),(55,'If you don’t think it will happen to you, find the person who had it happen to them','',1,'2014-12-03 03:26:56'),(56,'If you mess up, ‘fess up','',1,'2014-12-03 03:26:56'),(57,'Is better to lose one minute in life… than to lose life in a minute.','',1,'2014-12-03 03:26:56'),(58,'It only takes one mistake to bring us all down; don’t let it be yours!','',1,'2014-12-03 03:26:57'),(59,'It’s easier to ask a dumb question than it is to fix a dumb mistake','',1,'2014-12-03 03:26:57'),(60,'Keep a grip on life and protect your hands','',1,'2014-12-03 03:26:57'),(61,'Keep safety in mind. It will save your behind.','',1,'2014-12-03 03:26:57'),(62,'Keeping your work area clean, helps keep hazards from being unseen.','',1,'2014-12-03 03:26:57'),(63,'Knock out…accidents','',1,'2014-12-03 03:26:57'),(64,'Know safety – no pain','',1,'2014-12-03 03:26:57'),(65,'Know safety No Accidents','',1,'2014-12-03 03:26:57'),(66,'Lead the way, safety today.','',1,'2014-12-03 03:26:57'),(67,'Learn from others mistakes, don’t have others learn from you.','',1,'2014-12-03 03:26:57'),(68,'Let’s all keep our heads, and other body parts, together','',1,'2014-12-03 03:26:57'),(69,'Life’s short, don’t rush it','',1,'2014-12-03 03:26:57'),(70,'Light up your tree – not your home','',1,'2014-12-03 03:26:57'),(71,'Make it your mission, not to live in unsafe condition.','',1,'2014-12-03 03:26:57'),(72,'Make safety a reality and don’t be a fatality','',1,'2014-12-03 03:26:57'),(73,'My job provides my paycheck, but safety takes me home.','',1,'2014-12-03 03:26:57'),(74,'Near miss reported today, is the accident that does not happen tomorrow.','',1,'2014-12-03 03:26:57'),(75,'Never drive faster than your guardian angel can fly','',1,'2014-12-03 03:26:57'),(76,'Never give safety a day off','',1,'2014-12-03 03:26:57'),(77,'No Belt. No Brains','',1,'2014-12-03 03:26:57'),(78,'No safety – know pain','',1,'2014-12-03 03:26:57'),(79,'One bad day at the grinder could ruin your whole life','',1,'2014-12-03 03:26:57'),(80,'Only You can prevent forest fires!','',1,'2014-12-03 03:26:57'),(81,'Pencils have erasers–mishaps don’t!','',1,'2014-12-03 03:26:58'),(82,'Prevent a jam, don’t open spam','',1,'2014-12-03 03:26:58'),(83,'Protect your hands, you need them to pick up your pay check','',1,'2014-12-03 03:26:58'),(84,'Quench the thirst – safety first','',1,'2014-12-03 03:26:58'),(85,'Replacing a saw guard is easier than replacing a finger','',1,'2014-12-03 03:26:58'),(86,'Safe crane operation is uplifting','',1,'2014-12-03 03:26:58'),(87,'Safety – A small investment for a rich future','',1,'2014-12-03 03:26:58'),(88,'Safety by Choice, Not by Chance.','',1,'2014-12-03 03:26:58'),(89,'Safety comes in a can, I can, You can, We can be safe.','',1,'2014-12-03 03:26:58'),(90,'Safety doesn’t happen by accident','',1,'2014-12-03 03:26:58'),(91,'Safety first makes us last.','',1,'2014-12-03 03:26:58'),(92,'Safety First, Avoid the Worst.','',1,'2014-12-03 03:26:58'),(93,'Safety first, to last.','',1,'2014-12-03 03:26:58'),(94,'Safety first…because accidents last.','',1,'2014-12-03 03:26:58'),(95,'Safety fits like a glove; Try one on.','',1,'2014-12-03 03:26:58'),(96,'Safety Glasses – All in favor say EYE','',1,'2014-12-03 03:26:58'),(97,'Safety in – we win','',1,'2014-12-03 03:26:58'),(98,'Safety is a cheap and effective insurance policy','',1,'2014-12-03 03:26:58'),(99,'Safety is a continuing journey, not a final destination.','',1,'2014-12-03 03:26:58'),(100,'Safety is a frame of mind – So concentrate on it all the time.','',1,'2014-12-03 03:26:59'),(101,'Safety is a Frame of Mind, Get the Picture.','',1,'2014-12-03 03:26:59'),(102,'Safety is a full time job – don’t make it a part time practice','',1,'2014-12-03 03:26:59'),(103,'Safety is a mission not an intermission','',1,'2014-12-03 03:26:59'),(104,'Safety is about doing the right thing, even if no one is looking.','',1,'2014-12-03 03:26:59'),(105,'Safety is as simple as ABC – Always Be Careful','',1,'2014-12-03 03:26:59'),(106,'Safety is like a lock – But you are the key.','',1,'2014-12-03 03:26:59'),(107,'Safety is no accident','',1,'2014-12-03 03:26:59'),(108,'Safety is success by purpose – Not Accident.','',1,'2014-12-03 03:26:59'),(109,'Safety isn’t a hobby, it’s a living.','',1,'2014-12-03 03:26:59'),(110,'Safety isn’t expensive it’s priceless.','',1,'2014-12-03 03:26:59'),(111,'Safety isn’t just a slogan, it’s a way of life.','',1,'2014-12-03 03:26:59'),(112,'Safety makes good dollars and sense','',1,'2014-12-03 03:26:59'),(113,'Safety rules are there to follow. So take care and we will see you tomorrow.','',1,'2014-12-03 03:26:59'),(114,'Safety rules are your best tools.','',1,'2014-12-03 03:26:59'),(115,'Safety saves, Accidents cost you.','',1,'2014-12-03 03:26:59'),(116,'Safety starts with “S” but begins with “YOU”.','',1,'2014-12-03 03:27:00'),(117,'Safety starts with me.','',1,'2014-12-03 03:27:00'),(118,'Safety: more fun than running with scissors','',1,'2014-12-03 03:27:00'),(119,'Safety… It can charm you, or ALARM you!','',1,'2014-12-03 03:27:00'),(120,'Safety…Did it, done it, doing it tomorrow','',1,'2014-12-03 03:27:00'),(121,'Safety…one habit you never need to break','',1,'2014-12-03 03:27:00'),(122,'Save tomorrow. Think safety today.','',1,'2014-12-03 03:27:00'),(123,'Seat Belts are for kids – Hug them at home – Belt them in the car','',1,'2014-12-03 03:27:00'),(124,'Seatbelts save lives. Buckle up everytime.','',1,'2014-12-03 03:27:00'),(125,'Shortcuts cut life short','',1,'2014-12-03 03:27:00'),(126,'Speed Thrills but Kills.','',1,'2014-12-03 03:27:00'),(127,'Stay safe, someone at home is waiting for you.','',1,'2014-12-03 03:27:00'),(128,'Stop drop & roll','',1,'2014-12-03 03:27:00'),(129,'Success is no accident','',1,'2014-12-03 03:27:00'),(130,'The best car safety device is a rear-view mirror with a cop in it.','',1,'2014-12-03 03:27:00'),(131,'The door to Safety swings on the hinges of common sense','',1,'2014-12-03 03:27:00'),(132,'The only trip you take should be on vacation.','',1,'2014-12-03 03:27:00'),(133,'The safe way is the only way.','',1,'2014-12-03 03:27:00'),(134,'The stupid shall be punished','',1,'2014-12-03 03:27:00'),(135,'Think Safety, Because I Love You Man.','',1,'2014-12-03 03:27:00'),(136,'Think sharp….never handle broken glass with bare hands.','',1,'2014-12-03 03:27:00'),(137,'Think smart before you start.','',1,'2014-12-03 03:27:00'),(138,'Those precious fingers don’t ignore, Or they could end up on the floor.','',1,'2014-12-03 03:27:00'),(139,'Those who work the safest way- live to see another day','',1,'2014-12-03 03:27:01'),(140,'To avoid a scene keep your work place clean.','',1,'2014-12-03 03:27:01'),(141,'To prevent a drastic call, Install a firewall','',1,'2014-12-03 03:27:01'),(142,'Tomorrow: Your reward for working safely today.','',1,'2014-12-03 03:27:01'),(143,'Trying to make up time could cost you your life.','',1,'2014-12-03 03:27:01'),(144,'Unsafe acts will keep you in stitches','',1,'2014-12-03 03:27:01'),(145,'Watch where you walk or you might need a walker.','',1,'2014-12-03 03:27:01'),(146,'Watch your step – it could be your last tomorrow','',1,'2014-12-03 03:27:01'),(147,'whats holding you back?','',1,'2014-12-03 03:27:01'),(148,'When you gamble with safety ..You bet your life.','',1,'2014-12-03 03:27:01'),(149,'While on a ladder, never step back to admire your work','',1,'2014-12-03 03:27:01'),(150,'Wipe Up and avoid a Slip Up!','',1,'2014-12-03 03:27:01'),(151,'Work safe today–heaven can wait.','',1,'2014-12-03 03:27:01'),(152,'Work together…work safely.','',1,'2014-12-03 03:27:01'),(153,'Working safely may get old, but so do those who practice it.','',1,'2014-12-03 03:27:01'),(154,'Your first mistake could be your last','',1,'2014-12-03 03:27:01'),(155,'Your reward for working safely today.','',1,'2014-12-03 03:27:01'),(156,'Your wife will spend your 401K; If you get killed at work today.','',1,'2014-12-03 03:27:01'),(157,'Protect your hands, you need them to pick up your pay check','',1,'2014-12-03 03:27:01'),(158,'Your wife will spend your 401K; If you get killed at work today','',1,'2014-12-03 03:27:01'),(159,'Safety…Did it, done it, doing it tomorrow','',1,'2014-12-03 03:27:01'),(160,'Watch your step - it could be your last tomorrow','',1,'2014-12-03 03:27:01'),(161,'Those precious fingers don’t ignore. . . Or they could end up on the floor','',1,'2014-12-03 03:27:01'),(162,'Your reward for working safely today.','',1,'2014-12-03 03:27:02'),(163,'Those who work the safest way- live to see another day','',1,'2014-12-03 03:27:02'),(164,'Get in high speed pursuit of safety','',1,'2014-12-03 03:27:02'),(165,'Seat Belts are for kids - Hug them at home - Belt them in the car','',1,'2014-12-03 03:27:02'),(166,'Safe crane operation is uplifting','',1,'2014-12-03 03:27:02'),(167,'Pencils have erasers–mishaps don’t!','',1,'2014-12-03 03:27:02'),(168,'Work safe today–heaven can wait.','',1,'2014-12-03 03:27:02'),(169,'Safety is a mission not an intermission','',1,'2014-12-03 03:27:02'),(170,'Safety doesn’t happen by accident','',1,'2014-12-03 03:27:02'),(171,'A spill, a slip, a hospital trip ','',1,'2014-12-03 03:27:02'),(172,'Falling objects can be brutal if you don’t protect your noodle','',1,'2014-12-03 03:27:02'),(173,'Safety glasses: All in favor say “Eye!”','',1,'2014-12-03 03:27:02'),(174,'It’s easier to ask a dumb question than it is to fix a dumb mistake','',1,'2014-12-03 03:27:02'),(175,'Safety isn’t a hobby, it’s a living.','',1,'2014-12-03 03:27:02'),(176,'Safety - A small investment for a rich future','',1,'2014-12-03 03:27:02'),(177,'Safety is no accident','',1,'2014-12-03 03:27:02'),(178,'Safety is a cheap and effective insurance policy','',1,'2014-12-03 03:27:02'),(179,'Let’s all keep our heads, and other body parts, together','',1,'2014-12-03 03:27:02'),(180,'While on a ladder, never step back to admire your work','',1,'2014-12-03 03:27:02'),(181,'Quench the thirst – safety first','',1,'2014-12-03 03:27:02'),(182,'When you gamble with safety you bet your life','',1,'2014-12-03 03:27:02'),(183,'The stupid shall be punished','',1,'2014-12-03 03:27:02'),(184,'Chance takers are accident makers','',1,'2014-12-03 03:27:02'),(185,'Safety is a full time job; don’t make it a part time practice','',1,'2014-12-03 03:27:02'),(186,'The door to Safety swings on the hinges of common sense','',1,'2014-12-03 03:27:02'),(187,'Is better to lose one minute in life… than to lose life in a minute.','',1,'2014-12-03 03:27:02'),(188,'Safety — a small investment for a rich future','',1,'2014-12-03 03:27:03'),(189,'Your first mistake could be your last','',1,'2014-12-03 03:27:03'),(190,'Safety isn’t expensive it’s priceless.','',1,'2014-12-03 03:27:03'),(191,'Safety is as simple as ABC…Always Be Careful','',1,'2014-12-03 03:27:03'),(192,'Unsafe acts will keep you in stitches','',1,'2014-12-03 03:27:03'),(193,'Knock out…accidents','',1,'2014-12-03 03:27:03'),(194,'If you mess up, ‘fess up','',1,'2014-12-03 03:27:03'),(195,'Hard hats, they’re not just for decoration','',1,'2014-12-03 03:27:03'),(196,'If you don’t think it will happen to you, find the person who had it happen to them','',1,'2014-12-03 03:27:03'),(197,'Keep safety in mind. It will save your behind.','',1,'2014-12-03 03:27:03'),(198,'One bad day at the grinder could ruin your whole life','',1,'2014-12-03 03:27:03'),(199,'Shortcuts cut life short','',1,'2014-12-03 03:27:03');

/*Data for the table `user_session_info` */

insert  into `user_session_info`(`user_session_info_id`,`user_id`,`login_token`,`created_date`,`expire_date`,`is_expired`) values (1,1,'3f23fbf2-8e9e-4426-8a64-651c09909f55','2015-06-26 09:21:37','9999-12-31 00:00:00','0'),(2,1,'784c6817-7074-42fa-af20-914eca545484','2015-06-26 20:44:24','9999-12-31 00:00:00','0'),(3,1,'ba7cf9de-291f-4d96-8375-d4b6c1512776','2015-06-26 21:12:53','9999-12-31 00:00:00','0'),(4,1,'e8f3d700-97e1-468d-9472-3e19688c053f','2015-06-26 21:12:59','9999-12-31 00:00:00','0'),(5,1,'d4ae15db-e282-4990-a9a8-998e40778b6e','2015-06-26 21:13:19','9999-12-31 00:00:00','0'),(6,1,'23270a2e-c202-4ec2-8f6c-a8496105bbbf','2015-06-26 21:16:19','9999-12-31 00:00:00','0'),(7,1,'daade456-efaf-43ec-b5b7-b480a095aaa2','2015-06-27 06:59:43','9999-12-31 00:00:00','0'),(8,1,'77e83be4-966f-44ec-9e0c-084a399394de','2015-06-27 07:00:22','9999-12-31 00:00:00','0'),(9,1,'58c00cbd-7dc6-4515-81f4-9b1990e4532a','2015-06-27 07:07:36','9999-12-31 00:00:00','0'),(10,1,'01e577f9-e144-4cbf-93f3-fde6b0ac7af6','2015-06-27 07:09:34','9999-12-31 00:00:00','0'),(11,1,'10b7528a-2929-4c04-9af9-d9af8ae3deb5','2015-06-27 07:21:50','9999-12-31 00:00:00','0'),(12,1,'77173703-1605-4829-8f20-f088b32c03f1','2015-06-27 07:32:35','9999-12-31 00:00:00','0'),(13,1,'3dfd836e-391b-4c37-88c2-57a6844096f4','2015-06-27 19:15:58','9999-12-31 00:00:00','0'),(14,2,'0234ce9b-91b4-4196-9077-b87ab0f88409','2015-06-27 19:17:26','9999-12-31 00:00:00','0'),(15,1,'69df8232-c4cc-439d-8f1c-7cd74e9ba241','2015-06-27 21:58:24','9999-12-31 00:00:00','0'),(16,2,'eb746a85-f94c-4627-b718-1196b8ed54e4','2015-06-27 21:59:01','9999-12-31 00:00:00','0'),(17,1,'0bc15cac-cad1-48e2-aac3-3b85718dc8d6','2015-06-27 21:59:08','9999-12-31 00:00:00','0'),(18,1,'c2fb909a-3f06-49b7-aff5-ea65a3a27f3e','2015-06-27 22:07:42','9999-12-31 00:00:00','0'),(19,1,'bbed87de-820a-4499-8f14-223a26854f02','2015-06-27 22:10:23','9999-12-31 00:00:00','0'),(20,3,'ee80d174-e196-4bc8-ae57-3d81a57491fb','2015-06-27 22:19:54','9999-12-31 00:00:00','0'),(21,4,'4a1f991c-0432-41e2-af73-1dba2d9995f5','2015-06-27 22:25:47','9999-12-31 00:00:00','0'),(22,1,'da3c2460-1695-45e6-87ba-e8694cb36fe6','2015-06-27 22:46:29','9999-12-31 00:00:00','0'),(23,1,'d4cf7f37-7cba-4f94-9fa1-aa5bc61acd2c','2015-06-27 22:47:06','9999-12-31 00:00:00','0'),(24,1,'6cc2c1a4-27e8-4f6d-b7fc-c97ac66bef83','2015-06-27 22:56:06','9999-12-31 00:00:00','0'),(25,1,'dddfe65c-b46a-46a9-9294-d8c410fbcd86','2015-06-27 22:56:27','9999-12-31 00:00:00','0'),(26,1,'e8b54ab2-a888-4e23-b1d1-e43ae299c2ee','2015-06-27 22:57:21','9999-12-31 00:00:00','0'),(27,1,'680cb354-a019-4bf1-a9ce-6433ed8a8e6c','2015-06-27 22:57:59','9999-12-31 00:00:00','0'),(28,1,'def4a2a9-14b0-4b4f-a0bf-1ab1bb658fe5','2015-06-27 22:58:46','9999-12-31 00:00:00','0'),(29,1,'e9373366-5eca-4682-9362-ac1f51e0f829','2015-06-27 22:59:12','9999-12-31 00:00:00','0'),(30,1,'65be7067-fc23-4560-88d7-1f3bd5cba1ab','2015-06-27 23:00:28','9999-12-31 00:00:00','0'),(31,2,'0030b04f-2d79-4b74-9429-dea07817b38b','2015-06-27 23:00:38','9999-12-31 00:00:00','0'),(32,1,'53a8a343-4888-4fa1-a598-c9be50b87af1','2015-06-27 23:00:59','9999-12-31 00:00:00','0'),(33,1,'6f102a6a-fc1e-4956-a732-3c879863a432','2015-06-27 23:01:35','9999-12-31 00:00:00','0'),(34,2,'5e848c8c-fc0c-42b7-b1d5-db46251a5e39','2015-06-27 23:02:56','9999-12-31 00:00:00','0'),(35,1,'6a91bacb-78fa-46d6-ae99-0b95df8c6bad','2015-06-27 23:12:48','9999-12-31 00:00:00','0'),(36,2,'b57d8fae-bf0b-4178-aaca-0015204bc492','2015-06-27 23:55:07','9999-12-31 00:00:00','0'),(37,1,'f427fb31-65e0-4b60-9e3a-c00c0db5d49c','2015-06-28 19:28:51','9999-12-31 00:00:00','0'),(38,1,'5da0093a-30a6-499e-bc27-cd4794c44be9','2015-06-28 20:17:29','9999-12-31 00:00:00','0'),(39,1,'b9401845-c65b-4caa-aca2-79d5e784826c','2015-06-28 23:10:01','9999-12-31 00:00:00','0'),(40,1,'254cbddf-5803-4988-8f07-90df2d034b37','2015-06-29 07:27:46','9999-12-31 00:00:00','0'),(41,1,'b8c2810b-9ae8-4dd8-b06e-51a1e0344c32','2015-06-29 20:08:41','9999-12-31 00:00:00','0'),(42,1,'b33b08e3-6011-40bf-b846-8b6fc92ea64a','2015-06-29 20:09:47','9999-12-31 00:00:00','0'),(43,1,'3c5d51d6-6e28-4f32-a715-a5816deb4c77','2015-06-29 20:10:05','9999-12-31 00:00:00','0'),(44,1,'46bd3056-015a-4eb3-886d-badd2557ac01','2015-06-29 21:41:29','9999-12-31 00:00:00','0'),(45,1,'905dbb96-be8b-4b1d-9074-3f0c3aaf2caa','2015-06-29 21:43:49','9999-12-31 00:00:00','0'),(46,1,'671f9ed7-31ef-4d2c-89a5-1cfda43e5d4e','2015-06-29 21:44:01','9999-12-31 00:00:00','0'),(47,1,'4090d0e3-15d7-4682-baf7-1ce4c11d6632','2015-06-29 21:44:29','9999-12-31 00:00:00','0'),(48,1,'b9acda91-92d5-4cd5-a270-01f152c4b49d','2015-06-29 21:44:50','9999-12-31 00:00:00','0'),(49,1,'af0eb780-366b-40ea-858a-18f252e72062','2015-06-29 21:45:06','9999-12-31 00:00:00','0'),(50,1,'f9b2fc35-66d7-4495-aa09-7437c74c0a2b','2015-06-29 22:04:37','9999-12-31 00:00:00','0'),(51,1,'71208222-4190-419e-89a2-4b70d22f3ad7','2015-06-29 22:04:44','9999-12-31 00:00:00','0'),(52,1,'03729577-c08e-4b6f-add5-6e14297d878c','2015-06-29 22:12:00','9999-12-31 00:00:00','0'),(53,1,'585a4448-a5cf-468d-a18d-91650fd96683','2015-06-29 22:12:13','9999-12-31 00:00:00','0');

/*Data for the table `user_type` */

insert  into `user_type`(`user_type_id`,`user_type`,`created_date`,`created_by`,`modified_date`,`modified_by`,`is_expired`) values (1,'USER','0000-00-00 00:00:00','SYSTEM','0000-00-00 00:00:00','SYSTEM','0');

/*!40101 SET SQL_MODE=@OLD_SQL_MODE */;
/*!40014 SET FOREIGN_KEY_CHECKS=@OLD_FOREIGN_KEY_CHECKS */;
/*!40014 SET UNIQUE_CHECKS=@OLD_UNIQUE_CHECKS */;
/*!40111 SET SQL_NOTES=@OLD_SQL_NOTES */;
