/*
SQLyog Ultimate v11.33 (64 bit)
MySQL - 5.5.43-0ubuntu0.14.04.1 : Database - ontarget
*********************************************************************
*/

/*!40101 SET NAMES utf8 */;

/*!40101 SET SQL_MODE=''*/;

/*!40014 SET @OLD_UNIQUE_CHECKS=@@UNIQUE_CHECKS, UNIQUE_CHECKS=0 */;
/*!40014 SET @OLD_FOREIGN_KEY_CHECKS=@@FOREIGN_KEY_CHECKS, FOREIGN_KEY_CHECKS=0 */;
/*!40101 SET @OLD_SQL_MODE=@@SQL_MODE, SQL_MODE='NO_AUTO_VALUE_ON_ZERO' */;
/*!40111 SET @OLD_SQL_NOTES=@@SQL_NOTES, SQL_NOTES=0 */;
CREATE DATABASE /*!32312 IF NOT EXISTS*/`ontarget` /*!40100 DEFAULT CHARACTER SET latin1 */;

USE `ontarget`;

/*Table structure for table `accident_report` */

DROP TABLE IF EXISTS `accident_report`;

CREATE TABLE `accident_report` (
  `accident_report_id` int(11) NOT NULL AUTO_INCREMENT,
  `project_id` int(11) NOT NULL,
  `submitted_to` varchar(45) DEFAULT NULL,
  `supervisor_name` varchar(45) DEFAULT NULL,
  `witness` varchar(45) DEFAULT NULL,
  `location` varchar(45) DEFAULT NULL,
  `brief_of_accident` varchar(45) DEFAULT NULL,
  `severity` varchar(45) DEFAULT NULL,
  `description` varchar(45) DEFAULT NULL,
  `body_part_affected` varchar(45) DEFAULT NULL,
  `date_of_accident` date DEFAULT NULL,
  `time_of_accident` varchar(45) DEFAULT NULL,
  `injured_visited_doctor` varchar(3) DEFAULT NULL,
  `workers_compensation_filed` varchar(3) DEFAULT NULL,
  `injured_left_job` varchar(3) DEFAULT NULL,
  `date_injured_left_job` date DEFAULT NULL,
  `time_injured_left_job` varchar(45) DEFAULT NULL,
  `possible_preventive_measures` varchar(45) DEFAULT NULL,
  `unsafe_conditions_corrected` varchar(3) DEFAULT NULL,
  `correction_measures_performed` varchar(45) DEFAULT NULL,
  `correction_measures_to_be_performed` varchar(45) DEFAULT NULL,
  PRIMARY KEY (`accident_report_id`),
  KEY `project_2_accident_report_idx` (`project_id`)
) ENGINE=InnoDB AUTO_INCREMENT=6 DEFAULT CHARSET=latin1;

/*Data for the table `accident_report` */

insert  into `accident_report`(`accident_report_id`,`project_id`,`submitted_to`,`supervisor_name`,`witness`,`location`,`brief_of_accident`,`severity`,`description`,`body_part_affected`,`date_of_accident`,`time_of_accident`,`injured_visited_doctor`,`workers_compensation_filed`,`injured_left_job`,`date_injured_left_job`,`time_injured_left_job`,`possible_preventive_measures`,`unsafe_conditions_corrected`,`correction_measures_performed`,`correction_measures_to_be_performed`) values (1,1,'Test Value','Test Value','Test Value','Test Value','Test Value','Test Value','Test Value','Test Value','2015-03-13','12345','YES','YES','YES','2015-03-13','Test Value','Test Value','YES','Test Value','Test Value'),(2,1,'1177202090','1177202090','1177202090','np','brief','High','desc','desc','2015-03-13','2015-03-28T18:15:00.000Z','NO','NO','NO',NULL,NULL,'hey','YES','hey hey',NULL),(3,1,'Test Value','Test Value','Test Value','Test Value','Test Value','Test Value','Test Value','Test ','2015-03-13','2015-03-13','T','Te','T','2015-03-13','T','Test','Y','Y','Y'),(4,1,'Test Value','Test Value','Test Value','Test Value','Test Value','Test Value','Test Value','Y','2015-03-10','12345','Y','Y','Y','2015-03-10','Te','Tes','Y','Y','Tes'),(5,1,'1177202090','1177202090','1177202090','NP','test','High','test','test','2015-03-30','2015-03-30T18:15:00.000Z','NO','NO','NO',NULL,NULL,'test','NO',NULL,'test');

/*Table structure for table `activity_category` */

DROP TABLE IF EXISTS `activity_category`;

CREATE TABLE `activity_category` (
  `id` bigint(20) NOT NULL,
  `name` varchar(255) NOT NULL,
  `description` text NOT NULL,
  `ts_insert` timestamp NOT NULL DEFAULT CURRENT_TIMESTAMP,
  PRIMARY KEY (`id`)
) ENGINE=InnoDB DEFAULT CHARSET=latin1;

/*Data for the table `activity_category` */

/*Table structure for table `activity_log` */

DROP TABLE IF EXISTS `activity_log`;

CREATE TABLE `activity_log` (
  `id` bigint(20) NOT NULL AUTO_INCREMENT,
  `text` text,
  `category` bigint(20) DEFAULT NULL,
  `ts_insert` timestamp NOT NULL DEFAULT CURRENT_TIMESTAMP,
  `project_id` int(11) DEFAULT NULL,
  `user_id` int(11) DEFAULT NULL,
  PRIMARY KEY (`id`),
  KEY `FK_csf0njobhrvcaaryhn9ya8vje` (`user_id`),
  CONSTRAINT `FK_csf0njobhrvcaaryhn9ya8vje` FOREIGN KEY (`user_id`) REFERENCES `user` (`user_id`)
) ENGINE=InnoDB AUTO_INCREMENT=1402 DEFAULT CHARSET=latin1;

/*Data for the table `activity_log` */

insert  into `activity_log`(`id`,`text`,`category`,`ts_insert`,`project_id`,`user_id`) values (165,NULL,2,'2015-03-14 13:37:54',2,1),(166,'project 7 updated by 1',3,'2015-03-14 13:38:28',2,1),(167,'project 7 updated by 1',3,'2015-03-14 13:38:41',2,1),(168,'New task task1 of id 1 added by 1',4,'2015-03-14 13:53:02',2,1),(169,'New task hola of id 2 added by 1',4,'2015-03-14 15:02:17',2,1),(170,'New task hop of id 3 added by 1',4,'2015-03-14 15:08:00',2,1),(171,'New task hello hello of id 4 added by 1',4,'2015-03-14 15:10:17',2,1),(172,'New task hoho of id 5 added by 1',4,'2015-03-14 15:21:32',2,1),(173,'New task heh of id 6 added by 1',4,'2015-03-14 15:41:02',2,1),(174,'New task hey of id 7 added by 1',4,'2015-03-14 15:44:12',2,1),(175,'New task tuts of id 8 added by 1',4,'2015-03-14 15:44:35',2,1),(176,'New task haha of id 9 added by 1',4,'2015-03-14 15:45:28',2,1),(177,'New task haha of id 10 added by 1',4,'2015-03-14 15:46:41',2,1),(178,'New task hono of id 11 added by 1',4,'2015-03-14 15:48:55',2,1),(179,'New task haha of id 12 added by 1',4,'2015-03-14 15:53:48',2,1),(180,'New file IMG_5312.JPG uploaded for task 10 by user 1',10,'2015-03-14 15:56:30',2,1),(181,'New file file.pdf uploaded for task 10 by user 1',10,'2015-03-14 16:09:02',2,1),(182,'New planned cost added for task 10 by user 1',6,'2015-03-14 17:23:50',2,1),(183,'New planned cost added for task 10 by user 1',6,'2015-03-14 17:23:50',2,1),(184,'New planned cost added for task 10 by user 1',6,'2015-03-14 17:27:10',2,1),(185,'New planned cost added for task 10 by user 1',6,'2015-03-14 17:27:10',2,1),(186,'New assignee 1177202090 added for task 11',9,'2015-03-15 10:29:35',2,1),(187,'New assignee 1177202090 added for task 10',9,'2015-03-15 10:30:23',2,1),(188,'Task 1 is made dependent on task 1 by user 1',11,'2015-03-18 22:44:44',2,1),(189,'New task task1 of id 13 added by 1',4,'2015-03-18 22:44:48',2,1),(190,'New task task1 of id 14 added by 1',4,'2015-03-18 22:45:17',2,1),(191,'New task task1 of id 15 added by 1',4,'2015-03-18 22:47:06',2,1),(192,'New task task1 of id 16 added by 1',4,'2015-03-18 22:51:37',2,1),(193,'New task task1 of id 17 added by 1',4,'2015-03-18 22:56:51',2,1),(194,'New task task1 of id 18 added by 1',4,'2015-03-18 22:59:17',2,1),(195,NULL,2,'2015-03-25 22:22:53',2,1),(196,'task task1 of id 17 updated by 1',5,'2015-03-28 10:36:16',2,1),(197,'task task1 of id 17 updated by 1',5,'2015-03-28 10:36:47',2,1),(198,'New planned cost added for task 10 by user 1',6,'2015-03-28 19:40:03',2,1),(200,'project 6 updated by 1',3,'2015-04-05 21:34:15',2,1),(201,'project 7 updated by 1',3,'2015-04-05 21:34:15',2,1),(204,'project 1 updated by 1',3,'2015-04-05 21:55:13',2,1),(205,'New Activity project name added by sanjeev@ontargetcloud.com',2,'2015-04-09 08:00:59',2,1),(206,'New Activity project name added by sanjeev@ontargetcloud.com',2,'2015-04-09 08:02:37',2,1),(207,'New Activity project name added by sanjeev@ontargetcloud.com',2,'2015-04-09 08:03:28',2,1),(208,'Activity Simon and Barron WEA Residential updated by sanjeev@ontargetcloud.com',2,'2015-04-09 08:05:28',2,1),(209,'Activity project name updated by sanjeev@ontargetcloud.com',2,'2015-04-09 08:05:28',2,1),(210,'New Activity project name added by sanjeev@ontargetcloud.com',2,'2015-04-09 08:29:44',2,1),(211,'New Activity project name added by sanjeev@ontargetcloud.com',2,'2015-04-09 08:32:14',2,1),(212,'Activity project name updated by sanjeev@ontargetcloud.com',2,'2015-04-09 08:41:58',2,1),(213,'Activity project name updated by sanjeev@ontargetcloud.com',2,'2015-04-09 08:41:59',2,1),(214,NULL,2,'2015-04-09 08:42:21',2,1),(215,'New Activity project name added by sanjeev@ontargetcloud.com',2,'2015-04-09 19:50:05',2,1),(223,NULL,2,'2015-04-09 21:20:22',2,1),(224,'Activity project name2 updated by sanjeev@ontargetcloud.com',2,'2015-04-09 21:20:25',2,1),(225,'Activity project name3 updated by sanjeev@ontargetcloud.com',2,'2015-04-09 21:20:29',2,1),(226,'Activity project name4 updated by sanjeev@ontargetcloud.com',2,'2015-04-09 21:20:32',2,1),(227,'Activity project name2 updated by sanjeev@ontargetcloud.com',2,'2015-04-09 21:20:37',2,1),(228,'Activity project name3 updated by sanjeev@ontargetcloud.com',2,'2015-04-09 21:20:38',2,1),(229,'Activity project name1 updated by santosh8pun@gmail.com',2,'2015-04-09 21:47:57',2,1),(230,'Activity project name1 updated by santosh7pun@gmail.com',2,'2015-04-09 23:07:15',2,1),(231,'New Activity new project added by sanjeev@ontargetcloud.com',2,'2015-04-10 00:15:51',2,1),(232,'New Activity new project2 added by sanjeev@ontargetcloud.com',2,'2015-04-10 00:18:38',2,1),(233,'New Activity new project23 added by sanjeev@ontargetcloud.com',2,'2015-04-10 00:19:40',2,1),(234,'Activity activity1 updated by sanjeev@ontargetcloud.com',2,'2015-04-10 01:05:56',2,1),(235,'Activity main project2 updated by sanjeev@ontargetcloud.com',2,'2015-04-10 01:06:02',2,1),(236,'New Activity new project231 added by sanjeev@ontargetcloud.com',2,'2015-04-10 20:56:26',2,1),(237,'New Activity new project1231 added by sanjeev@ontargetcloud.com',2,'2015-04-10 21:00:57',2,1),(238,'Activity new project231 updated by sanjeev@ontargetcloud.com',2,'2015-04-11 01:12:41',2,1),(239,'New Activity new project1231 added by sanjeev@ontargetcloud.com',2,'2015-04-11 07:42:28',2,1),(240,'New task task134 added by sanjeev@ontargetcloud.com',4,'2015-04-11 08:21:38',2,1),(241,'New task task1 added by sanjeev@ontargetcloud.com',4,'2015-04-11 11:17:00',2,1),(242,'Task task task updated by sanjeev@ontargetcloud.com',5,'2015-04-11 13:27:10',2,1),(243,'New Activity proj5 added by sanjeev@ontargetcloud.com',2,'2015-04-11 22:04:49',2,1),(244,'New Activity project name added by sanjeev@ontargetcloud.com',2,'2015-04-15 20:49:18',2,1),(245,'New Activity project name added by sanjeev@ontargetcloud.com',2,'2015-04-15 21:44:43',2,1),(246,'Activity new project1231 updated by sanjeev@ontargetcloud.com',2,'2015-04-15 21:44:52',2,1),(247,'Activity new project1231 updated by sanjeev@ontargetcloud.com',2,'2015-04-15 21:46:09',2,1),(248,'Activity new project1231 updated by sanjeev@ontargetcloud.com',2,'2015-04-15 21:46:57',2,1),(249,'Activity new project1231 updated by sanjeev@ontargetcloud.com',2,'2015-04-15 21:47:37',2,1),(250,'Activity new project1231 updated by sanjeev@ontargetcloud.com',2,'2015-04-15 21:50:00',2,1),(251,'Task task1 updated by sanjeev@ontargetcloud.com',5,'2015-04-15 23:07:56',2,1),(252,'Task haha updated by sanjeev@ontargetcloud.com',5,'2015-04-15 23:08:22',2,1),(253,'Activity project name4 updated by sanjeev@ontargetcloud.com',2,'2015-04-15 23:13:13',2,1),(254,'Activity project name3 updated by sanjeev@ontargetcloud.com',2,'2015-04-15 23:14:00',2,1),(255,'New task task1 added by sanjeev@ontargetcloud.com',4,'2015-04-15 23:59:11',2,1),(256,NULL,11,'2015-04-15 23:59:42',2,1),(257,'New task task1 added by sanjeev@ontargetcloud.com',4,'2015-04-16 00:00:08',2,1),(258,NULL,11,'2015-04-16 00:04:44',2,1),(259,'New task task1 added by sanjeev@ontargetcloud.com',4,'2015-04-16 00:04:45',2,1),(260,'Activity new project1231 updated by sanjeev@ontargetcloud.com',2,'2015-04-16 20:19:19',2,1),(261,'New Activity project name added by sanjeev@ontargetcloud.com',2,'2015-04-16 20:19:19',2,1),(262,'Activity new project1231 updated by sanjeev@ontargetcloud.com',2,'2015-04-16 20:19:59',2,1),(263,'New task task1 added by sanjeev@ontargetcloud.com',4,'2015-04-16 20:21:32',2,1),(264,NULL,11,'2015-04-16 20:21:36',2,1),(265,'New task task1 added by sanjeev@ontargetcloud.com',4,'2015-04-16 21:11:56',2,1),(266,NULL,11,'2015-04-16 21:12:00',2,1),(267,NULL,11,'2015-04-16 21:12:48',2,1),(268,'New task task1 added by sanjeev@ontargetcloud.com',4,'2015-04-16 21:12:50',2,1),(269,'New Activity project name added by sanjeev@ontargetcloud.com',2,'2015-04-16 21:14:39',2,1),(270,'New Activity project name added by sanjeev@ontargetcloud.com',2,'2015-04-16 22:13:50',2,1),(271,'New task task1 added by sanjeev@ontargetcloud.com',4,'2015-04-16 22:15:48',2,1),(272,'Task task12 updated by sanjeev@ontargetcloud.com',5,'2015-04-17 18:57:10',2,1),(273,'Comment this is test comment added on task task12',1,'2015-04-17 18:58:14',2,1),(274,'Comment this is test comment2 added on task task12',1,'2015-04-17 18:59:13',2,1),(275,'New Activity activity1 added by sanjeev@ontargetcloud.com',2,'2015-04-18 12:22:45',2,1),(276,'New task task1 added by sanjeev@ontargetcloud.com',4,'2015-04-18 12:22:45',2,1),(277,'New task task2 added by sanjeev@ontargetcloud.com',4,'2015-04-18 12:22:45',2,1),(278,'New Activity activity3 added by sanjeev@ontargetcloud.com',2,'2015-04-18 12:22:45',2,1),(279,'New task task3 added by sanjeev@ontargetcloud.com',4,'2015-04-18 12:22:45',2,1),(280,'New Activity activity4 added by sanjeev@ontargetcloud.com',2,'2015-04-18 12:22:45',2,1),(281,'New task task4 added by sanjeev@ontargetcloud.com',4,'2015-04-18 12:22:45',2,1),(282,'New Activity activity1 added by sanjeev@ontargetcloud.com',2,'2015-04-18 13:23:24',2,1),(283,'New task task1 added by sanjeev@ontargetcloud.com',4,'2015-04-18 13:23:24',2,1),(284,'New task task2 added by sanjeev@ontargetcloud.com',4,'2015-04-18 13:23:24',2,1),(285,'New Activity activity3 added by sanjeev@ontargetcloud.com',2,'2015-04-18 13:23:24',2,1),(286,'New task task3 added by sanjeev@ontargetcloud.com',4,'2015-04-18 13:23:24',2,1),(287,'New Activity activity4 added by sanjeev@ontargetcloud.com',2,'2015-04-18 13:23:24',2,1),(288,'New task task4 added by sanjeev@ontargetcloud.com',4,'2015-04-18 13:23:24',2,1),(289,'New Activity activity1 added by sanjeev@ontargetcloud.com',2,'2015-04-18 13:24:23',2,1),(290,'New task task2 added by sanjeev@ontargetcloud.com',4,'2015-04-18 13:24:23',2,1),(291,'New Activity activity3 added by sanjeev@ontargetcloud.com',2,'2015-04-18 13:24:23',2,1),(292,'New task task3 added by sanjeev@ontargetcloud.com',4,'2015-04-18 13:24:23',2,1),(293,'New Activity activity4 added by sanjeev@ontargetcloud.com',2,'2015-04-18 13:24:23',2,1),(294,'New task task4 added by sanjeev@ontargetcloud.com',4,'2015-04-18 13:24:23',2,1),(311,'New Activity activity1 added by sanjeev@ontargetcloud.com',2,'2015-04-18 16:16:34',2,1),(312,'New task task1 added by sanjeev@ontargetcloud.com',4,'2015-04-18 16:16:34',2,1),(313,'New planned cost added for task task1',6,'2015-04-18 16:16:34',2,1),(314,'New planned cost added for task task1',6,'2015-04-18 16:16:34',2,1),(315,'New Activity activity1 added by sanjeev@ontargetcloud.com',2,'2015-04-18 16:39:12',2,1),(316,'New task task1 added by sanjeev@ontargetcloud.com',4,'2015-04-18 16:39:12',2,1),(317,'New planned cost added for task task1',6,'2015-04-18 16:39:12',2,1),(318,'New planned cost added for task task1',6,'2015-04-18 16:39:12',2,1),(319,'New task task2 added by sanjeev@ontargetcloud.com',4,'2015-04-18 16:39:13',2,1),(320,'New planned cost added for task task2',6,'2015-04-18 16:39:13',2,1),(321,'New planned cost added for task task2',6,'2015-04-18 16:39:13',2,1),(322,'New Activity activity3 added by sanjeev@ontargetcloud.com',2,'2015-04-18 16:39:13',2,1),(323,'New task task3 added by sanjeev@ontargetcloud.com',4,'2015-04-18 16:39:13',2,1),(324,'New planned cost added for task task3',6,'2015-04-18 16:39:13',2,1),(325,'New planned cost added for task task3',6,'2015-04-18 16:39:13',2,1),(326,'New Activity activity4 added by sanjeev@ontargetcloud.com',2,'2015-04-18 16:39:13',2,1),(327,'New task task4 added by sanjeev@ontargetcloud.com',4,'2015-04-18 16:39:13',2,1),(328,'New planned cost added for task task4',6,'2015-04-18 16:39:13',2,1),(329,'New planned cost added for task task4',6,'2015-04-18 16:39:13',2,1),(330,'New Activity activity5 added by sanjeev@ontargetcloud.com',2,'2015-04-18 16:39:13',2,1),(331,'New task task5 added by sanjeev@ontargetcloud.com',4,'2015-04-18 16:39:13',2,1),(332,'New planned cost added for task task5',6,'2015-04-18 16:39:13',2,1),(333,'New planned cost added for task task5',6,'2015-04-18 16:39:13',2,1),(334,'New Activity activity6 added by sanjeev@ontargetcloud.com',2,'2015-04-18 16:39:13',2,1),(335,'New task task6 added by sanjeev@ontargetcloud.com',4,'2015-04-18 16:39:13',2,1),(336,'New planned cost added for task task6',6,'2015-04-18 16:39:13',2,1),(337,'New planned cost added for task task6',6,'2015-04-18 16:39:13',2,1),(338,'New Activity activity7 added by sanjeev@ontargetcloud.com',2,'2015-04-18 16:39:13',2,1),(339,'New task task7 added by sanjeev@ontargetcloud.com',4,'2015-04-18 16:39:13',2,1),(340,'New planned cost added for task task7',6,'2015-04-18 16:39:14',2,1),(341,'New planned cost added for task task7',6,'2015-04-18 16:39:14',2,1),(342,'New Activity activity8 added by sanjeev@ontargetcloud.com',2,'2015-04-18 16:39:14',2,1),(343,'New task task8 added by sanjeev@ontargetcloud.com',4,'2015-04-18 16:39:14',2,1),(344,'New planned cost added for task task8',6,'2015-04-18 16:39:14',2,1),(345,'New planned cost added for task task8',6,'2015-04-18 16:39:14',2,1),(346,'New Activity activity9 added by sanjeev@ontargetcloud.com',2,'2015-04-18 16:39:14',2,1),(347,'New task task9 added by sanjeev@ontargetcloud.com',4,'2015-04-18 16:39:14',2,1),(348,'New planned cost added for task task9',6,'2015-04-18 16:39:14',2,1),(349,'New planned cost added for task task9',6,'2015-04-18 16:39:14',2,1),(350,'New Activity activity10 added by sanjeev@ontargetcloud.com',2,'2015-04-18 16:39:14',2,1),(351,'New task task10 added by sanjeev@ontargetcloud.com',4,'2015-04-18 16:39:14',2,1),(352,'New planned cost added for task task10',6,'2015-04-18 16:39:14',2,1),(353,'New planned cost added for task task10',6,'2015-04-18 16:39:14',2,1),(354,'New Activity activity11 added by sanjeev@ontargetcloud.com',2,'2015-04-18 16:39:14',2,1),(355,'New task task11 added by sanjeev@ontargetcloud.com',4,'2015-04-18 16:39:14',2,1),(356,'New planned cost added for task task11',6,'2015-04-18 16:39:14',2,1),(357,'New planned cost added for task task11',6,'2015-04-18 16:39:14',2,1),(358,'New Activity activity12 added by sanjeev@ontargetcloud.com',2,'2015-04-18 16:39:15',2,1),(359,'New task task12 added by sanjeev@ontargetcloud.com',4,'2015-04-18 16:39:15',2,1),(360,'New planned cost added for task task12',6,'2015-04-18 16:39:15',2,1),(361,'New planned cost added for task task12',6,'2015-04-18 16:39:15',2,1),(362,'New Activity activity13 added by sanjeev@ontargetcloud.com',2,'2015-04-18 16:39:15',2,1),(363,'New task task13 added by sanjeev@ontargetcloud.com',4,'2015-04-18 16:39:15',2,1),(364,'New planned cost added for task task13',6,'2015-04-18 16:39:15',2,1),(365,'New planned cost added for task task13',6,'2015-04-18 16:39:15',2,1),(366,'New Activity activity14 added by sanjeev@ontargetcloud.com',2,'2015-04-18 16:39:15',2,1),(367,'New task task14 added by sanjeev@ontargetcloud.com',4,'2015-04-18 16:39:15',2,1),(368,'New planned cost added for task task14',6,'2015-04-18 16:39:15',2,1),(369,'New planned cost added for task task14',6,'2015-04-18 16:39:15',2,1),(370,'New Activity activity15 added by sanjeev@ontargetcloud.com',2,'2015-04-18 16:39:15',2,1),(371,'New task task15 added by sanjeev@ontargetcloud.com',4,'2015-04-18 16:39:15',2,1),(372,'New planned cost added for task task15',6,'2015-04-18 16:39:15',2,1),(373,'New planned cost added for task task15',6,'2015-04-18 16:39:15',2,1),(374,'New Activity activity16 added by sanjeev@ontargetcloud.com',2,'2015-04-18 16:39:15',2,1),(375,'New task task16 added by sanjeev@ontargetcloud.com',4,'2015-04-18 16:39:15',2,1),(376,'New planned cost added for task task16',6,'2015-04-18 16:39:15',2,1),(377,'New planned cost added for task task16',6,'2015-04-18 16:39:15',2,1),(378,'New Activity activity17 added by sanjeev@ontargetcloud.com',2,'2015-04-18 16:39:15',2,1),(379,'New task task17 added by sanjeev@ontargetcloud.com',4,'2015-04-18 16:39:15',2,1),(380,'New planned cost added for task task17',6,'2015-04-18 16:39:15',2,1),(381,'New planned cost added for task task17',6,'2015-04-18 16:39:15',2,1),(382,'New Activity activity18 added by sanjeev@ontargetcloud.com',2,'2015-04-18 16:39:16',2,1),(383,'New task task18 added by sanjeev@ontargetcloud.com',4,'2015-04-18 16:39:16',2,1),(384,'New planned cost added for task task18',6,'2015-04-18 16:39:16',2,1),(385,'New planned cost added for task task18',6,'2015-04-18 16:39:16',2,1),(386,'New Activity activity19 added by sanjeev@ontargetcloud.com',2,'2015-04-18 16:39:16',2,1),(387,'New task task19 added by sanjeev@ontargetcloud.com',4,'2015-04-18 16:39:16',2,1),(388,'New planned cost added for task task19',6,'2015-04-18 16:39:16',2,1),(389,'New planned cost added for task task19',6,'2015-04-18 16:39:16',2,1),(390,'New Activity activity20 added by sanjeev@ontargetcloud.com',2,'2015-04-18 16:39:16',2,1),(391,'New task task20 added by sanjeev@ontargetcloud.com',4,'2015-04-18 16:39:16',2,1),(392,'New planned cost added for task task20',6,'2015-04-18 16:39:16',2,1),(393,'New planned cost added for task task20',6,'2015-04-18 16:39:16',2,1),(394,'New Activity activity21 added by sanjeev@ontargetcloud.com',2,'2015-04-18 16:39:16',2,1),(395,'New task task21 added by sanjeev@ontargetcloud.com',4,'2015-04-18 16:39:16',2,1),(396,'New planned cost added for task task21',6,'2015-04-18 16:39:16',2,1),(397,'New planned cost added for task task21',6,'2015-04-18 16:39:16',2,1),(398,'New Activity activity22 added by sanjeev@ontargetcloud.com',2,'2015-04-18 16:39:16',2,1),(399,'New task task22 added by sanjeev@ontargetcloud.com',4,'2015-04-18 16:39:16',2,1),(400,'New planned cost added for task task22',6,'2015-04-18 16:39:17',2,1),(401,'New planned cost added for task task22',6,'2015-04-18 16:39:17',2,1),(402,'New Activity activity23 added by sanjeev@ontargetcloud.com',2,'2015-04-18 16:39:17',2,1),(403,'New task task23 added by sanjeev@ontargetcloud.com',4,'2015-04-18 16:39:17',2,1),(404,'New planned cost added for task task23',6,'2015-04-18 16:39:17',2,1),(405,'New planned cost added for task task23',6,'2015-04-18 16:39:17',2,1),(406,'New Activity activity24 added by sanjeev@ontargetcloud.com',2,'2015-04-18 16:39:17',2,1),(407,'New task task24 added by sanjeev@ontargetcloud.com',4,'2015-04-18 16:39:17',2,1),(408,'New planned cost added for task task24',6,'2015-04-18 16:39:17',2,1),(409,'New planned cost added for task task24',6,'2015-04-18 16:39:17',2,1),(410,'New Activity activity25 added by sanjeev@ontargetcloud.com',2,'2015-04-18 16:39:17',2,1),(411,'New task task25 added by sanjeev@ontargetcloud.com',4,'2015-04-18 16:39:17',2,1),(412,'New planned cost added for task task25',6,'2015-04-18 16:39:17',2,1),(413,'New planned cost added for task task25',6,'2015-04-18 16:39:17',2,1),(414,'New Activity activity26 added by sanjeev@ontargetcloud.com',2,'2015-04-18 16:39:17',2,1),(415,'New task task26 added by sanjeev@ontargetcloud.com',4,'2015-04-18 16:39:17',2,1),(416,'New planned cost added for task task26',6,'2015-04-18 16:39:17',2,1),(417,'New planned cost added for task task26',6,'2015-04-18 16:39:17',2,1),(418,'New Activity activity27 added by sanjeev@ontargetcloud.com',2,'2015-04-18 16:39:17',2,1),(419,'New task task27 added by sanjeev@ontargetcloud.com',4,'2015-04-18 16:39:18',2,1),(420,'New planned cost added for task task27',6,'2015-04-18 16:39:18',2,1),(421,'New planned cost added for task task27',6,'2015-04-18 16:39:18',2,1),(422,'New Activity activity28 added by sanjeev@ontargetcloud.com',2,'2015-04-18 16:39:18',2,1),(423,'New task task28 added by sanjeev@ontargetcloud.com',4,'2015-04-18 16:39:18',2,1),(424,'New planned cost added for task task28',6,'2015-04-18 16:39:18',2,1),(425,'New planned cost added for task task28',6,'2015-04-18 16:39:18',2,1),(426,'New Activity activity29 added by sanjeev@ontargetcloud.com',2,'2015-04-18 16:39:18',2,1),(427,'New task task29 added by sanjeev@ontargetcloud.com',4,'2015-04-18 16:39:18',2,1),(428,'New planned cost added for task task29',6,'2015-04-18 16:39:18',2,1),(429,'New planned cost added for task task29',6,'2015-04-18 16:39:18',2,1),(430,'New Activity activity30 added by sanjeev@ontargetcloud.com',2,'2015-04-18 16:39:18',2,1),(431,'New task task30 added by sanjeev@ontargetcloud.com',4,'2015-04-18 16:39:18',2,1),(432,'New planned cost added for task task30',6,'2015-04-18 16:39:18',2,1),(433,'New planned cost added for task task30',6,'2015-04-18 16:39:18',2,1),(434,'New Activity activity31 added by sanjeev@ontargetcloud.com',2,'2015-04-18 16:39:18',2,1),(435,'New task task31 added by sanjeev@ontargetcloud.com',4,'2015-04-18 16:39:18',2,1),(436,'New planned cost added for task task31',6,'2015-04-18 16:39:18',2,1),(437,'New planned cost added for task task31',6,'2015-04-18 16:39:18',2,1),(438,'New Activity activity32 added by sanjeev@ontargetcloud.com',2,'2015-04-18 16:39:18',2,1),(439,'New task task32 added by sanjeev@ontargetcloud.com',4,'2015-04-18 16:39:18',2,1),(440,'New planned cost added for task task32',6,'2015-04-18 16:39:18',2,1),(441,'New planned cost added for task task32',6,'2015-04-18 16:39:18',2,1),(442,'New Activity activity33 added by sanjeev@ontargetcloud.com',2,'2015-04-18 16:39:19',2,1),(443,'New task task33 added by sanjeev@ontargetcloud.com',4,'2015-04-18 16:39:19',2,1),(444,'New planned cost added for task task33',6,'2015-04-18 16:39:19',2,1),(445,'New planned cost added for task task33',6,'2015-04-18 16:39:19',2,1),(446,'New Activity activity34 added by sanjeev@ontargetcloud.com',2,'2015-04-18 16:39:19',2,1),(447,'New task task34 added by sanjeev@ontargetcloud.com',4,'2015-04-18 16:39:19',2,1),(448,'New planned cost added for task task34',6,'2015-04-18 16:39:19',2,1),(449,'New planned cost added for task task34',6,'2015-04-18 16:39:19',2,1),(450,'New Activity activity35 added by sanjeev@ontargetcloud.com',2,'2015-04-18 16:39:19',2,1),(451,'New task task35 added by sanjeev@ontargetcloud.com',4,'2015-04-18 16:39:19',2,1),(452,'New planned cost added for task task35',6,'2015-04-18 16:39:19',2,1),(453,'New planned cost added for task task35',6,'2015-04-18 16:39:19',2,1),(454,'New Activity activity36 added by sanjeev@ontargetcloud.com',2,'2015-04-18 16:39:19',2,1),(455,'New task task36 added by sanjeev@ontargetcloud.com',4,'2015-04-18 16:39:19',2,1),(456,'New planned cost added for task task36',6,'2015-04-18 16:39:19',2,1),(457,'New planned cost added for task task36',6,'2015-04-18 16:39:19',2,1),(458,'New Activity activity37 added by sanjeev@ontargetcloud.com',2,'2015-04-18 16:39:19',2,1),(459,'New task task37 added by sanjeev@ontargetcloud.com',4,'2015-04-18 16:39:19',2,1),(460,'New planned cost added for task task37',6,'2015-04-18 16:39:19',2,1),(461,'New planned cost added for task task37',6,'2015-04-18 16:39:19',2,1),(462,'New Activity activity38 added by sanjeev@ontargetcloud.com',2,'2015-04-18 16:39:19',2,1),(463,'New task task38 added by sanjeev@ontargetcloud.com',4,'2015-04-18 16:39:19',2,1),(464,'New planned cost added for task task38',6,'2015-04-18 16:39:19',2,1),(465,'New planned cost added for task task38',6,'2015-04-18 16:39:19',2,1),(466,'New Activity activity39 added by sanjeev@ontargetcloud.com',2,'2015-04-18 16:39:19',2,1),(467,'New task task39 added by sanjeev@ontargetcloud.com',4,'2015-04-18 16:39:19',2,1),(468,'New planned cost added for task task39',6,'2015-04-18 16:39:19',2,1),(469,'New planned cost added for task task39',6,'2015-04-18 16:39:19',2,1),(470,'New Activity activity40 added by sanjeev@ontargetcloud.com',2,'2015-04-18 16:39:19',2,1),(471,'New task task40 added by sanjeev@ontargetcloud.com',4,'2015-04-18 16:39:19',2,1),(472,'New planned cost added for task task40',6,'2015-04-18 16:39:19',2,1),(473,'New planned cost added for task task40',6,'2015-04-18 16:39:19',2,1),(474,'New Activity activity41 added by sanjeev@ontargetcloud.com',2,'2015-04-18 16:39:20',2,1),(475,'New task task41 added by sanjeev@ontargetcloud.com',4,'2015-04-18 16:39:20',2,1),(476,'New planned cost added for task task41',6,'2015-04-18 16:39:20',2,1),(477,'New planned cost added for task task41',6,'2015-04-18 16:39:20',2,1),(478,'New Activity activity42 added by sanjeev@ontargetcloud.com',2,'2015-04-18 16:39:20',2,1),(479,'New task task42 added by sanjeev@ontargetcloud.com',4,'2015-04-18 16:39:20',2,1),(480,'New planned cost added for task task42',6,'2015-04-18 16:39:20',2,1),(481,'New planned cost added for task task42',6,'2015-04-18 16:39:20',2,1),(482,'New Activity activity43 added by sanjeev@ontargetcloud.com',2,'2015-04-18 16:39:20',2,1),(483,'New task task43 added by sanjeev@ontargetcloud.com',4,'2015-04-18 16:39:20',2,1),(484,'New planned cost added for task task43',6,'2015-04-18 16:39:20',2,1),(485,'New planned cost added for task task43',6,'2015-04-18 16:39:20',2,1),(486,'New Activity activity44 added by sanjeev@ontargetcloud.com',2,'2015-04-18 16:39:20',2,1),(487,'New task task44 added by sanjeev@ontargetcloud.com',4,'2015-04-18 16:39:20',2,1),(488,'New planned cost added for task task44',6,'2015-04-18 16:39:20',2,1),(489,'New planned cost added for task task44',6,'2015-04-18 16:39:20',2,1),(490,'New Activity activity45 added by sanjeev@ontargetcloud.com',2,'2015-04-18 16:39:20',2,1),(491,'New task task45 added by sanjeev@ontargetcloud.com',4,'2015-04-18 16:39:20',2,1),(492,'New planned cost added for task task45',6,'2015-04-18 16:39:20',2,1),(493,'New planned cost added for task task45',6,'2015-04-18 16:39:20',2,1),(494,'New Activity activity46 added by sanjeev@ontargetcloud.com',2,'2015-04-18 16:39:20',2,1),(495,'New task task46 added by sanjeev@ontargetcloud.com',4,'2015-04-18 16:39:20',2,1),(496,'New planned cost added for task task46',6,'2015-04-18 16:39:20',2,1),(497,'New planned cost added for task task46',6,'2015-04-18 16:39:20',2,1),(498,'New Activity activity47 added by sanjeev@ontargetcloud.com',2,'2015-04-18 16:39:20',2,1),(499,'New task task47 added by sanjeev@ontargetcloud.com',4,'2015-04-18 16:39:20',2,1),(500,'New planned cost added for task task47',6,'2015-04-18 16:39:20',2,1),(501,'New planned cost added for task task47',6,'2015-04-18 16:39:20',2,1),(502,'New Activity activity48 added by sanjeev@ontargetcloud.com',2,'2015-04-18 16:39:20',2,1),(503,'New task task48 added by sanjeev@ontargetcloud.com',4,'2015-04-18 16:39:20',2,1),(504,'New planned cost added for task task48',6,'2015-04-18 16:39:20',2,1),(505,'New planned cost added for task task48',6,'2015-04-18 16:39:20',2,1),(506,'New Activity activity49 added by sanjeev@ontargetcloud.com',2,'2015-04-18 16:39:20',2,1),(507,'New task task49 added by sanjeev@ontargetcloud.com',4,'2015-04-18 16:39:20',2,1),(508,'New planned cost added for task task49',6,'2015-04-18 16:39:21',2,1),(509,'New planned cost added for task task49',6,'2015-04-18 16:39:21',2,1),(510,'New Activity activity50 added by sanjeev@ontargetcloud.com',2,'2015-04-18 16:39:21',2,1),(511,'New task task50 added by sanjeev@ontargetcloud.com',4,'2015-04-18 16:39:21',2,1),(512,'New planned cost added for task task50',6,'2015-04-18 16:39:21',2,1),(513,'New planned cost added for task task50',6,'2015-04-18 16:39:21',2,1),(514,'New Activity activity51 added by sanjeev@ontargetcloud.com',2,'2015-04-18 16:39:21',2,1),(515,'New task task51 added by sanjeev@ontargetcloud.com',4,'2015-04-18 16:39:21',2,1),(516,'New planned cost added for task task51',6,'2015-04-18 16:39:21',2,1),(517,'New planned cost added for task task51',6,'2015-04-18 16:39:21',2,1),(518,'New Activity activity52 added by sanjeev@ontargetcloud.com',2,'2015-04-18 16:39:21',2,1),(519,'New task task52 added by sanjeev@ontargetcloud.com',4,'2015-04-18 16:39:21',2,1),(520,'New planned cost added for task task52',6,'2015-04-18 16:39:21',2,1),(521,'New planned cost added for task task52',6,'2015-04-18 16:39:21',2,1),(522,'New Activity activity53 added by sanjeev@ontargetcloud.com',2,'2015-04-18 16:39:21',2,1),(523,'New task task53 added by sanjeev@ontargetcloud.com',4,'2015-04-18 16:39:21',2,1),(524,'New planned cost added for task task53',6,'2015-04-18 16:39:21',2,1),(525,'New planned cost added for task task53',6,'2015-04-18 16:39:21',2,1),(526,'New Activity activity54 added by sanjeev@ontargetcloud.com',2,'2015-04-18 16:39:21',2,1),(527,'New task task54 added by sanjeev@ontargetcloud.com',4,'2015-04-18 16:39:21',2,1),(528,'New planned cost added for task task54',6,'2015-04-18 16:39:21',2,1),(529,'New planned cost added for task task54',6,'2015-04-18 16:39:21',2,1),(530,'New Activity activity55 added by sanjeev@ontargetcloud.com',2,'2015-04-18 16:39:21',2,1),(531,'New task task55 added by sanjeev@ontargetcloud.com',4,'2015-04-18 16:39:21',2,1),(532,'New planned cost added for task task55',6,'2015-04-18 16:39:21',2,1),(533,'New planned cost added for task task55',6,'2015-04-18 16:39:21',2,1),(534,'New Activity activity56 added by sanjeev@ontargetcloud.com',2,'2015-04-18 16:39:22',2,1),(535,'New task task56 added by sanjeev@ontargetcloud.com',4,'2015-04-18 16:39:22',2,1),(536,'New planned cost added for task task56',6,'2015-04-18 16:39:22',2,1),(537,'New planned cost added for task task56',6,'2015-04-18 16:39:22',2,1),(538,'New Activity activity57 added by sanjeev@ontargetcloud.com',2,'2015-04-18 16:39:22',2,1),(539,'New task task57 added by sanjeev@ontargetcloud.com',4,'2015-04-18 16:39:22',2,1),(540,'New planned cost added for task task57',6,'2015-04-18 16:39:22',2,1),(541,'New planned cost added for task task57',6,'2015-04-18 16:39:22',2,1),(542,'New Activity activity58 added by sanjeev@ontargetcloud.com',2,'2015-04-18 16:39:22',2,1),(543,'New task task58 added by sanjeev@ontargetcloud.com',4,'2015-04-18 16:39:22',2,1),(544,'New planned cost added for task task58',6,'2015-04-18 16:39:22',2,1),(545,'New planned cost added for task task58',6,'2015-04-18 16:39:22',2,1),(546,'New Activity activity59 added by sanjeev@ontargetcloud.com',2,'2015-04-18 16:39:22',2,1),(547,'New task task59 added by sanjeev@ontargetcloud.com',4,'2015-04-18 16:39:22',2,1),(548,'New planned cost added for task task59',6,'2015-04-18 16:39:22',2,1),(549,'New planned cost added for task task59',6,'2015-04-18 16:39:22',2,1),(550,'New Activity activity60 added by sanjeev@ontargetcloud.com',2,'2015-04-18 16:39:22',2,1),(551,'New task task60 added by sanjeev@ontargetcloud.com',4,'2015-04-18 16:39:22',2,1),(552,'New planned cost added for task task60',6,'2015-04-18 16:39:22',2,1),(553,'New planned cost added for task task60',6,'2015-04-18 16:39:22',2,1),(554,'New Activity activity61 added by sanjeev@ontargetcloud.com',2,'2015-04-18 16:39:22',2,1),(555,'New task task61 added by sanjeev@ontargetcloud.com',4,'2015-04-18 16:39:22',2,1),(556,'New planned cost added for task task61',6,'2015-04-18 16:39:22',2,1),(557,'New planned cost added for task task61',6,'2015-04-18 16:39:22',2,1),(558,'New Activity activity62 added by sanjeev@ontargetcloud.com',2,'2015-04-18 16:39:22',2,1),(559,'New task task62 added by sanjeev@ontargetcloud.com',4,'2015-04-18 16:39:22',2,1),(560,'New planned cost added for task task62',6,'2015-04-18 16:39:22',2,1),(561,'New planned cost added for task task62',6,'2015-04-18 16:39:22',2,1),(562,'New Activity activity63 added by sanjeev@ontargetcloud.com',2,'2015-04-18 16:39:22',2,1),(563,'New task task63 added by sanjeev@ontargetcloud.com',4,'2015-04-18 16:39:22',2,1),(564,'New planned cost added for task task63',6,'2015-04-18 16:39:22',2,1),(565,'New planned cost added for task task63',6,'2015-04-18 16:39:22',2,1),(566,'New Activity activity64 added by sanjeev@ontargetcloud.com',2,'2015-04-18 16:39:22',2,1),(567,'New task task64 added by sanjeev@ontargetcloud.com',4,'2015-04-18 16:39:22',2,1),(568,'New planned cost added for task task64',6,'2015-04-18 16:39:22',2,1),(569,'New planned cost added for task task64',6,'2015-04-18 16:39:22',2,1),(570,'New Activity activity65 added by sanjeev@ontargetcloud.com',2,'2015-04-18 16:39:22',2,1),(571,'New task task65 added by sanjeev@ontargetcloud.com',4,'2015-04-18 16:39:22',2,1),(572,'New planned cost added for task task65',6,'2015-04-18 16:39:22',2,1),(573,'New planned cost added for task task65',6,'2015-04-18 16:39:22',2,1),(574,'New Activity activity66 added by sanjeev@ontargetcloud.com',2,'2015-04-18 16:39:22',2,1),(575,'New task task66 added by sanjeev@ontargetcloud.com',4,'2015-04-18 16:39:22',2,1),(576,'New planned cost added for task task66',6,'2015-04-18 16:39:22',2,1),(577,'New planned cost added for task task66',6,'2015-04-18 16:39:22',2,1),(578,'New Activity activity67 added by sanjeev@ontargetcloud.com',2,'2015-04-18 16:39:23',2,1),(579,'New task task67 added by sanjeev@ontargetcloud.com',4,'2015-04-18 16:39:23',2,1),(580,'New planned cost added for task task67',6,'2015-04-18 16:39:23',2,1),(581,'New planned cost added for task task67',6,'2015-04-18 16:39:23',2,1),(582,'New Activity activity68 added by sanjeev@ontargetcloud.com',2,'2015-04-18 16:39:23',2,1),(583,'New task task68 added by sanjeev@ontargetcloud.com',4,'2015-04-18 16:39:23',2,1),(584,'New planned cost added for task task68',6,'2015-04-18 16:39:23',2,1),(585,'New planned cost added for task task68',6,'2015-04-18 16:39:23',2,1),(586,'New Activity activity69 added by sanjeev@ontargetcloud.com',2,'2015-04-18 16:39:23',2,1),(587,'New task task69 added by sanjeev@ontargetcloud.com',4,'2015-04-18 16:39:23',2,1),(588,'New planned cost added for task task69',6,'2015-04-18 16:39:23',2,1),(589,'New planned cost added for task task69',6,'2015-04-18 16:39:23',2,1),(590,'New Activity activity70 added by sanjeev@ontargetcloud.com',2,'2015-04-18 16:39:23',2,1),(591,'New task task70 added by sanjeev@ontargetcloud.com',4,'2015-04-18 16:39:23',2,1),(592,'New planned cost added for task task70',6,'2015-04-18 16:39:23',2,1),(593,'New planned cost added for task task70',6,'2015-04-18 16:39:23',2,1),(594,'New Activity activity71 added by sanjeev@ontargetcloud.com',2,'2015-04-18 16:39:23',2,1),(595,'New task task71 added by sanjeev@ontargetcloud.com',4,'2015-04-18 16:39:23',2,1),(596,'New planned cost added for task task71',6,'2015-04-18 16:39:23',2,1),(597,'New planned cost added for task task71',6,'2015-04-18 16:39:23',2,1),(598,'New Activity activity72 added by sanjeev@ontargetcloud.com',2,'2015-04-18 16:39:23',2,1),(599,'New task task72 added by sanjeev@ontargetcloud.com',4,'2015-04-18 16:39:23',2,1),(600,'New planned cost added for task task72',6,'2015-04-18 16:39:23',2,1),(601,'New planned cost added for task task72',6,'2015-04-18 16:39:23',2,1),(602,'New Activity activity73 added by sanjeev@ontargetcloud.com',2,'2015-04-18 16:39:23',2,1),(603,'New task task73 added by sanjeev@ontargetcloud.com',4,'2015-04-18 16:39:23',2,1),(604,'New planned cost added for task task73',6,'2015-04-18 16:39:23',2,1),(605,'New planned cost added for task task73',6,'2015-04-18 16:39:23',2,1),(606,'New Activity activity74 added by sanjeev@ontargetcloud.com',2,'2015-04-18 16:39:23',2,1),(607,'New task task74 added by sanjeev@ontargetcloud.com',4,'2015-04-18 16:39:23',2,1),(608,'New planned cost added for task task74',6,'2015-04-18 16:39:23',2,1),(609,'New planned cost added for task task74',6,'2015-04-18 16:39:23',2,1),(610,'New Activity activity75 added by sanjeev@ontargetcloud.com',2,'2015-04-18 16:39:24',2,1),(611,'New task task75 added by sanjeev@ontargetcloud.com',4,'2015-04-18 16:39:24',2,1),(612,'New planned cost added for task task75',6,'2015-04-18 16:39:24',2,1),(613,'New planned cost added for task task75',6,'2015-04-18 16:39:24',2,1),(614,'New Activity activity76 added by sanjeev@ontargetcloud.com',2,'2015-04-18 16:39:24',2,1),(615,'New task task76 added by sanjeev@ontargetcloud.com',4,'2015-04-18 16:39:24',2,1),(616,'New planned cost added for task task76',6,'2015-04-18 16:39:24',2,1),(617,'New planned cost added for task task76',6,'2015-04-18 16:39:24',2,1),(618,'New Activity activity77 added by sanjeev@ontargetcloud.com',2,'2015-04-18 16:39:24',2,1),(619,'New task task77 added by sanjeev@ontargetcloud.com',4,'2015-04-18 16:39:24',2,1),(620,'New planned cost added for task task77',6,'2015-04-18 16:39:24',2,1),(621,'New planned cost added for task task77',6,'2015-04-18 16:39:24',2,1),(622,'New Activity activity78 added by sanjeev@ontargetcloud.com',2,'2015-04-18 16:39:24',2,1),(623,'New task task78 added by sanjeev@ontargetcloud.com',4,'2015-04-18 16:39:24',2,1),(624,'New planned cost added for task task78',6,'2015-04-18 16:39:24',2,1),(625,'New planned cost added for task task78',6,'2015-04-18 16:39:24',2,1),(626,'New Activity activity79 added by sanjeev@ontargetcloud.com',2,'2015-04-18 16:39:24',2,1),(627,'New task task79 added by sanjeev@ontargetcloud.com',4,'2015-04-18 16:39:24',2,1),(628,'New planned cost added for task task79',6,'2015-04-18 16:39:24',2,1),(629,'New planned cost added for task task79',6,'2015-04-18 16:39:24',2,1),(630,'New Activity activity80 added by sanjeev@ontargetcloud.com',2,'2015-04-18 16:39:24',2,1),(631,'New task task80 added by sanjeev@ontargetcloud.com',4,'2015-04-18 16:39:24',2,1),(632,'New planned cost added for task task80',6,'2015-04-18 16:39:24',2,1),(633,'New planned cost added for task task80',6,'2015-04-18 16:39:24',2,1),(634,'New Activity activity81 added by sanjeev@ontargetcloud.com',2,'2015-04-18 16:39:24',2,1),(635,'New task task81 added by sanjeev@ontargetcloud.com',4,'2015-04-18 16:39:24',2,1),(636,'New planned cost added for task task81',6,'2015-04-18 16:39:24',2,1),(637,'New planned cost added for task task81',6,'2015-04-18 16:39:24',2,1),(638,'New Activity activity82 added by sanjeev@ontargetcloud.com',2,'2015-04-18 16:39:24',2,1),(639,'New task task82 added by sanjeev@ontargetcloud.com',4,'2015-04-18 16:39:24',2,1),(640,'New planned cost added for task task82',6,'2015-04-18 16:39:24',2,1),(641,'New planned cost added for task task82',6,'2015-04-18 16:39:24',2,1),(642,'New Activity activity83 added by sanjeev@ontargetcloud.com',2,'2015-04-18 16:39:24',2,1),(643,'New task task83 added by sanjeev@ontargetcloud.com',4,'2015-04-18 16:39:24',2,1),(644,'New planned cost added for task task83',6,'2015-04-18 16:39:24',2,1),(645,'New planned cost added for task task83',6,'2015-04-18 16:39:24',2,1),(646,'New Activity activity84 added by sanjeev@ontargetcloud.com',2,'2015-04-18 16:39:24',2,1),(647,'New task task84 added by sanjeev@ontargetcloud.com',4,'2015-04-18 16:39:24',2,1),(648,'New planned cost added for task task84',6,'2015-04-18 16:39:24',2,1),(649,'New planned cost added for task task84',6,'2015-04-18 16:39:24',2,1),(650,'New Activity activity85 added by sanjeev@ontargetcloud.com',2,'2015-04-18 16:39:25',2,1),(651,'New task task85 added by sanjeev@ontargetcloud.com',4,'2015-04-18 16:39:25',2,1),(652,'New planned cost added for task task85',6,'2015-04-18 16:39:25',2,1),(653,'New planned cost added for task task85',6,'2015-04-18 16:39:25',2,1),(654,'New Activity activity86 added by sanjeev@ontargetcloud.com',2,'2015-04-18 16:39:25',2,1),(655,'New task task86 added by sanjeev@ontargetcloud.com',4,'2015-04-18 16:39:25',2,1),(656,'New planned cost added for task task86',6,'2015-04-18 16:39:25',2,1),(657,'New planned cost added for task task86',6,'2015-04-18 16:39:25',2,1),(658,'New Activity activity87 added by sanjeev@ontargetcloud.com',2,'2015-04-18 16:39:25',2,1),(659,'New task task87 added by sanjeev@ontargetcloud.com',4,'2015-04-18 16:39:25',2,1),(660,'New planned cost added for task task87',6,'2015-04-18 16:39:25',2,1),(661,'New planned cost added for task task87',6,'2015-04-18 16:39:25',2,1),(662,'New Activity activity88 added by sanjeev@ontargetcloud.com',2,'2015-04-18 16:39:25',2,1),(663,'New task task88 added by sanjeev@ontargetcloud.com',4,'2015-04-18 16:39:25',2,1),(664,'New planned cost added for task task88',6,'2015-04-18 16:39:25',2,1),(665,'New planned cost added for task task88',6,'2015-04-18 16:39:25',2,1),(666,'New Activity activity89 added by sanjeev@ontargetcloud.com',2,'2015-04-18 16:39:25',2,1),(667,'New task task89 added by sanjeev@ontargetcloud.com',4,'2015-04-18 16:39:25',2,1),(668,'New planned cost added for task task89',6,'2015-04-18 16:39:25',2,1),(669,'New planned cost added for task task89',6,'2015-04-18 16:39:25',2,1),(670,'New Activity activity90 added by sanjeev@ontargetcloud.com',2,'2015-04-18 16:39:25',2,1),(671,'New task task90 added by sanjeev@ontargetcloud.com',4,'2015-04-18 16:39:25',2,1),(672,'New planned cost added for task task90',6,'2015-04-18 16:39:25',2,1),(673,'New planned cost added for task task90',6,'2015-04-18 16:39:25',2,1),(674,'New Activity activity91 added by sanjeev@ontargetcloud.com',2,'2015-04-18 16:39:25',2,1),(675,'New task task91 added by sanjeev@ontargetcloud.com',4,'2015-04-18 16:39:25',2,1),(676,'New planned cost added for task task91',6,'2015-04-18 16:39:25',2,1),(677,'New planned cost added for task task91',6,'2015-04-18 16:39:25',2,1),(678,'New Activity activity92 added by sanjeev@ontargetcloud.com',2,'2015-04-18 16:39:25',2,1),(679,'New task task92 added by sanjeev@ontargetcloud.com',4,'2015-04-18 16:39:25',2,1),(680,'New planned cost added for task task92',6,'2015-04-18 16:39:25',2,1),(681,'New planned cost added for task task92',6,'2015-04-18 16:39:25',2,1),(682,'New Activity activity93 added by sanjeev@ontargetcloud.com',2,'2015-04-18 16:39:25',2,1),(683,'New task task93 added by sanjeev@ontargetcloud.com',4,'2015-04-18 16:39:25',2,1),(684,'New planned cost added for task task93',6,'2015-04-18 16:39:25',2,1),(685,'New planned cost added for task task93',6,'2015-04-18 16:39:25',2,1),(686,'New Activity activity94 added by sanjeev@ontargetcloud.com',2,'2015-04-18 16:39:25',2,1),(687,'New task task94 added by sanjeev@ontargetcloud.com',4,'2015-04-18 16:39:25',2,1),(688,'New planned cost added for task task94',6,'2015-04-18 16:39:25',2,1),(689,'New planned cost added for task task94',6,'2015-04-18 16:39:25',2,1),(690,'New Activity activity95 added by sanjeev@ontargetcloud.com',2,'2015-04-18 16:39:25',2,1),(691,'New task task95 added by sanjeev@ontargetcloud.com',4,'2015-04-18 16:39:25',2,1),(692,'New planned cost added for task task95',6,'2015-04-18 16:39:25',2,1),(693,'New planned cost added for task task95',6,'2015-04-18 16:39:25',2,1),(694,'New Activity activity96 added by sanjeev@ontargetcloud.com',2,'2015-04-18 16:39:25',2,1),(695,'New task task96 added by sanjeev@ontargetcloud.com',4,'2015-04-18 16:39:25',2,1),(696,'New planned cost added for task task96',6,'2015-04-18 16:39:25',2,1),(697,'New planned cost added for task task96',6,'2015-04-18 16:39:25',2,1),(698,'New Activity activity97 added by sanjeev@ontargetcloud.com',2,'2015-04-18 16:39:25',2,1),(699,'New task task97 added by sanjeev@ontargetcloud.com',4,'2015-04-18 16:39:25',2,1),(700,'New planned cost added for task task97',6,'2015-04-18 16:39:25',2,1),(701,'New planned cost added for task task97',6,'2015-04-18 16:39:26',2,1),(702,'New Activity activity98 added by sanjeev@ontargetcloud.com',2,'2015-04-18 16:39:26',2,1),(703,'New task task98 added by sanjeev@ontargetcloud.com',4,'2015-04-18 16:39:26',2,1),(704,'New planned cost added for task task98',6,'2015-04-18 16:39:26',2,1),(705,'New planned cost added for task task98',6,'2015-04-18 16:39:26',2,1),(706,'New Activity activity99 added by sanjeev@ontargetcloud.com',2,'2015-04-18 16:39:26',2,1),(707,'New task task99 added by sanjeev@ontargetcloud.com',4,'2015-04-18 16:39:26',2,1),(708,'New planned cost added for task task99',6,'2015-04-18 16:39:26',2,1),(709,'New planned cost added for task task99',6,'2015-04-18 16:39:26',2,1),(710,'New Activity activity100 added by sanjeev@ontargetcloud.com',2,'2015-04-18 16:39:26',2,1),(711,'New task task100 added by sanjeev@ontargetcloud.com',4,'2015-04-18 16:39:26',2,1),(712,'New planned cost added for task task100',6,'2015-04-18 16:39:26',2,1),(713,'New planned cost added for task task100',6,'2015-04-18 16:39:26',2,1),(714,'New Activity activity101 added by sanjeev@ontargetcloud.com',2,'2015-04-18 16:39:26',2,1),(715,'New task task101 added by sanjeev@ontargetcloud.com',4,'2015-04-18 16:39:26',2,1),(716,'New planned cost added for task task101',6,'2015-04-18 16:39:26',2,1),(717,'New planned cost added for task task101',6,'2015-04-18 16:39:26',2,1),(718,'New Activity activity102 added by sanjeev@ontargetcloud.com',2,'2015-04-18 16:39:26',2,1),(719,'New task task102 added by sanjeev@ontargetcloud.com',4,'2015-04-18 16:39:26',2,1),(720,'New planned cost added for task task102',6,'2015-04-18 16:39:26',2,1),(721,'New planned cost added for task task102',6,'2015-04-18 16:39:26',2,1),(722,'New Activity activity103 added by sanjeev@ontargetcloud.com',2,'2015-04-18 16:39:26',2,1),(723,'New task task103 added by sanjeev@ontargetcloud.com',4,'2015-04-18 16:39:26',2,1),(724,'New planned cost added for task task103',6,'2015-04-18 16:39:26',2,1),(725,'New planned cost added for task task103',6,'2015-04-18 16:39:26',2,1),(726,'New Activity activity104 added by sanjeev@ontargetcloud.com',2,'2015-04-18 16:39:26',2,1),(727,'New task task104 added by sanjeev@ontargetcloud.com',4,'2015-04-18 16:39:26',2,1),(728,'New planned cost added for task task104',6,'2015-04-18 16:39:26',2,1),(729,'New planned cost added for task task104',6,'2015-04-18 16:39:26',2,1),(730,'New Activity activity105 added by sanjeev@ontargetcloud.com',2,'2015-04-18 16:39:26',2,1),(731,'New task task105 added by sanjeev@ontargetcloud.com',4,'2015-04-18 16:39:26',2,1),(732,'New planned cost added for task task105',6,'2015-04-18 16:39:26',2,1),(733,'New planned cost added for task task105',6,'2015-04-18 16:39:26',2,1),(734,'New Activity activity106 added by sanjeev@ontargetcloud.com',2,'2015-04-18 16:39:26',2,1),(735,'New task task106 added by sanjeev@ontargetcloud.com',4,'2015-04-18 16:39:26',2,1),(736,'New planned cost added for task task106',6,'2015-04-18 16:39:26',2,1),(737,'New planned cost added for task task106',6,'2015-04-18 16:39:26',2,1),(738,'New Activity activity107 added by sanjeev@ontargetcloud.com',2,'2015-04-18 16:39:26',2,1),(739,'New task task107 added by sanjeev@ontargetcloud.com',4,'2015-04-18 16:39:26',2,1),(740,'New planned cost added for task task107',6,'2015-04-18 16:39:26',2,1),(741,'New planned cost added for task task107',6,'2015-04-18 16:39:26',2,1),(742,'New Activity activity108 added by sanjeev@ontargetcloud.com',2,'2015-04-18 16:39:26',2,1),(743,'New task task108 added by sanjeev@ontargetcloud.com',4,'2015-04-18 16:39:26',2,1),(744,'New planned cost added for task task108',6,'2015-04-18 16:39:26',2,1),(745,'New planned cost added for task task108',6,'2015-04-18 16:39:26',2,1),(746,'New Activity activity109 added by sanjeev@ontargetcloud.com',2,'2015-04-18 16:39:27',2,1),(747,'New task task109 added by sanjeev@ontargetcloud.com',4,'2015-04-18 16:39:27',2,1),(748,'New planned cost added for task task109',6,'2015-04-18 16:39:27',2,1),(749,'New planned cost added for task task109',6,'2015-04-18 16:39:27',2,1),(750,'New Activity activity110 added by sanjeev@ontargetcloud.com',2,'2015-04-18 16:39:27',2,1),(751,'New task task110 added by sanjeev@ontargetcloud.com',4,'2015-04-18 16:39:27',2,1),(752,'New planned cost added for task task110',6,'2015-04-18 16:39:27',2,1),(753,'New planned cost added for task task110',6,'2015-04-18 16:39:27',2,1),(754,'New Activity activity111 added by sanjeev@ontargetcloud.com',2,'2015-04-18 16:39:27',2,1),(755,'New task task111 added by sanjeev@ontargetcloud.com',4,'2015-04-18 16:39:27',2,1),(756,'New planned cost added for task task111',6,'2015-04-18 16:39:27',2,1),(757,'New planned cost added for task task111',6,'2015-04-18 16:39:27',2,1),(758,'New Activity activity112 added by sanjeev@ontargetcloud.com',2,'2015-04-18 16:39:27',2,1),(759,'New task task112 added by sanjeev@ontargetcloud.com',4,'2015-04-18 16:39:27',2,1),(760,'New planned cost added for task task112',6,'2015-04-18 16:39:27',2,1),(761,'New planned cost added for task task112',6,'2015-04-18 16:39:27',2,1),(762,'New Activity activity113 added by sanjeev@ontargetcloud.com',2,'2015-04-18 16:39:27',2,1),(763,'New task task113 added by sanjeev@ontargetcloud.com',4,'2015-04-18 16:39:27',2,1),(764,'New planned cost added for task task113',6,'2015-04-18 16:39:27',2,1),(765,'New planned cost added for task task113',6,'2015-04-18 16:39:27',2,1),(766,'New Activity activity114 added by sanjeev@ontargetcloud.com',2,'2015-04-18 16:39:27',2,1),(767,'New task task114 added by sanjeev@ontargetcloud.com',4,'2015-04-18 16:39:27',2,1),(768,'New planned cost added for task task114',6,'2015-04-18 16:39:27',2,1),(769,'New planned cost added for task task114',6,'2015-04-18 16:39:27',2,1),(770,'New Activity activity115 added by sanjeev@ontargetcloud.com',2,'2015-04-18 16:39:27',2,1),(771,'New task task115 added by sanjeev@ontargetcloud.com',4,'2015-04-18 16:39:27',2,1),(772,'New planned cost added for task task115',6,'2015-04-18 16:39:27',2,1),(773,'New planned cost added for task task115',6,'2015-04-18 16:39:27',2,1),(774,'New Activity activity116 added by sanjeev@ontargetcloud.com',2,'2015-04-18 16:39:27',2,1),(775,'New task task116 added by sanjeev@ontargetcloud.com',4,'2015-04-18 16:39:27',2,1),(776,'New planned cost added for task task116',6,'2015-04-18 16:39:27',2,1),(777,'New planned cost added for task task116',6,'2015-04-18 16:39:27',2,1),(778,'New Activity activity117 added by sanjeev@ontargetcloud.com',2,'2015-04-18 16:39:27',2,1),(779,'New task task117 added by sanjeev@ontargetcloud.com',4,'2015-04-18 16:39:27',2,1),(780,'New planned cost added for task task117',6,'2015-04-18 16:39:27',2,1),(781,'New planned cost added for task task117',6,'2015-04-18 16:39:27',2,1),(782,'New Activity activity118 added by sanjeev@ontargetcloud.com',2,'2015-04-18 16:39:27',2,1),(783,'New task task118 added by sanjeev@ontargetcloud.com',4,'2015-04-18 16:39:27',2,1),(784,'New planned cost added for task task118',6,'2015-04-18 16:39:27',2,1),(785,'New planned cost added for task task118',6,'2015-04-18 16:39:27',2,1),(786,'New Activity activity119 added by sanjeev@ontargetcloud.com',2,'2015-04-18 16:39:27',2,1),(787,'New task task119 added by sanjeev@ontargetcloud.com',4,'2015-04-18 16:39:27',2,1),(788,'New planned cost added for task task119',6,'2015-04-18 16:39:27',2,1),(789,'New planned cost added for task task119',6,'2015-04-18 16:39:27',2,1),(790,'New Activity activity120 added by sanjeev@ontargetcloud.com',2,'2015-04-18 16:39:27',2,1),(791,'New task task120 added by sanjeev@ontargetcloud.com',4,'2015-04-18 16:39:27',2,1),(792,'New planned cost added for task task120',6,'2015-04-18 16:39:27',2,1),(793,'New planned cost added for task task120',6,'2015-04-18 16:39:27',2,1),(794,'New Activity activity121 added by sanjeev@ontargetcloud.com',2,'2015-04-18 16:39:28',2,1),(795,'New task task121 added by sanjeev@ontargetcloud.com',4,'2015-04-18 16:39:28',2,1),(796,'New planned cost added for task task121',6,'2015-04-18 16:39:28',2,1),(797,'New planned cost added for task task121',6,'2015-04-18 16:39:28',2,1),(798,'New Activity activity122 added by sanjeev@ontargetcloud.com',2,'2015-04-18 16:39:28',2,1),(799,'New task task122 added by sanjeev@ontargetcloud.com',4,'2015-04-18 16:39:28',2,1),(800,'New planned cost added for task task122',6,'2015-04-18 16:39:28',2,1),(801,'New planned cost added for task task122',6,'2015-04-18 16:39:28',2,1),(802,'New Activity activity123 added by sanjeev@ontargetcloud.com',2,'2015-04-18 16:39:28',2,1),(803,'New task task123 added by sanjeev@ontargetcloud.com',4,'2015-04-18 16:39:28',2,1),(804,'New planned cost added for task task123',6,'2015-04-18 16:39:28',2,1),(805,'New planned cost added for task task123',6,'2015-04-18 16:39:28',2,1),(806,'New Activity activity124 added by sanjeev@ontargetcloud.com',2,'2015-04-18 16:39:28',2,1),(807,'New task task124 added by sanjeev@ontargetcloud.com',4,'2015-04-18 16:39:28',2,1),(808,'New planned cost added for task task124',6,'2015-04-18 16:39:28',2,1),(809,'New planned cost added for task task124',6,'2015-04-18 16:39:28',2,1),(810,'New Activity activity125 added by sanjeev@ontargetcloud.com',2,'2015-04-18 16:39:28',2,1),(811,'New task task125 added by sanjeev@ontargetcloud.com',4,'2015-04-18 16:39:28',2,1),(812,'New planned cost added for task task125',6,'2015-04-18 16:39:28',2,1),(813,'New planned cost added for task task125',6,'2015-04-18 16:39:28',2,1),(814,'New Activity activity126 added by sanjeev@ontargetcloud.com',2,'2015-04-18 16:39:28',2,1),(815,'New task task126 added by sanjeev@ontargetcloud.com',4,'2015-04-18 16:39:28',2,1),(816,'New planned cost added for task task126',6,'2015-04-18 16:39:28',2,1),(817,'New planned cost added for task task126',6,'2015-04-18 16:39:28',2,1),(818,'New Activity activity127 added by sanjeev@ontargetcloud.com',2,'2015-04-18 16:39:28',2,1),(819,'New task task127 added by sanjeev@ontargetcloud.com',4,'2015-04-18 16:39:28',2,1),(820,'New planned cost added for task task127',6,'2015-04-18 16:39:29',2,1),(821,'New planned cost added for task task127',6,'2015-04-18 16:39:29',2,1),(822,'New Activity activity128 added by sanjeev@ontargetcloud.com',2,'2015-04-18 16:39:29',2,1),(823,'New task task128 added by sanjeev@ontargetcloud.com',4,'2015-04-18 16:39:29',2,1),(824,'New planned cost added for task task128',6,'2015-04-18 16:39:29',2,1),(825,'New planned cost added for task task128',6,'2015-04-18 16:39:29',2,1),(826,'New Activity activity129 added by sanjeev@ontargetcloud.com',2,'2015-04-18 16:39:29',2,1),(827,'New task task129 added by sanjeev@ontargetcloud.com',4,'2015-04-18 16:39:29',2,1),(828,'New planned cost added for task task129',6,'2015-04-18 16:39:29',2,1),(829,'New planned cost added for task task129',6,'2015-04-18 16:39:29',2,1),(830,'New Activity activity130 added by sanjeev@ontargetcloud.com',2,'2015-04-18 16:39:29',2,1),(831,'New task task130 added by sanjeev@ontargetcloud.com',4,'2015-04-18 16:39:29',2,1),(832,'New planned cost added for task task130',6,'2015-04-18 16:39:29',2,1),(833,'New planned cost added for task task130',6,'2015-04-18 16:39:29',2,1),(834,'New Activity activity131 added by sanjeev@ontargetcloud.com',2,'2015-04-18 16:39:29',2,1),(835,'New task task131 added by sanjeev@ontargetcloud.com',4,'2015-04-18 16:39:29',2,1),(836,'New planned cost added for task task131',6,'2015-04-18 16:39:29',2,1),(837,'New planned cost added for task task131',6,'2015-04-18 16:39:29',2,1),(838,'New Activity activity132 added by sanjeev@ontargetcloud.com',2,'2015-04-18 16:39:30',2,1),(839,'New task task132 added by sanjeev@ontargetcloud.com',4,'2015-04-18 16:39:30',2,1),(840,'New planned cost added for task task132',6,'2015-04-18 16:39:30',2,1),(841,'New planned cost added for task task132',6,'2015-04-18 16:39:30',2,1),(842,'New Activity activity133 added by sanjeev@ontargetcloud.com',2,'2015-04-18 16:39:30',2,1),(843,'New task task133 added by sanjeev@ontargetcloud.com',4,'2015-04-18 16:39:30',2,1),(844,'New planned cost added for task task133',6,'2015-04-18 16:39:30',2,1),(845,'New planned cost added for task task133',6,'2015-04-18 16:39:30',2,1),(846,'New Activity activity134 added by sanjeev@ontargetcloud.com',2,'2015-04-18 16:39:30',2,1),(847,'New task task134 added by sanjeev@ontargetcloud.com',4,'2015-04-18 16:39:30',2,1),(848,'New planned cost added for task task134',6,'2015-04-18 16:39:30',2,1),(849,'New planned cost added for task task134',6,'2015-04-18 16:39:30',2,1),(850,'New Activity activity135 added by sanjeev@ontargetcloud.com',2,'2015-04-18 16:39:30',2,1),(851,'New task task135 added by sanjeev@ontargetcloud.com',4,'2015-04-18 16:39:30',2,1),(852,'New planned cost added for task task135',6,'2015-04-18 16:39:30',2,1),(853,'New planned cost added for task task135',6,'2015-04-18 16:39:30',2,1),(854,'New Activity activity136 added by sanjeev@ontargetcloud.com',2,'2015-04-18 16:39:30',2,1),(855,'New task task136 added by sanjeev@ontargetcloud.com',4,'2015-04-18 16:39:30',2,1),(856,'New planned cost added for task task136',6,'2015-04-18 16:39:30',2,1),(857,'New planned cost added for task task136',6,'2015-04-18 16:39:30',2,1),(858,'New Activity activity137 added by sanjeev@ontargetcloud.com',2,'2015-04-18 16:39:30',2,1),(859,'New task task137 added by sanjeev@ontargetcloud.com',4,'2015-04-18 16:39:30',2,1),(860,'New planned cost added for task task137',6,'2015-04-18 16:39:30',2,1),(861,'New planned cost added for task task137',6,'2015-04-18 16:39:30',2,1),(862,'New Activity activity138 added by sanjeev@ontargetcloud.com',2,'2015-04-18 16:39:30',2,1),(863,'New task task138 added by sanjeev@ontargetcloud.com',4,'2015-04-18 16:39:30',2,1),(864,'New planned cost added for task task138',6,'2015-04-18 16:39:30',2,1),(865,'New planned cost added for task task138',6,'2015-04-18 16:39:30',2,1),(866,'New Activity activity139 added by sanjeev@ontargetcloud.com',2,'2015-04-18 16:39:30',2,1),(867,'New task task139 added by sanjeev@ontargetcloud.com',4,'2015-04-18 16:39:30',2,1),(868,'New planned cost added for task task139',6,'2015-04-18 16:39:30',2,1),(869,'New planned cost added for task task139',6,'2015-04-18 16:39:30',2,1),(870,'New Activity activity140 added by sanjeev@ontargetcloud.com',2,'2015-04-18 16:39:30',2,1),(871,'New task task140 added by sanjeev@ontargetcloud.com',4,'2015-04-18 16:39:30',2,1),(872,'New planned cost added for task task140',6,'2015-04-18 16:39:30',2,1),(873,'New planned cost added for task task140',6,'2015-04-18 16:39:30',2,1),(874,'New Activity activity141 added by sanjeev@ontargetcloud.com',2,'2015-04-18 16:39:30',2,1),(875,'New task task141 added by sanjeev@ontargetcloud.com',4,'2015-04-18 16:39:30',2,1),(876,'New planned cost added for task task141',6,'2015-04-18 16:39:30',2,1),(877,'New planned cost added for task task141',6,'2015-04-18 16:39:30',2,1),(878,'New Activity activity142 added by sanjeev@ontargetcloud.com',2,'2015-04-18 16:39:30',2,1),(879,'New task task142 added by sanjeev@ontargetcloud.com',4,'2015-04-18 16:39:30',2,1),(880,'New planned cost added for task task142',6,'2015-04-18 16:39:30',2,1),(881,'New planned cost added for task task142',6,'2015-04-18 16:39:30',2,1),(882,'New Activity activity143 added by sanjeev@ontargetcloud.com',2,'2015-04-18 16:39:31',2,1),(883,'New task task143 added by sanjeev@ontargetcloud.com',4,'2015-04-18 16:39:31',2,1),(884,'New planned cost added for task task143',6,'2015-04-18 16:39:31',2,1),(885,'New planned cost added for task task143',6,'2015-04-18 16:39:31',2,1),(886,'New Activity activity144 added by sanjeev@ontargetcloud.com',2,'2015-04-18 16:39:31',2,1),(887,'New task task144 added by sanjeev@ontargetcloud.com',4,'2015-04-18 16:39:31',2,1),(888,'New planned cost added for task task144',6,'2015-04-18 16:39:31',2,1),(889,'New planned cost added for task task144',6,'2015-04-18 16:39:31',2,1),(890,'New Activity activity145 added by sanjeev@ontargetcloud.com',2,'2015-04-18 16:39:31',2,1),(891,'New task task145 added by sanjeev@ontargetcloud.com',4,'2015-04-18 16:39:31',2,1),(892,'New planned cost added for task task145',6,'2015-04-18 16:39:31',2,1),(893,'New planned cost added for task task145',6,'2015-04-18 16:39:31',2,1),(894,'New Activity activity146 added by sanjeev@ontargetcloud.com',2,'2015-04-18 16:39:31',2,1),(895,'New task task146 added by sanjeev@ontargetcloud.com',4,'2015-04-18 16:39:31',2,1),(896,'New planned cost added for task task146',6,'2015-04-18 16:39:31',2,1),(897,'New planned cost added for task task146',6,'2015-04-18 16:39:31',2,1),(898,'New Activity activity147 added by sanjeev@ontargetcloud.com',2,'2015-04-18 16:39:31',2,1),(899,'New task task147 added by sanjeev@ontargetcloud.com',4,'2015-04-18 16:39:31',2,1),(900,'New planned cost added for task task147',6,'2015-04-18 16:39:31',2,1),(901,'New planned cost added for task task147',6,'2015-04-18 16:39:31',2,1),(902,'New Activity activity148 added by sanjeev@ontargetcloud.com',2,'2015-04-18 16:39:31',2,1),(903,'New task task148 added by sanjeev@ontargetcloud.com',4,'2015-04-18 16:39:31',2,1),(904,'New planned cost added for task task148',6,'2015-04-18 16:39:31',2,1),(905,'New planned cost added for task task148',6,'2015-04-18 16:39:31',2,1),(906,'New Activity activity149 added by sanjeev@ontargetcloud.com',2,'2015-04-18 16:39:31',2,1),(907,'New task task149 added by sanjeev@ontargetcloud.com',4,'2015-04-18 16:39:31',2,1),(908,'New planned cost added for task task149',6,'2015-04-18 16:39:31',2,1),(909,'New planned cost added for task task149',6,'2015-04-18 16:39:31',2,1),(910,'New Activity activity150 added by sanjeev@ontargetcloud.com',2,'2015-04-18 16:39:31',2,1),(911,'New task task150 added by sanjeev@ontargetcloud.com',4,'2015-04-18 16:39:31',2,1),(912,'New planned cost added for task task150',6,'2015-04-18 16:39:31',2,1),(913,'New planned cost added for task task150',6,'2015-04-18 16:39:31',2,1),(914,'New Activity activity151 added by sanjeev@ontargetcloud.com',2,'2015-04-18 16:39:31',2,1),(915,'New task task151 added by sanjeev@ontargetcloud.com',4,'2015-04-18 16:39:31',2,1),(916,'New planned cost added for task task151',6,'2015-04-18 16:39:31',2,1),(917,'New planned cost added for task task151',6,'2015-04-18 16:39:31',2,1),(918,'New Activity activity152 added by sanjeev@ontargetcloud.com',2,'2015-04-18 16:39:31',2,1),(919,'New task task152 added by sanjeev@ontargetcloud.com',4,'2015-04-18 16:39:31',2,1),(920,'New planned cost added for task task152',6,'2015-04-18 16:39:31',2,1),(921,'New planned cost added for task task152',6,'2015-04-18 16:39:31',2,1),(922,'New Activity activity153 added by sanjeev@ontargetcloud.com',2,'2015-04-18 16:39:31',2,1),(923,'New task task153 added by sanjeev@ontargetcloud.com',4,'2015-04-18 16:39:31',2,1),(924,'New planned cost added for task task153',6,'2015-04-18 16:39:31',2,1),(925,'New planned cost added for task task153',6,'2015-04-18 16:39:31',2,1),(926,'New Activity activity154 added by sanjeev@ontargetcloud.com',2,'2015-04-18 16:39:32',2,1),(927,'New task task154 added by sanjeev@ontargetcloud.com',4,'2015-04-18 16:39:32',2,1),(928,'New planned cost added for task task154',6,'2015-04-18 16:39:32',2,1),(929,'New planned cost added for task task154',6,'2015-04-18 16:39:32',2,1),(930,'New Activity activity155 added by sanjeev@ontargetcloud.com',2,'2015-04-18 16:39:32',2,1),(931,'New task task155 added by sanjeev@ontargetcloud.com',4,'2015-04-18 16:39:32',2,1),(932,'New planned cost added for task task155',6,'2015-04-18 16:39:32',2,1),(933,'New planned cost added for task task155',6,'2015-04-18 16:39:32',2,1),(934,'New Activity activity156 added by sanjeev@ontargetcloud.com',2,'2015-04-18 16:39:32',2,1),(935,'New task task156 added by sanjeev@ontargetcloud.com',4,'2015-04-18 16:39:32',2,1),(936,'New planned cost added for task task156',6,'2015-04-18 16:39:32',2,1),(937,'New planned cost added for task task156',6,'2015-04-18 16:39:32',2,1),(938,'New Activity activity157 added by sanjeev@ontargetcloud.com',2,'2015-04-18 16:39:32',2,1),(939,'New task task157 added by sanjeev@ontargetcloud.com',4,'2015-04-18 16:39:32',2,1),(940,'New planned cost added for task task157',6,'2015-04-18 16:39:32',2,1),(941,'New planned cost added for task task157',6,'2015-04-18 16:39:32',2,1),(942,'New Activity activity158 added by sanjeev@ontargetcloud.com',2,'2015-04-18 16:39:32',2,1),(943,'New task task158 added by sanjeev@ontargetcloud.com',4,'2015-04-18 16:39:32',2,1),(944,'New planned cost added for task task158',6,'2015-04-18 16:39:32',2,1),(945,'New planned cost added for task task158',6,'2015-04-18 16:39:32',2,1),(946,'New Activity activity159 added by sanjeev@ontargetcloud.com',2,'2015-04-18 16:39:32',2,1),(947,'New task task159 added by sanjeev@ontargetcloud.com',4,'2015-04-18 16:39:32',2,1),(948,'New planned cost added for task task159',6,'2015-04-18 16:39:32',2,1),(949,'New planned cost added for task task159',6,'2015-04-18 16:39:32',2,1),(950,'New Activity activity160 added by sanjeev@ontargetcloud.com',2,'2015-04-18 16:39:32',2,1),(951,'New task task160 added by sanjeev@ontargetcloud.com',4,'2015-04-18 16:39:32',2,1),(952,'New planned cost added for task task160',6,'2015-04-18 16:39:32',2,1),(953,'New planned cost added for task task160',6,'2015-04-18 16:39:32',2,1),(954,'New Activity activity161 added by sanjeev@ontargetcloud.com',2,'2015-04-18 16:39:32',2,1),(955,'New task task161 added by sanjeev@ontargetcloud.com',4,'2015-04-18 16:39:32',2,1),(956,'New planned cost added for task task161',6,'2015-04-18 16:39:32',2,1),(957,'New planned cost added for task task161',6,'2015-04-18 16:39:32',2,1),(958,'New Activity activity162 added by sanjeev@ontargetcloud.com',2,'2015-04-18 16:39:32',2,1),(959,'New task task162 added by sanjeev@ontargetcloud.com',4,'2015-04-18 16:39:32',2,1),(960,'New planned cost added for task task162',6,'2015-04-18 16:39:32',2,1),(961,'New planned cost added for task task162',6,'2015-04-18 16:39:32',2,1),(962,'New Activity activity163 added by sanjeev@ontargetcloud.com',2,'2015-04-18 16:39:32',2,1),(963,'New task task163 added by sanjeev@ontargetcloud.com',4,'2015-04-18 16:39:32',2,1),(964,'New planned cost added for task task163',6,'2015-04-18 16:39:32',2,1),(965,'New planned cost added for task task163',6,'2015-04-18 16:39:32',2,1),(966,'New Activity activity164 added by sanjeev@ontargetcloud.com',2,'2015-04-18 16:39:32',2,1),(967,'New task task164 added by sanjeev@ontargetcloud.com',4,'2015-04-18 16:39:32',2,1),(968,'New planned cost added for task task164',6,'2015-04-18 16:39:32',2,1),(969,'New planned cost added for task task164',6,'2015-04-18 16:39:32',2,1),(970,'New Activity activity165 added by sanjeev@ontargetcloud.com',2,'2015-04-18 16:39:32',2,1),(971,'New task task165 added by sanjeev@ontargetcloud.com',4,'2015-04-18 16:39:32',2,1),(972,'New planned cost added for task task165',6,'2015-04-18 16:39:32',2,1),(973,'New planned cost added for task task165',6,'2015-04-18 16:39:32',2,1),(974,'New Activity activity166 added by sanjeev@ontargetcloud.com',2,'2015-04-18 16:39:32',2,1),(975,'New task task166 added by sanjeev@ontargetcloud.com',4,'2015-04-18 16:39:32',2,1),(976,'New planned cost added for task task166',6,'2015-04-18 16:39:32',2,1),(977,'New planned cost added for task task166',6,'2015-04-18 16:39:32',2,1),(978,'New Activity activity167 added by sanjeev@ontargetcloud.com',2,'2015-04-18 16:39:32',2,1),(979,'New task task167 added by sanjeev@ontargetcloud.com',4,'2015-04-18 16:39:32',2,1),(980,'New planned cost added for task task167',6,'2015-04-18 16:39:32',2,1),(981,'New planned cost added for task task167',6,'2015-04-18 16:39:32',2,1),(982,'New Activity activity168 added by sanjeev@ontargetcloud.com',2,'2015-04-18 16:39:33',2,1),(983,'New task task168 added by sanjeev@ontargetcloud.com',4,'2015-04-18 16:39:33',2,1),(984,'New planned cost added for task task168',6,'2015-04-18 16:39:33',2,1),(985,'New planned cost added for task task168',6,'2015-04-18 16:39:33',2,1),(986,'New Activity activity169 added by sanjeev@ontargetcloud.com',2,'2015-04-18 16:39:33',2,1),(987,'New task task169 added by sanjeev@ontargetcloud.com',4,'2015-04-18 16:39:33',2,1),(988,'New planned cost added for task task169',6,'2015-04-18 16:39:33',2,1),(989,'New planned cost added for task task169',6,'2015-04-18 16:39:33',2,1),(990,'New Activity activity170 added by sanjeev@ontargetcloud.com',2,'2015-04-18 16:39:33',2,1),(991,'New task task170 added by sanjeev@ontargetcloud.com',4,'2015-04-18 16:39:33',2,1),(992,'New planned cost added for task task170',6,'2015-04-18 16:39:33',2,1),(993,'New planned cost added for task task170',6,'2015-04-18 16:39:33',2,1),(994,'New Activity activity171 added by sanjeev@ontargetcloud.com',2,'2015-04-18 16:39:33',2,1),(995,'New task task171 added by sanjeev@ontargetcloud.com',4,'2015-04-18 16:39:33',2,1),(996,'New planned cost added for task task171',6,'2015-04-18 16:39:33',2,1),(997,'New planned cost added for task task171',6,'2015-04-18 16:39:33',2,1),(998,'New Activity activity172 added by sanjeev@ontargetcloud.com',2,'2015-04-18 16:39:33',2,1),(999,'New task task172 added by sanjeev@ontargetcloud.com',4,'2015-04-18 16:39:33',2,1),(1000,'New planned cost added for task task172',6,'2015-04-18 16:39:33',2,1),(1001,'New planned cost added for task task172',6,'2015-04-18 16:39:33',2,1),(1002,'New Activity activity173 added by sanjeev@ontargetcloud.com',2,'2015-04-18 16:39:33',2,1),(1003,'New task task173 added by sanjeev@ontargetcloud.com',4,'2015-04-18 16:39:33',2,1),(1004,'New planned cost added for task task173',6,'2015-04-18 16:39:33',2,1),(1005,'New planned cost added for task task173',6,'2015-04-18 16:39:33',2,1),(1006,'New Activity activity174 added by sanjeev@ontargetcloud.com',2,'2015-04-18 16:39:33',2,1),(1007,'New task task174 added by sanjeev@ontargetcloud.com',4,'2015-04-18 16:39:33',2,1),(1008,'New planned cost added for task task174',6,'2015-04-18 16:39:33',2,1),(1009,'New planned cost added for task task174',6,'2015-04-18 16:39:33',2,1),(1010,'New Activity activity175 added by sanjeev@ontargetcloud.com',2,'2015-04-18 16:39:33',2,1),(1011,'New task task175 added by sanjeev@ontargetcloud.com',4,'2015-04-18 16:39:33',2,1),(1012,'New planned cost added for task task175',6,'2015-04-18 16:39:33',2,1),(1013,'New planned cost added for task task175',6,'2015-04-18 16:39:33',2,1),(1014,'New Activity activity176 added by sanjeev@ontargetcloud.com',2,'2015-04-18 16:39:33',2,1),(1015,'New task task176 added by sanjeev@ontargetcloud.com',4,'2015-04-18 16:39:33',2,1),(1016,'New planned cost added for task task176',6,'2015-04-18 16:39:33',2,1),(1017,'New planned cost added for task task176',6,'2015-04-18 16:39:33',2,1),(1018,'New Activity activity177 added by sanjeev@ontargetcloud.com',2,'2015-04-18 16:39:33',2,1),(1019,'New task task177 added by sanjeev@ontargetcloud.com',4,'2015-04-18 16:39:33',2,1),(1020,'New planned cost added for task task177',6,'2015-04-18 16:39:33',2,1),(1021,'New planned cost added for task task177',6,'2015-04-18 16:39:33',2,1),(1022,'New Activity activity178 added by sanjeev@ontargetcloud.com',2,'2015-04-18 16:39:33',2,1),(1023,'New task task178 added by sanjeev@ontargetcloud.com',4,'2015-04-18 16:39:33',2,1),(1024,'New planned cost added for task task178',6,'2015-04-18 16:39:33',2,1),(1025,'New planned cost added for task task178',6,'2015-04-18 16:39:33',2,1),(1026,'New Activity activity179 added by sanjeev@ontargetcloud.com',2,'2015-04-18 16:39:33',2,1),(1027,'New task task179 added by sanjeev@ontargetcloud.com',4,'2015-04-18 16:39:33',2,1),(1028,'New planned cost added for task task179',6,'2015-04-18 16:39:33',2,1),(1029,'New planned cost added for task task179',6,'2015-04-18 16:39:33',2,1),(1030,'New Activity activity180 added by sanjeev@ontargetcloud.com',2,'2015-04-18 16:39:33',2,1),(1031,'New task task180 added by sanjeev@ontargetcloud.com',4,'2015-04-18 16:39:33',2,1),(1032,'New planned cost added for task task180',6,'2015-04-18 16:39:33',2,1),(1033,'New planned cost added for task task180',6,'2015-04-18 16:39:33',2,1),(1034,'New Activity activity181 added by sanjeev@ontargetcloud.com',2,'2015-04-18 16:39:33',2,1),(1035,'New task task181 added by sanjeev@ontargetcloud.com',4,'2015-04-18 16:39:33',2,1),(1036,'New planned cost added for task task181',6,'2015-04-18 16:39:33',2,1),(1037,'New planned cost added for task task181',6,'2015-04-18 16:39:34',2,1),(1038,'New Activity activity182 added by sanjeev@ontargetcloud.com',2,'2015-04-18 16:39:34',2,1),(1039,'New task task182 added by sanjeev@ontargetcloud.com',4,'2015-04-18 16:39:34',2,1),(1040,'New planned cost added for task task182',6,'2015-04-18 16:39:34',2,1),(1041,'New planned cost added for task task182',6,'2015-04-18 16:39:34',2,1),(1042,'New Activity activity183 added by sanjeev@ontargetcloud.com',2,'2015-04-18 16:39:34',2,1),(1043,'New task task183 added by sanjeev@ontargetcloud.com',4,'2015-04-18 16:39:34',2,1),(1044,'New planned cost added for task task183',6,'2015-04-18 16:39:34',2,1),(1045,'New planned cost added for task task183',6,'2015-04-18 16:39:34',2,1),(1046,'New Activity activity184 added by sanjeev@ontargetcloud.com',2,'2015-04-18 16:39:34',2,1),(1047,'New task task184 added by sanjeev@ontargetcloud.com',4,'2015-04-18 16:39:34',2,1),(1048,'New planned cost added for task task184',6,'2015-04-18 16:39:34',2,1),(1049,'New planned cost added for task task184',6,'2015-04-18 16:39:34',2,1),(1050,'New Activity activity185 added by sanjeev@ontargetcloud.com',2,'2015-04-18 16:39:34',2,1),(1051,'New task task185 added by sanjeev@ontargetcloud.com',4,'2015-04-18 16:39:34',2,1),(1052,'New planned cost added for task task185',6,'2015-04-18 16:39:34',2,1),(1053,'New planned cost added for task task185',6,'2015-04-18 16:39:34',2,1),(1054,'New Activity activity186 added by sanjeev@ontargetcloud.com',2,'2015-04-18 16:39:34',2,1),(1055,'New task task186 added by sanjeev@ontargetcloud.com',4,'2015-04-18 16:39:34',2,1),(1056,'New planned cost added for task task186',6,'2015-04-18 16:39:34',2,1),(1057,'New planned cost added for task task186',6,'2015-04-18 16:39:34',2,1),(1058,'New Activity activity187 added by sanjeev@ontargetcloud.com',2,'2015-04-18 16:39:34',2,1),(1059,'New task task187 added by sanjeev@ontargetcloud.com',4,'2015-04-18 16:39:34',2,1),(1060,'New planned cost added for task task187',6,'2015-04-18 16:39:34',2,1),(1061,'New planned cost added for task task187',6,'2015-04-18 16:39:34',2,1),(1062,'New Activity activity188 added by sanjeev@ontargetcloud.com',2,'2015-04-18 16:39:34',2,1),(1063,'New task task188 added by sanjeev@ontargetcloud.com',4,'2015-04-18 16:39:34',2,1),(1064,'New planned cost added for task task188',6,'2015-04-18 16:39:34',2,1),(1065,'New planned cost added for task task188',6,'2015-04-18 16:39:34',2,1),(1066,'New Activity activity189 added by sanjeev@ontargetcloud.com',2,'2015-04-18 16:39:34',2,1),(1067,'New task task189 added by sanjeev@ontargetcloud.com',4,'2015-04-18 16:39:34',2,1),(1068,'New planned cost added for task task189',6,'2015-04-18 16:39:34',2,1),(1069,'New planned cost added for task task189',6,'2015-04-18 16:39:34',2,1),(1070,'New Activity activity190 added by sanjeev@ontargetcloud.com',2,'2015-04-18 16:39:34',2,1),(1071,'New task task190 added by sanjeev@ontargetcloud.com',4,'2015-04-18 16:39:34',2,1),(1072,'New planned cost added for task task190',6,'2015-04-18 16:39:34',2,1),(1073,'New planned cost added for task task190',6,'2015-04-18 16:39:34',2,1),(1074,'New Activity activity191 added by sanjeev@ontargetcloud.com',2,'2015-04-18 16:39:34',2,1),(1075,'New task task191 added by sanjeev@ontargetcloud.com',4,'2015-04-18 16:39:34',2,1),(1076,'New planned cost added for task task191',6,'2015-04-18 16:39:34',2,1),(1077,'New planned cost added for task task191',6,'2015-04-18 16:39:34',2,1),(1078,'New Activity activity192 added by sanjeev@ontargetcloud.com',2,'2015-04-18 16:39:34',2,1),(1079,'New task task192 added by sanjeev@ontargetcloud.com',4,'2015-04-18 16:39:34',2,1),(1080,'New planned cost added for task task192',6,'2015-04-18 16:39:35',2,1),(1081,'New planned cost added for task task192',6,'2015-04-18 16:39:35',2,1),(1082,'New Activity activity193 added by sanjeev@ontargetcloud.com',2,'2015-04-18 16:39:35',2,1),(1083,'New task task193 added by sanjeev@ontargetcloud.com',4,'2015-04-18 16:39:35',2,1),(1084,'New planned cost added for task task193',6,'2015-04-18 16:39:35',2,1),(1085,'New planned cost added for task task193',6,'2015-04-18 16:39:35',2,1),(1086,'New Activity activity194 added by sanjeev@ontargetcloud.com',2,'2015-04-18 16:39:35',2,1),(1087,'New task task194 added by sanjeev@ontargetcloud.com',4,'2015-04-18 16:39:35',2,1),(1088,'New planned cost added for task task194',6,'2015-04-18 16:39:35',2,1),(1089,'New planned cost added for task task194',6,'2015-04-18 16:39:35',2,1),(1090,'New Activity activity195 added by sanjeev@ontargetcloud.com',2,'2015-04-18 16:39:35',2,1),(1091,'New task task195 added by sanjeev@ontargetcloud.com',4,'2015-04-18 16:39:35',2,1),(1092,'New planned cost added for task task195',6,'2015-04-18 16:39:35',2,1),(1093,'New planned cost added for task task195',6,'2015-04-18 16:39:35',2,1),(1094,'New Activity activity196 added by sanjeev@ontargetcloud.com',2,'2015-04-18 16:39:35',2,1),(1095,'New task task196 added by sanjeev@ontargetcloud.com',4,'2015-04-18 16:39:35',2,1),(1096,'New planned cost added for task task196',6,'2015-04-18 16:39:35',2,1),(1097,'New planned cost added for task task196',6,'2015-04-18 16:39:35',2,1),(1098,'New Activity activity197 added by sanjeev@ontargetcloud.com',2,'2015-04-18 16:39:35',2,1),(1099,'New task task197 added by sanjeev@ontargetcloud.com',4,'2015-04-18 16:39:35',2,1),(1100,'New planned cost added for task task197',6,'2015-04-18 16:39:35',2,1),(1101,'New planned cost added for task task197',6,'2015-04-18 16:39:35',2,1),(1102,'New Activity activity198 added by sanjeev@ontargetcloud.com',2,'2015-04-18 16:39:35',2,1),(1103,'New task task198 added by sanjeev@ontargetcloud.com',4,'2015-04-18 16:39:35',2,1),(1104,'New planned cost added for task task198',6,'2015-04-18 16:39:35',2,1),(1105,'New planned cost added for task task198',6,'2015-04-18 16:39:35',2,1),(1106,'New Activity activity199 added by sanjeev@ontargetcloud.com',2,'2015-04-18 16:39:35',2,1),(1107,'New task task199 added by sanjeev@ontargetcloud.com',4,'2015-04-18 16:39:35',2,1),(1108,'New planned cost added for task task199',6,'2015-04-18 16:39:35',2,1),(1109,'New planned cost added for task task199',6,'2015-04-18 16:39:35',2,1),(1110,'New Activity activity1 added by sanjeev@ontargetcloud.com',2,'2015-04-18 18:12:53',2,1),(1111,'New task task1 added by sanjeev@ontargetcloud.com',4,'2015-04-18 18:12:53',2,1),(1112,'New planned cost added for task task1',6,'2015-04-18 18:12:53',2,1),(1113,'New planned cost added for task task1',6,'2015-04-18 18:12:53',2,1),(1114,'New Activity activity2 added by sanjeev@ontargetcloud.com',2,'2015-04-18 18:12:53',2,1),(1115,'New task task2 added by sanjeev@ontargetcloud.com',4,'2015-04-18 18:12:53',2,1),(1116,'New planned cost added for task task2',6,'2015-04-18 18:12:53',2,1),(1117,'New planned cost added for task task2',6,'2015-04-18 18:12:53',2,1),(1118,'New Activity activity3 added by sanjeev@ontargetcloud.com',2,'2015-04-18 18:12:54',2,1),(1119,'New task task3 added by sanjeev@ontargetcloud.com',4,'2015-04-18 18:12:54',2,1),(1120,'New planned cost added for task task3',6,'2015-04-18 18:12:54',2,1),(1121,'New planned cost added for task task3',6,'2015-04-18 18:12:54',2,1),(1122,'New Activity activity1 added by sanjeev@ontargetcloud.com',2,'2015-04-18 18:23:13',2,1),(1123,'New task task1 added by sanjeev@ontargetcloud.com',4,'2015-04-18 18:23:13',2,1),(1124,'New planned cost added for task task1',6,'2015-04-18 18:23:13',2,1),(1125,'New planned cost added for task task1',6,'2015-04-18 18:23:13',2,1),(1126,'New Activity activity2 added by sanjeev@ontargetcloud.com',2,'2015-04-18 18:23:13',2,1),(1127,'New task task2 added by sanjeev@ontargetcloud.com',4,'2015-04-18 18:23:13',2,1),(1128,'New planned cost added for task task2',6,'2015-04-18 18:23:13',2,1),(1129,'New planned cost added for task task2',6,'2015-04-18 18:23:13',2,1),(1130,'New Activity activity3 added by sanjeev@ontargetcloud.com',2,'2015-04-18 18:23:13',2,1),(1131,'New task task3 added by sanjeev@ontargetcloud.com',4,'2015-04-18 18:23:13',2,1),(1132,'New planned cost added for task task3',6,'2015-04-18 18:23:13',2,1),(1133,'New planned cost added for task task3',6,'2015-04-18 18:23:13',2,1),(1134,'Activity activity3 updated by sanjeev@ontargetcloud.com',2,'2015-04-19 19:50:15',2,1),(1135,'Task task3 updated by sanjeev@ontargetcloud.com',5,'2015-04-19 19:55:47',2,1),(1136,'Task task3 updated by sanjeev@ontargetcloud.com',5,'2015-04-19 20:27:07',2,1),(1137,'New Activity activity1 added by sanjeev@ontargetcloud.com',2,'2015-05-01 15:18:16',2,1),(1138,'New task task1 added by sanjeev@ontargetcloud.com',4,'2015-05-01 15:18:17',2,1),(1139,'New planned cost added for task task1',6,'2015-05-01 15:18:17',2,1),(1140,'New planned cost added for task task1',6,'2015-05-01 15:18:17',2,1),(1141,'New Activity activity1 added by sanjeev@ontargetcloud.com',2,'2015-05-01 15:18:44',2,1),(1142,'New task task1 added by sanjeev@ontargetcloud.com',4,'2015-05-01 15:18:44',2,1),(1143,'New planned cost added for task task1',6,'2015-05-01 15:18:44',2,1),(1144,'New planned cost added for task task1',6,'2015-05-01 15:18:44',2,1),(1145,'Task task1 updated by sanjeev@ontargetcloud.com',5,'2015-05-01 22:07:15',2,1),(1146,'Comment this is test comment added on task task1',1,'2015-05-01 22:07:16',2,1),(1147,'New file sa.jpg uploaded for task task1',10,'2015-05-01 22:07:17',2,1),(1148,NULL,11,'2015-05-01 22:07:29',2,1),(1149,'Task task1 updated by sanjeev@ontargetcloud.com',5,'2015-05-01 22:07:29',2,1),(1150,'New task task1 added by sanjeev@ontargetcloud.com',4,'2015-05-01 22:07:30',2,1),(1151,'Task task1 updated by sanjeev@ontargetcloud.com',5,'2015-05-01 22:17:46',2,1),(1152,'Comment this is test comment added on task task1',1,'2015-05-01 22:17:47',2,1),(1153,'New file sa.jpg uploaded for task task1',10,'2015-05-01 22:17:48',2,1),(1154,NULL,11,'2015-05-01 22:17:59',2,1),(1155,'New task task1 added by sanjeev@ontargetcloud.com',4,'2015-05-01 22:18:00',2,1),(1156,'Task task1 updated by sanjeev@ontargetcloud.com',5,'2015-05-01 22:18:01',2,1),(1157,'New Activity project name added by sanjeev@ontargetcloud.com',2,'2015-05-01 22:21:16',2,1),(1158,'New Activity project name added by sanjeev@ontargetcloud.com',2,'2015-05-01 22:22:20',2,1),(1159,'Task task1 updated by sanjeev@ontargetcloud.com',5,'2015-05-01 22:50:23',2,1),(1160,'Comment this is test comment added on task task1',1,'2015-05-01 22:50:24',2,1),(1161,'New file sa.jpg uploaded for task task1',10,'2015-05-01 22:50:25',2,1),(1162,NULL,11,'2015-05-01 22:50:35',2,1),(1163,'Task task1 updated by sanjeev@ontargetcloud.com',5,'2015-05-01 22:50:36',2,1),(1164,'New task task1 added by sanjeev@ontargetcloud.com',4,'2015-05-01 22:50:36',2,1),(1165,'New task task1 added by sanjeev@ontargetcloud.com',4,'2015-05-01 22:52:07',2,1),(1166,'New Activity task1 added by sanjeev',2,'2015-05-09 18:52:55',2,1),(1167,'Activity task12 updated by sanjeev',2,'2015-05-09 18:54:25',2,1),(1168,'Task task1 updated by sanjeev',5,'2015-05-11 22:30:54',2,1),(1169,'Task task1 updated by sanjeev',5,'2015-05-11 22:31:01',2,1),(1170,'New Activity project name added by sanjeev',2,'2015-05-16 15:40:04',2,1),(1171,'New Activity project name added by sanjeev',2,'2015-05-16 15:40:18',2,1),(1172,'New Activity project name added by sanjeev',2,'2015-05-16 15:43:23',2,1),(1173,'Activity project name updated by sanjeev',2,'2015-05-16 15:46:55',2,1),(1174,'Activity project name updated by sanjeev',2,'2015-05-16 15:47:05',2,1),(1175,'New Activity project name added by sanjeev',2,'2015-05-16 15:48:00',2,1),(1176,'New Activity project name added by sanjeev',2,'2015-05-16 16:22:14',2,1),(1177,'New Activity project name added by sanjeev',2,'2015-05-16 16:37:21',2,1),(1178,'Activity project name updated by sanjeev',2,'2015-05-16 16:39:56',2,1),(1179,'Activity project name updated by sanjeev',2,'2015-05-16 16:40:22',2,1),(1180,'Activity project name updated by sanjeev',2,'2015-05-16 16:40:38',2,1),(1181,'Activity project name updated by sanjeev',2,'2015-05-16 16:41:47',2,1),(1182,'New Activity santosh added by sanjeev',2,'2015-06-02 20:47:16',2,1),(1183,'New Activity santosh added by sanjeev',2,'2015-06-02 21:06:41',2,1),(1184,'New Activity santosh added by sanjeev',2,'2015-06-02 21:41:58',2,1),(1185,'New Activity santosh added by sanjeev',2,'2015-06-02 21:46:15',2,1),(1186,'Activity task12 updated by sanjeev',2,'2015-06-02 21:46:39',2,1),(1187,'Activity task1111 updated by sanjeev',2,'2015-06-02 21:46:55',2,1),(1188,'Activity santosh updated by sanjeev',2,'2015-06-02 21:49:12',2,1),(1189,'New Activity project name added by sanjeev',2,'2015-06-02 21:49:14',2,1),(1190,'New Activity project name added by sanjeev',2,'2015-06-02 21:49:33',2,1),(1191,'New Activity pp11 added by sanjeev',2,'2015-06-02 21:50:42',2,1),(1192,'Activity project name updated by sanjeev',2,'2015-06-02 21:56:51',2,1),(1193,'Activity project name updated by sanjeev',2,'2015-06-02 21:57:02',2,1),(1194,'Activity task1111 updated by sanjeev',2,'2015-06-02 22:19:54',2,1),(1195,'Activity task1111 updated by sanjeev',2,'2015-06-02 22:24:06',2,1),(1196,'Activity project name123 updated by sanjeev',2,'2015-06-02 22:32:33',2,1),(1197,'New Activity ppabc added by sanjeev',2,'2015-06-02 22:35:19',2,1),(1198,'New Activity pp123 added by sanjeev',2,'2015-06-02 22:56:10',2,1),(1199,'New Activity santoshpp1 added by sanjeev',2,'2015-06-02 22:56:54',2,1),(1200,'New Activity activity123 added by sanjeev',2,'2015-06-03 00:08:15',2,1),(1201,'New Activity activity2 added by sanjeev',2,'2015-06-03 00:32:37',2,1),(1202,'New Activity activity9 added by sanjeev',2,'2015-06-03 00:50:59',2,1),(1203,'New task task123 added by sanjeev',4,'2015-06-03 08:40:13',2,1),(1204,'Comment comment1 added on task task123',1,'2015-06-03 08:40:26',2,1),(1205,'New planned cost added for task task123',6,'2015-06-03 08:40:37',2,1),(1206,'New planned cost added for task task123',6,'2015-06-03 08:40:37',2,1),(1207,'New file projectapi.pdf uploaded for task task123',10,'2015-06-03 08:41:31',2,1),(1208,'Comment comment2 added on task task123',1,'2015-06-03 08:42:03',2,1),(1209,'Activity activity9 updated by sanjeev',2,'2015-06-03 08:54:14',2,1),(1210,'New Activity activity123 added by sanjeev',2,'2015-06-03 18:42:18',2,1),(1211,'Activity activity123 updated by sanjeev',2,'2015-06-03 18:42:29',2,1),(1212,'Activity activity123 updated by sanjeev',2,'2015-06-03 19:18:15',2,1),(1213,'Activity activity9 updated by sanjeev',2,'2015-06-03 19:21:40',2,1),(1214,'Activity activity123 updated by sanjeev',2,'2015-06-03 19:21:41',2,1),(1215,'Activity activity123 updated by sanjeev',2,'2015-06-03 19:21:59',2,1),(1216,'Activity activity123 updated by sanjeev',2,'2015-06-03 19:22:56',2,1),(1217,'Activity activity updated by sanjeev',2,'2015-06-03 19:23:42',2,1),(1218,'Activity activity updated by sanjeev',2,'2015-06-03 19:23:54',2,1),(1219,'Activity activity updated by sanjeev',2,'2015-06-03 19:24:58',2,1),(1220,'Activity activity updated by sanjeev',2,'2015-06-03 19:25:29',2,1),(1221,'Activity project namesa updated by sanjeev',2,'2015-06-03 19:33:09',2,1),(1222,'Activity activity updated by sanjeev',2,'2015-06-03 19:51:19',2,1),(1223,'New task task1 added by sanjeev',4,'2015-06-03 19:52:19',2,1),(1224,'New file 20150509.txt uploaded for task task1',10,'2015-06-03 19:56:10',2,1),(1225,'New file localhost.jpeg uploaded for task task1',10,'2015-06-03 20:48:29',2,1),(1226,'Task task1jjj updated by sanjeev',5,'2015-06-03 20:49:32',2,1),(1227,'New planned cost added for task task1jjj',6,'2015-06-03 20:49:53',2,1),(1228,'New planned cost added for task task1jjj',6,'2015-06-03 20:49:53',2,1),(1229,'Activity activity123 updated by sanjeev',2,'2015-06-03 21:52:03',2,1),(1230,'Activity project name123 updated by sanjeev',2,'2015-06-04 07:56:38',2,1),(1235,'Activity Simon and Barron WEA Residential updated by sanjeev',2,'2015-06-04 07:58:24',2,1),(1236,'Activity task1111 updated by sanjeev',2,'2015-06-04 07:58:24',2,1),(1237,'Activity project name123 updated by sanjeev',2,'2015-06-04 07:58:24',2,1),(1238,'Activity project namesa updated by sanjeev',2,'2015-06-04 07:58:24',2,1),(1239,'Activity santosh updated by sanjeev',2,'2015-06-04 07:58:24',2,1),(1240,'Activity santosh updated by sanjeev',2,'2015-06-04 07:58:24',2,1),(1241,'Activity santosh updated by sanjeev',2,'2015-06-04 07:58:24',2,1),(1242,'Activity santosh updated by sanjeev',2,'2015-06-04 07:58:24',2,1),(1243,'Activity project name updated by sanjeev',2,'2015-06-04 07:58:24',2,1),(1244,'Activity project name updated by sanjeev',2,'2015-06-04 07:58:24',2,1),(1245,'Activity pp11 updated by sanjeev',2,'2015-06-04 07:58:24',2,1),(1246,'Activity ppabc updated by sanjeev',2,'2015-06-04 07:58:24',2,1),(1247,'Activity pp123 updated by sanjeev',2,'2015-06-04 07:58:24',2,1),(1248,'Activity santoshpp1 updated by sanjeev',2,'2015-06-04 07:58:24',2,1),(1249,'Activity activity123 updated by sanjeev',2,'2015-06-04 07:58:24',2,1),(1250,'Activity activity2 updated by sanjeev',2,'2015-06-04 07:58:24',2,1),(1251,'Activity activity9 updated by sanjeev',2,'2015-06-04 07:58:24',2,1),(1252,'Activity activity updated by sanjeev',2,'2015-06-04 07:58:24',2,1),(1253,'Activity task1111 updated by sanjeev',2,'2015-06-04 07:59:53',2,1),(1254,'Activity project name123 updated by sanjeev',2,'2015-06-04 08:00:07',2,1),(1255,'Activity Simon and Barron WEA Residential updated by sanjeev',2,'2015-06-04 08:00:15',2,1),(1256,'Activity task1111 updated by sanjeev',2,'2015-06-04 08:00:15',2,1),(1257,'Activity project name123 updated by sanjeev',2,'2015-06-04 08:00:15',2,1),(1258,'Activity project namesa updated by sanjeev',2,'2015-06-04 08:00:15',2,1),(1259,'Activity santosh updated by sanjeev',2,'2015-06-04 08:00:15',2,1),(1260,'Activity santosh updated by sanjeev',2,'2015-06-04 08:00:15',2,1),(1261,'Activity santosh updated by sanjeev',2,'2015-06-04 08:00:15',2,1),(1262,'Activity santosh updated by sanjeev',2,'2015-06-04 08:00:15',2,1),(1263,'Activity project name updated by sanjeev',2,'2015-06-04 08:00:15',2,1),(1264,'Activity project name updated by sanjeev',2,'2015-06-04 08:00:15',2,1),(1265,'Activity pp11 updated by sanjeev',2,'2015-06-04 08:00:15',2,1),(1266,'Activity ppabc updated by sanjeev',2,'2015-06-04 08:00:15',2,1),(1267,'Activity pp123 updated by sanjeev',2,'2015-06-04 08:00:15',2,1),(1268,'Activity santoshpp1 updated by sanjeev',2,'2015-06-04 08:00:15',2,1),(1269,'Activity activity123 updated by sanjeev',2,'2015-06-04 08:00:15',2,1),(1270,'Activity activity2 updated by sanjeev',2,'2015-06-04 08:00:15',2,1),(1271,'Activity activity9 updated by sanjeev',2,'2015-06-04 08:00:15',2,1),(1272,'Activity activity updated by sanjeev',2,'2015-06-04 08:00:15',2,1),(1273,'Activity task1111 updated by sanjeev',2,'2015-06-04 08:30:03',2,1),(1274,'Activity project name123 updated by sanjeev',2,'2015-06-04 08:30:04',2,1),(1275,'Activity project namesa updated by sanjeev',2,'2015-06-04 08:30:05',2,1),(1276,'Activity santosh updated by sanjeev',2,'2015-06-04 08:30:05',2,1),(1277,'Activity santosh updated by sanjeev',2,'2015-06-04 08:30:06',2,1),(1278,'Activity santosh updated by sanjeev',2,'2015-06-04 08:30:06',2,1),(1279,'Activity santosh updated by sanjeev',2,'2015-06-04 08:30:07',2,1),(1280,'Activity project name updated by sanjeev',2,'2015-06-04 08:30:07',2,1),(1281,'Activity project name updated by sanjeev',2,'2015-06-04 08:30:08',2,1),(1282,'Activity pp11 updated by sanjeev',2,'2015-06-04 08:30:09',2,1),(1283,'Activity ppabc updated by sanjeev',2,'2015-06-04 08:30:09',2,1),(1284,'Activity pp123 updated by sanjeev',2,'2015-06-04 08:30:10',2,1),(1285,'Activity santoshpp1 updated by sanjeev',2,'2015-06-04 08:30:11',2,1),(1286,'Activity activity123 updated by sanjeev',2,'2015-06-04 08:30:11',2,1),(1287,'Activity activity2 updated by sanjeev',2,'2015-06-04 08:30:13',2,1),(1288,'Activity activity9 updated by sanjeev',2,'2015-06-04 08:30:13',2,1),(1289,'Activity activity updated by sanjeev',2,'2015-06-04 08:30:14',2,1),(1290,'Task task123 updated by sanjeev',5,'2015-06-06 11:57:44',NULL,1),(1291,'Task task1jjj updated by sanjeev',5,'2015-06-06 11:57:44',NULL,1),(1292,'New Activity activityabc added by sanjeev',2,'2015-06-06 12:23:19',2,1),(1293,'New task taskabc added by sanjeev',4,'2015-06-06 12:23:43',NULL,1),(1294,'Activity activityabc updated by sanjeev',2,'2015-06-06 12:27:05',2,1),(1295,'New file index.jpeg uploaded for task taskabc',10,'2015-06-06 12:57:15',NULL,1),(1296,'New file a1.jpeg uploaded for task taskabc',10,'2015-06-06 12:59:09',NULL,1),(1297,'Task task1jjj updated by sanjeev',5,'2015-06-06 15:17:52',NULL,1),(1298,'Task task123 updated by sanjeev',5,'2015-06-06 15:17:53',NULL,1),(1299,'Task task123 updated by sanjeev',5,'2015-06-06 15:27:12',NULL,1),(1300,'Task task1jjj updated by sanjeev',5,'2015-06-06 15:27:13',NULL,1),(1301,'Activity Simon and Barron WEA Residential updated by sanjeev',2,'2015-06-06 17:47:40',0,1),(1302,'New Activity Project1 added by sanjeev',2,'2015-06-06 18:23:59',1,1),(1305,'Activity Project1 updated by sanjeev',2,'2015-06-06 18:26:56',1,1),(1306,'Activity Project1 updated by sanjeev',2,'2015-06-06 18:26:59',1,1),(1307,'New Activity Activity1 added by sanjeev',2,'2015-06-06 18:30:24',2,1),(1308,'New task Activity1 Task1 added by sanjeev',4,'2015-06-06 18:31:49',NULL,1),(1309,'Activity Activity1 updated by sanjeev',2,'2015-06-06 18:46:36',2,1),(1310,'New planned cost added for task Activity1 Task1',6,'2015-06-06 18:51:12',NULL,1),(1311,'New planned cost added for task Activity1 Task1',6,'2015-06-06 18:51:12',NULL,1),(1312,'Task Activity1 Task updated by sanjeev',5,'2015-06-06 18:52:45',NULL,1),(1313,'New Activity project2 added by sanjeev',2,'2015-06-09 22:35:34',1,1),(1314,'Activity project2 updated by sanjeev',2,'2015-06-09 22:39:54',1,1),(1315,'New Activity activity2 added by sanjeev',2,'2015-06-09 22:56:42',2,1),(1316,'Activity Activity1 updated by sanjeev',2,'2015-06-09 23:14:33',2,1),(1317,'Activity Project1 updated by sanjeev',2,'2015-06-09 23:16:04',1,1),(1318,'Activity Project1A updated by sanjeev',2,'2015-06-09 23:30:05',1,1),(1319,'Activity Project1A updated by sanjeev',2,'2015-06-09 23:31:05',1,1),(1325,'Activity Simon and Barron WEA Residential updated by sanjeev',2,'2015-06-09 23:32:06',0,1),(1326,'Activity Project1A updated by sanjeev',2,'2015-06-09 23:32:06',1,1),(1327,'Activity Activity1 updated by sanjeev',2,'2015-06-09 23:32:06',2,1),(1328,'Activity project2 updated by sanjeev',2,'2015-06-09 23:32:06',1,1),(1329,'Activity activity2 updated by sanjeev',2,'2015-06-09 23:32:06',2,1),(1330,'Activity Project1A updated by sanjeev',2,'2015-06-09 23:34:48',1,1),(1331,'Activity Simon and Barron WEA Residential updated by sanjeev',2,'2015-06-09 23:35:44',0,1),(1332,'Activity Project1A updated by sanjeev',2,'2015-06-09 23:35:44',1,1),(1333,'Activity Activity1 updated by sanjeev',2,'2015-06-09 23:35:44',2,1),(1334,'Activity project2 updated by sanjeev',2,'2015-06-09 23:35:44',1,1),(1335,'Activity activity2 updated by sanjeev',2,'2015-06-09 23:35:44',2,1),(1336,'Activity Project1A updated by sanjeev',2,'2015-06-09 23:35:57',1,1),(1337,'Activity Simon and Barron WEA Residential updated by sanjeev',2,'2015-06-09 23:36:32',0,1),(1338,'Activity Project1A updated by sanjeev',2,'2015-06-09 23:36:32',1,1),(1339,'Activity Activity1 updated by sanjeev',2,'2015-06-09 23:36:32',2,1),(1340,'Activity project2 updated by sanjeev',2,'2015-06-09 23:36:32',1,1),(1341,'Activity activity2 updated by sanjeev',2,'2015-06-09 23:36:32',2,1),(1342,'Activity Project1A updated by sanjeev',2,'2015-06-09 23:36:55',1,1),(1343,'Activity Activity1 updated by sanjeev',2,'2015-06-09 23:38:19',2,1),(1344,'Activity Simon and Barron WEA Residential updated by sanjeev',2,'2015-06-09 23:38:38',0,1),(1345,'Activity Project1A updated by sanjeev',2,'2015-06-09 23:38:38',1,1),(1346,'Activity Activity1 updated by sanjeev',2,'2015-06-09 23:38:38',2,1),(1347,'Activity project2 updated by sanjeev',2,'2015-06-09 23:38:38',1,1),(1348,'Activity activity2 updated by sanjeev',2,'2015-06-09 23:38:38',2,1),(1349,'Activity Activity1 updated by sanjeev',2,'2015-06-09 23:39:44',2,1),(1350,'New Activity activity3 added by sanjeev',2,'2015-06-10 07:06:38',2,1),(1351,'New Activity company11\'s Project added by admin',2,'2015-06-10 17:46:34',0,4),(1352,'New Activity company11\'s Project added by admin',2,'2015-06-10 18:06:46',0,4),(1353,'New Activity project2a added by admin',2,'2015-06-10 18:08:39',8,4),(1355,'Activity project2a updated by sanjeev',2,'2015-06-10 18:25:46',8,1),(1356,'Activity Project1 updated by sanjeev',2,'2015-06-10 19:21:26',1,1),(1357,'New Activity Company1A\'s Project added by ashish',2,'2015-06-10 19:40:41',0,5),(1358,'Task Activity1 Task updated by sanjeev',5,'2015-06-11 07:12:17',NULL,1),(1359,'New task activity1 task2 added by sanjeev',4,'2015-06-11 07:13:39',NULL,1),(1360,'Comment test comment added on task activity1 task2',1,'2015-06-11 07:23:51',NULL,1),(1361,'Activity Project1 updated by sanjeev',2,'2015-06-17 22:04:29',1,1),(1362,'Activity Project1 updated by sanjeev',2,'2015-06-17 22:08:39',1,1),(1363,'Activity Project1 updated by sanjeev',2,'2015-06-17 22:09:43',1,1),(1364,'New Activity project name added by sanjeev',2,'2015-06-18 06:46:22',0,1),(1365,'New Activity project name added by sanjeev',2,'2015-06-18 07:09:55',2,1),(1366,'New Activity project name added by sanjeev',2,'2015-06-18 07:29:02',2,1),(1367,'New Activity activity name added by sanjeev',2,'2015-06-18 07:38:41',2,1),(1368,'Activity activity name2 updated by sanjeev',2,'2015-06-18 07:44:40',0,1),(1369,'New Activity project name added by sanjeev',2,'2015-06-18 07:46:05',2,1),(1370,'New Activity project name added by sanjeev',2,'2015-06-18 07:46:45',2,1),(1371,'New Activity santosh project1 added by sanjeev',2,'2015-06-18 08:18:08',1,1),(1372,'Activity Project1 updated by sanjeev',2,'2015-06-18 08:44:44',1,1),(1373,'Activity Project1 updated by sanjeev',2,'2015-06-18 08:51:52',1,1),(1374,'New Activity santosh activity added by sanjeev',2,'2015-06-18 09:09:39',2,1),(1375,'New Activity santosh activity2 added by sanjeev',2,'2015-06-18 22:16:31',2,1),(1376,'Activity santosh activity21 updated by sanjeev',2,'2015-06-18 22:22:55',2,1),(1377,'Activity santosh project1 updated by sanjeev',2,'2015-06-18 23:59:43',1,1),(1378,'Activity santosh project11 updated by sanjeev',2,'2015-06-19 00:00:01',1,1),(1379,'Activity santosh activity21 updated by sanjeev',2,'2015-06-19 00:02:22',2,1),(1380,'New Activity santosh proj1 added by sanjeev',2,'2015-06-19 00:19:49',1,1),(1381,'New Activity project santosh added by sanjeev',2,'2015-06-19 00:36:57',1,1),(1382,'Activity project santosh updated by sanjeev',2,'2015-06-19 07:53:17',1,1),(1383,'New Activity santosh activity222 added by sanjeev',2,'2015-06-19 07:54:38',2,1),(1384,'Activity santosh activity22134 updated by sanjeev',2,'2015-06-19 07:55:06',2,1),(1385,'Activity santosh activity22134 updated by sanjeev',2,'2015-06-19 07:55:20',2,1),(1386,'Activity santosh activity21 updated by sanjeev',2,'2015-06-19 07:55:30',2,1),(1387,'Task Activity1 Task updated by sanjeev',5,'2015-06-19 20:33:43',NULL,1),(1388,'Activity Activity1ae updated by sanjeev',2,'2015-06-19 20:34:08',2,1),(1389,'Activity project santosh updated by sanjeev',2,'2015-06-19 21:17:11',1,1),(1390,'Activity Activity1ae updated by sanjeev',2,'2015-06-19 22:01:39',2,1),(1391,'New Activity Santosh company\'s Project added by santosh234',2,'2015-06-20 22:44:02',0,10),(1392,'New Activity scompany\'s Project added by santosh345',2,'2015-06-21 10:03:56',0,11),(1393,'New Activity ccompany\'s Project added by santosh789',2,'2015-06-21 10:09:09',0,12),(1394,'New Activity sacompany\'s Project added by santosh1234',2,'2015-06-21 17:34:58',0,13),(1396,'New Activity kcompany\'s Project added by santoshabc',2,'2015-06-21 20:40:20',0,15),(1397,'New Activity sanjeev company\'s Project added by sanjeevghimire',2,'2015-06-23 01:24:28',0,28),(1398,'New Activity sa company\'s Project added by santosh212',2,'2015-06-23 09:00:47',0,29),(1399,'New Activity spcompany\'s Project added by santosh213',2,'2015-06-23 20:07:31',0,30),(1400,'New Activity santosh1 added by sanjeev',2,'2015-06-23 21:51:16',1,1),(1401,'Activity santosh1 updated by sanjeev',2,'2015-06-23 21:51:31',1,1);

/*Table structure for table `address` */

DROP TABLE IF EXISTS `address`;

CREATE TABLE `address` (
  `address_id` int(11) NOT NULL AUTO_INCREMENT,
  `address1` varchar(150) NOT NULL,
  `address2` varchar(20) DEFAULT NULL,
  `city` varchar(45) DEFAULT NULL,
  `state` varchar(151) DEFAULT NULL,
  `zip` varchar(10) DEFAULT NULL,
  `country` varchar(20) NOT NULL,
  `address_type` varchar(45) DEFAULT NULL,
  PRIMARY KEY (`address_id`)
) ENGINE=InnoDB AUTO_INCREMENT=28 DEFAULT CHARSET=utf32;

/*Data for the table `address` */

insert  into `address`(`address_id`,`address1`,`address2`,`city`,`state`,`zip`,`country`,`address_type`) values (1,'4750 59TH ST','#9C','WOODSIDE','NY','11377','USA','HOME'),(2,'4750 59TH ST','#9C','New York','Sagarmatha','11377','NP','PROJECT'),(3,'4750 59TH ST','#9C','NY','NY','11377','NY','PROJECT'),(4,'4750 59TH ST','#9C','NY','NY','11377','NY','PROJECT'),(5,'4750 59TH ST','#9C','NY','NY','11377','NY','PROJECT'),(6,'4750 59TH ST','#9C','NY','NY','11377','NY','PROJECT'),(8,'NY','NY','NY','NY','11377','NY','PROJECT'),(9,'NY','NY','NY','NY','11377','NY','PROJECT'),(10,'NY','NY','NY','NY','11377','NY','PROJECT'),(13,'address1','address2','city','state','zip','country','PROJECT'),(14,'address1','address2','city','state','zip','country','PROJECT'),(15,'4750 59TH ST','#9C','NY','Narayani','1001','NP','PROJECT'),(16,'4750 59TH ST','#9C','NY','Gandaki','1001','NP','PROJECT'),(17,'4750 59TH ST','#9C','NY','Lumbini','1001','NP','PROJECT'),(18,'Nepal',NULL,'Kathmandu','Gandaki','977','NP','PROJECT'),(19,'Nepal',NULL,'NY','Dundee City','988','GB','PROJECT'),(20,'NY',NULL,'NY','Narayani','977','NP','PROJECT'),(23,'NY',NULL,'NY','Dhawalagiri','1001','NP','PROJECT'),(24,'NY',NULL,'NY','Alabama','1001','US','PROJECT'),(25,'NY',NULL,'NY','Gandaki','1001','NP','PROJECT'),(26,'NY',NULL,'NY','Gandaki','1001','NP','PROJECT'),(27,'4750 59TH ST','#9C','NY','Narayani','977','NP','PROJECT');

/*Table structure for table `application_menu` */

DROP TABLE IF EXISTS `application_menu`;

CREATE TABLE `application_menu` (
  `application_menu_id` int(11) NOT NULL AUTO_INCREMENT,
  `active` char(1) DEFAULT NULL,
  `menu_key` varchar(45) DEFAULT NULL,
  `menu_name` varchar(45) DEFAULT NULL,
  PRIMARY KEY (`application_menu_id`)
) ENGINE=InnoDB AUTO_INCREMENT=4 DEFAULT CHARSET=latin1;

/*Data for the table `application_menu` */

insert  into `application_menu`(`application_menu_id`,`active`,`menu_key`,`menu_name`) values (1,'Y','DASHBOARD','Dashboard'),(2,'Y','ONTIME','onTime'),(3,'Y','ONFILE','onFILE');

/*Table structure for table `application_permission` */

DROP TABLE IF EXISTS `application_permission`;

CREATE TABLE `application_permission` (
  `application_permission_id` int(11) NOT NULL AUTO_INCREMENT,
  `active` char(1) DEFAULT NULL,
  `permission_key` varchar(45) DEFAULT NULL,
  `permission_name` varchar(45) DEFAULT NULL,
  PRIMARY KEY (`application_permission_id`)
) ENGINE=InnoDB AUTO_INCREMENT=6 DEFAULT CHARSET=latin1;

/*Data for the table `application_permission` */

insert  into `application_permission`(`application_permission_id`,`active`,`permission_key`,`permission_name`) values (1,'Y','ADD_ACTIVITY','Add Activity'),(2,'Y','ADD_TASK','Add Task'),(3,'Y','ADD_COMMENT','Add Comment'),(4,'Y','ADD_BUDGET','Add Budget'),(5,'Y','TASK_UPLOAD','Task Upload');

/*Table structure for table `bulk_activity_attribute` */

DROP TABLE IF EXISTS `bulk_activity_attribute`;

CREATE TABLE `bulk_activity_attribute` (
  `id` bigint(20) NOT NULL AUTO_INCREMENT,
  `attribute_key` varchar(20) NOT NULL,
  `attribute_value` varchar(20) NOT NULL,
  `valid` varchar(2) NOT NULL,
  `bulk_activity_log_id` bigint(20) NOT NULL,
  `row_index` varchar(255) NOT NULL,
  PRIMARY KEY (`id`),
  KEY `FK_k8q918aomg0vruqg8nsy6yrkx` (`bulk_activity_log_id`),
  CONSTRAINT `FK_k8q918aomg0vruqg8nsy6yrkx` FOREIGN KEY (`bulk_activity_log_id`) REFERENCES `bulk_activity_log` (`id`)
) ENGINE=InnoDB AUTO_INCREMENT=114 DEFAULT CHARSET=latin1;

/*Data for the table `bulk_activity_attribute` */

insert  into `bulk_activity_attribute`(`id`,`attribute_key`,`attribute_value`,`valid`,`bulk_activity_log_id`,`row_index`) values (1,'activityCode','ACT-001','Y',1,'1'),(2,'activityName','activity1','Y',1,'1'),(3,'activityStartDate','17/04/2015','Y',1,'1'),(4,'activityEndDate','17/06/2015','Y',1,'1'),(5,'taskCode','TASK-001','Y',1,'1'),(6,'taskName','task1','Y',1,'1'),(7,'taskStartDate','17/04/2015','Y',1,'1'),(8,'taskEndDate','17/06/2015','Y',1,'1'),(9,'percentageComplete','20','Y',1,'1'),(10,'actualCost','500','Y',1,'1'),(11,'estimatedCost','200','Y',1,'1'),(12,'activityCode','ACT-002','Y',1,'2'),(13,'activityName','activity2','Y',1,'2'),(14,'activityStartDate','17/04/2015','Y',1,'2'),(15,'activityEndDate','17/06/2015','Y',1,'2'),(16,'taskCode','TASK-002','Y',1,'2'),(17,'taskName','task2','Y',1,'2'),(18,'taskStartDate','17/04/2015','Y',1,'2'),(19,'taskEndDate','17/06/2015','Y',1,'2'),(20,'percentageComplete','20','Y',1,'2'),(21,'actualCost','500','Y',1,'2'),(22,'estimatedCost','200','Y',1,'2'),(23,'activityCode','ACT-003','Y',1,'3'),(24,'activityName','activity3','Y',1,'3'),(25,'activityStartDate','17/04/2015','Y',1,'3'),(26,'activityEndDate','17/06/2015','Y',1,'3'),(27,'taskCode','TASK-003','Y',1,'3'),(28,'taskName','task3','Y',1,'3'),(29,'taskStartDate','17/04/2015','Y',1,'3'),(30,'taskEndDate','17/06/2015','Y',1,'3'),(31,'percentageComplete','20','Y',1,'3'),(32,'actualCost','500','Y',1,'3'),(33,'estimatedCost','200','Y',1,'3'),(48,'activityCode','ACT-001','N',4,'1'),(49,'activityName','activity1','N',4,'1'),(50,'activityStartDate','17/04/2014','N',4,'1'),(51,'activityEndDate','17/06/2014','N',4,'1'),(52,'taskCode','TASK-001','N',4,'1'),(53,'taskName','task1','N',4,'1'),(54,'taskStartDate','17/04/2015','N',4,'1'),(55,'taskEndDate','17/06/2015','N',4,'1'),(56,'percentageComplete','20','N',4,'1'),(57,'actualCost','500','N',4,'1'),(58,'estimatedCost','200','N',4,'1'),(59,'activityCode','ACT-001','Y',5,'1'),(60,'activityName','activity1','Y',5,'1'),(61,'activityStartDate','17/04/2015','Y',5,'1'),(62,'activityEndDate','17/06/2015','Y',5,'1'),(63,'taskCode','TASK-001','Y',5,'1'),(64,'taskName','task1','Y',5,'1'),(65,'taskStartDate','17/04/2015','Y',5,'1'),(66,'taskEndDate','17/06/2015','Y',5,'1'),(67,'percentageComplete','20','Y',5,'1'),(68,'actualCost','500','Y',5,'1'),(69,'estimatedCost','200','Y',5,'1'),(70,'activityCode','ACT-002','Y',5,'2'),(71,'activityName','activity2','Y',5,'2'),(72,'activityStartDate','17/04/2015','Y',5,'2'),(73,'activityEndDate','17/06/2015','Y',5,'2'),(74,'taskCode','TASK-002','Y',5,'2'),(75,'taskName','task2','Y',5,'2'),(76,'taskStartDate','17/04/2015','Y',5,'2'),(77,'taskEndDate','17/06/2015','Y',5,'2'),(78,'percentageComplete','20','Y',5,'2'),(79,'actualCost','500','Y',5,'2'),(80,'estimatedCost','200','Y',5,'2'),(81,'activityCode','ACT-003','Y',5,'3'),(82,'activityName','activity3','Y',5,'3'),(83,'activityStartDate','17/04/2015','Y',5,'3'),(84,'activityEndDate','17/06/2015','Y',5,'3'),(85,'taskCode','TASK-003','Y',5,'3'),(86,'taskName','task3','Y',5,'3'),(87,'taskStartDate','17/04/2015','Y',5,'3'),(88,'taskEndDate','17/06/2015','Y',5,'3'),(89,'percentageComplete','20','Y',5,'3'),(90,'actualCost','500','Y',5,'3'),(91,'estimatedCost','200','Y',5,'3'),(92,'activityCode','ACT-001','Y',6,'1'),(93,'activityName','activity1','Y',6,'1'),(94,'activityStartDate','17/04/2015','Y',6,'1'),(95,'activityEndDate','17/06/2015','Y',6,'1'),(96,'taskCode','TASK-001','Y',6,'1'),(97,'taskName','task1','Y',6,'1'),(98,'taskStartDate','17/04/2015','Y',6,'1'),(99,'taskEndDate','17/06/2015','Y',6,'1'),(100,'percentageComplete','20','Y',6,'1'),(101,'actualCost','500','Y',6,'1'),(102,'estimatedCost','200','Y',6,'1'),(103,'activityCode','ACT-001','Y',7,'1'),(104,'activityName','activity1','Y',7,'1'),(105,'activityStartDate','17/04/2015','Y',7,'1'),(106,'activityEndDate','17/06/2015','Y',7,'1'),(107,'taskCode','TASK-001','Y',7,'1'),(108,'taskName','task1','Y',7,'1'),(109,'taskStartDate','17/04/2015','Y',7,'1'),(110,'taskEndDate','17/06/2015','Y',7,'1'),(111,'percentageComplete','20','Y',7,'1'),(112,'actualCost','500','Y',7,'1'),(113,'estimatedCost','200','Y',7,'1');

/*Table structure for table `bulk_activity_log` */

DROP TABLE IF EXISTS `bulk_activity_log`;

CREATE TABLE `bulk_activity_log` (
  `id` bigint(20) NOT NULL AUTO_INCREMENT,
  `file_name` varchar(100) NOT NULL,
  `uploaded_date` datetime DEFAULT NULL,
  `uploaded_by` int(11) NOT NULL,
  PRIMARY KEY (`id`),
  KEY `FK_bfmddopkaobsub4cvy7ggq589` (`uploaded_by`),
  CONSTRAINT `FK_bfmddopkaobsub4cvy7ggq589` FOREIGN KEY (`uploaded_by`) REFERENCES `user` (`user_id`)
) ENGINE=InnoDB AUTO_INCREMENT=8 DEFAULT CHARSET=latin1;

/*Data for the table `bulk_activity_log` */

insert  into `bulk_activity_log`(`id`,`file_name`,`uploaded_date`,`uploaded_by`) values (1,'Onfile.xls','2015-04-18 18:12:53',1),(4,'Onfile.xls','2015-04-18 18:20:56',1),(5,'Onfile.xls','2015-04-18 18:23:13',1),(6,'Onfile.xls','2015-05-01 15:18:15',1),(7,'Onfile.xls','2015-05-01 15:18:44',1);

/*Table structure for table `company_info` */

DROP TABLE IF EXISTS `company_info`;

CREATE TABLE `company_info` (
  `company_id` int(11) NOT NULL AUTO_INCREMENT,
  `company_name` varchar(45) DEFAULT NULL,
  `company_type_id` int(11) NOT NULL,
  `address1` varchar(45) DEFAULT NULL,
  `address2` varchar(45) DEFAULT NULL,
  `city` varchar(45) DEFAULT NULL,
  `state` varchar(45) DEFAULT NULL,
  `zipcode` varchar(45) DEFAULT NULL,
  `country` varchar(45) DEFAULT NULL,
  `status` varchar(45) DEFAULT NULL,
  `website` varchar(30) DEFAULT NULL,
  PRIMARY KEY (`company_id`),
  KEY `comany_type_fk` (`company_type_id`),
  CONSTRAINT `comany_type_fk` FOREIGN KEY (`company_type_id`) REFERENCES `company_type` (`company_type_id`) ON DELETE NO ACTION ON UPDATE NO ACTION
) ENGINE=InnoDB AUTO_INCREMENT=39 DEFAULT CHARSET=utf8;

/*Data for the table `company_info` */

insert  into `company_info`(`company_id`,`company_name`,`company_type_id`,`address1`,`address2`,`city`,`state`,`zipcode`,`country`,`status`,`website`) values (1,'SIMON AND BARRON WEA RESIDENTIAL',1,'363 23rd st','Suite 2098','New York','NY','10001','USA','ACTIVE','http://www.ttg.com'),(2,'Ontarget Inc.',1,'New York','addr2','New York','NY','11377','NY','ACTIVE',NULL),(6,'company11',1,'NY','NY','NY','NY','98888','NY','ACTIVE',NULL),(7,'Company1A',2,'NY','NY','NY','NY','11377','NY','ACTIVE',NULL),(8,'Collaborate Company',3,'NY',NULL,'NY','NY','977','NY','ACTIVE',NULL),(9,'Santosh company',1,'Nepal',NULL,'Kathmandu','Gandaki','977','NP','ACTIVE',NULL),(10,'scompany',1,'Nepal',NULL,'NY','Dundee City','988','GB','ACTIVE',NULL),(11,'ccompany',3,'NY',NULL,'NY','Narayani','977','NP','ACTIVE',NULL),(12,'sacompany',1,'NY',NULL,'NY','Gandaki','977','NP','ACTIVE',NULL),(13,'kkcompany',1,'NY',NULL,'NY','Gandaki','1001','NP','ACTIVE',NULL),(14,'kkcompany',1,'NY',NULL,'NY','Gandaki','1001','NP','ACTIVE',NULL),(15,'kkcompany',1,'NY',NULL,'NY','Gandaki','1001','NP','ACTIVE',NULL),(16,'kkcompany',1,'NY',NULL,'NY','Gandaki','1001','NP','ACTIVE',NULL),(17,'kkcompany',1,'NY',NULL,'NY','Gandaki','1001','NP','ACTIVE',NULL),(18,'kkcompany',1,'NY',NULL,'NY','Gandaki','1001','NP','ACTIVE',NULL),(19,'kkcompany',1,'NY',NULL,'NY','Gandaki','1001','NP','ACTIVE',NULL),(20,'kkcompany',1,'NY',NULL,'NY','Gandaki','1001','NP','ACTIVE',NULL),(21,'kkcompany',1,'NY',NULL,'NY','Gandaki','1001','NP','ACTIVE',NULL),(22,'kkcompany',1,'NY',NULL,'NY','Gandaki','1001','NP','ACTIVE',NULL),(23,'kkcompany',1,'NY',NULL,'NY','Gandaki','1001','NP','ACTIVE',NULL),(24,'kkcompany',1,'NY',NULL,'NY','Gandaki','1001','NP','ACTIVE',NULL),(25,'kkcompany',1,'NY',NULL,'NY','Gandaki','1001','NP','ACTIVE',NULL),(26,'kcompany',1,'NY',NULL,'NY','Dhawalagiri','1001','NP','ACTIVE',NULL),(27,'kcompany',1,'NY',NULL,'NY','Dhawalagiri','1001','NP','ACTIVE',NULL),(28,'kcompany',1,'NY',NULL,'NY','Dhawalagiri','1001','NP','ACTIVE',NULL),(29,'kcompany',1,'NY',NULL,'NY','Dhawalagiri','1001','NP','ACTIVE',NULL),(30,'kcompany',1,'NY',NULL,'NY','Dhawalagiri','1001','NP','ACTIVE',NULL),(31,'kcompany',1,'NY',NULL,'NY','Dhawalagiri','1001','NP','ACTIVE',NULL),(32,'kcompany',1,'NY',NULL,'NY','Dhawalagiri','1001','NP','ACTIVE',NULL),(33,'kcompany',1,'NY',NULL,'NY','Dhawalagiri','1001','NP','ACTIVE',NULL),(34,'kcompany',1,'NY',NULL,'NY','Dhawalagiri','1001','NP','ACTIVE',NULL),(35,'kcompany',1,'NY',NULL,'NY','Dhawalagiri','1001','NP','ACTIVE',NULL),(36,'sanjeev company',1,'NY',NULL,'NY','Alabama','1001','US','ACTIVE',NULL),(37,'sa company',2,'NY',NULL,'NY','Gandaki','1001','NP','ACTIVE',NULL),(38,'spcompany',2,'NY',NULL,'NY','Gandaki','1001','NP','ACTIVE',NULL);

/*Table structure for table `company_type` */

DROP TABLE IF EXISTS `company_type`;

CREATE TABLE `company_type` (
  `company_type_id` int(11) NOT NULL AUTO_INCREMENT,
  `company_type_name` varchar(255) NOT NULL,
  `created_date` datetime DEFAULT NULL,
  `created_by` varchar(20) DEFAULT NULL,
  `modified_date` datetime DEFAULT NULL,
  `modified_by` varchar(20) DEFAULT NULL,
  `deleted_date` datetime DEFAULT NULL,
  `deleted_by` varchar(20) DEFAULT NULL,
  `status` varchar(10) NOT NULL,
  `delete_flag` smallint(6) DEFAULT NULL,
  PRIMARY KEY (`company_type_id`)
) ENGINE=InnoDB AUTO_INCREMENT=7 DEFAULT CHARSET=utf8;

/*Data for the table `company_type` */

insert  into `company_type`(`company_type_id`,`company_type_name`,`created_date`,`created_by`,`modified_date`,`modified_by`,`deleted_date`,`deleted_by`,`status`,`delete_flag`) values (1,'GENERAL CONTRACTOR',NULL,'SYSTEM','0000-00-00 00:00:00','SYSTEM','0000-00-00 00:00:00',NULL,'ACTIVE',NULL),(2,'CONSTRUCTION MANAGER',NULL,'SYSTEM',NULL,'SYSTEM',NULL,NULL,'ACTIVE',NULL),(3,'SUB CONTRACTOR',NULL,'SYSTEM',NULL,'SYSTEM',NULL,NULL,'ACTIVE',NULL),(4,'OWNER',NULL,'SYSTEM',NULL,'SYSTEM',NULL,NULL,'ACTIVE',NULL),(5,'SPECIALITY CONTRACTOR',NULL,'SYSTEM',NULL,'SYSTEM',NULL,NULL,'ACTIVE',NULL),(6,'ARCHITECT/ENGINEERS',NULL,'SYSTEM',NULL,'SYSTE',NULL,NULL,'ACTIVE',NULL);

/*Table structure for table `contact` */

DROP TABLE IF EXISTS `contact`;

CREATE TABLE `contact` (
  `contact_id` int(11) NOT NULL AUTO_INCREMENT,
  `user_id` int(11) NOT NULL,
  `contact_company_id` int(11) DEFAULT NULL,
  `title` varchar(20) DEFAULT NULL,
  `first_name` varchar(45) DEFAULT NULL,
  `last_name` varchar(45) DEFAULT NULL,
  `address_id` int(11) DEFAULT NULL,
  `date_of_birth` date DEFAULT NULL,
  `contact_method` varchar(45) DEFAULT NULL,
  `created_date` datetime DEFAULT NULL,
  `created_by` int(11) DEFAULT NULL,
  `modified_date` datetime DEFAULT NULL,
  `modified_by` int(11) DEFAULT NULL,
  `contact_status` varchar(20) DEFAULT '0',
  `contact_image` varchar(255) DEFAULT NULL,
  PRIMARY KEY (`contact_id`),
  KEY `contact_user_fk` (`user_id`),
  KEY `company_fk` (`contact_company_id`),
  KEY `FK_7usm4c5y9pj5v32d96w2520p0` (`created_by`),
  KEY `FK_5ub2tgt1ih6u94attrvtx8xqa` (`modified_by`),
  CONSTRAINT `company_fk` FOREIGN KEY (`contact_company_id`) REFERENCES `company_info` (`company_id`) ON DELETE NO ACTION ON UPDATE NO ACTION,
  CONSTRAINT `contact_user_fk` FOREIGN KEY (`user_id`) REFERENCES `user` (`user_id`) ON DELETE NO ACTION ON UPDATE NO ACTION,
  CONSTRAINT `FK_5ub2tgt1ih6u94attrvtx8xqa` FOREIGN KEY (`modified_by`) REFERENCES `user` (`user_id`),
  CONSTRAINT `FK_7usm4c5y9pj5v32d96w2520p0` FOREIGN KEY (`created_by`) REFERENCES `user` (`user_id`)
) ENGINE=InnoDB AUTO_INCREMENT=53 DEFAULT CHARSET=utf32;

/*Data for the table `contact` */

insert  into `contact`(`contact_id`,`user_id`,`contact_company_id`,`title`,`first_name`,`last_name`,`address_id`,`date_of_birth`,`contact_method`,`created_date`,`created_by`,`modified_date`,`modified_by`,`contact_status`,`contact_image`) values (1,1,1,'Mr','Santosh1','Pun',1,'2015-05-03',NULL,'2015-05-03 17:32:14',1,NULL,NULL,'ACTIVE','assets/profile/a1.jpeg'),(2,2,2,'Mr','Santosh','Pun',NULL,NULL,NULL,'2015-06-06 17:52:19',2,NULL,NULL,'ACTIVE','assets/profile/images.jpeg'),(3,3,1,'Mr','Santosh','Pun',NULL,NULL,NULL,'2015-06-10 16:46:33',3,NULL,NULL,'ACTIVE','assets/profile/a2.jpeg'),(7,4,6,'Mr','Sahid','Kapoor',NULL,NULL,NULL,'2015-06-10 18:06:46',4,NULL,NULL,'ACTIVE','assets/profile/1711016_f260.jpg'),(8,5,7,'Mr','Ashish','Khanal',NULL,NULL,NULL,'2015-06-10 19:40:40',5,NULL,NULL,'ACTIVE',''),(9,6,8,'Mr','Niran','Shrestha',NULL,NULL,NULL,'2015-06-10 19:51:21',6,NULL,NULL,'ACTIVE','assets/profile/const3.jpeg'),(10,7,8,'Mr','Amar','Gurung',NULL,NULL,NULL,'2015-06-10 20:01:24',7,NULL,NULL,'ACTIVE','assets/profile/a1.jpeg'),(11,8,1,'Mr','Sanjay','Ck',NULL,NULL,NULL,'2015-06-10 21:08:35',8,NULL,NULL,'ACTIVE','assets/profile/const4.jpeg'),(12,10,9,'Mr','santosh','pun',NULL,NULL,NULL,'2015-06-20 22:44:01',10,NULL,NULL,'ACTIVE','assets/profile/1711016_f260.jpg'),(13,11,10,'Mr','santosh','pun',NULL,NULL,NULL,'2015-06-21 10:03:56',11,NULL,NULL,'ACTIVE','assets/profile/images.jpeg'),(14,12,11,'Mr','santosh','pun',NULL,NULL,NULL,'2015-06-21 10:09:09',12,NULL,NULL,'ACTIVE','assets/profile/const2.jpg'),(15,13,12,'Mr','santosh','pun',NULL,NULL,NULL,'2015-06-21 17:34:57',13,NULL,NULL,'ACTIVE','assets/profile/a1.jpeg'),(36,15,35,'Mr','Sanjeev','Ghimire',NULL,NULL,NULL,'2015-06-21 21:08:43',15,NULL,NULL,'ACTIVE','assets/profile/a1.jpeg'),(48,27,1,'Mr','Santosh','Pun',NULL,NULL,NULL,'2015-06-23 01:15:16',27,NULL,NULL,'ACTIVE','santosh.jpg'),(49,28,36,'Mr','Sanjeev','Ghimire',NULL,NULL,NULL,'2015-06-23 01:24:28',28,NULL,NULL,'ACTIVE','santosh.jpg'),(50,29,37,'Mr','santosh','pun',NULL,NULL,NULL,'2015-06-23 09:00:46',29,NULL,NULL,'ACTIVE','assets/profile/1711016_f260.jpg'),(51,30,38,'Mr','Santosh','Pun',NULL,NULL,NULL,'2015-06-23 20:07:31',30,NULL,NULL,'ACTIVE','assets/profile/a2.jpeg'),(52,31,1,'Mr','santosh1','pun1',NULL,NULL,NULL,'2015-06-23 20:16:38',31,NULL,NULL,'ACTIVE','assets/profile/a1.jpeg');

/*Table structure for table `countries` */

DROP TABLE IF EXISTS `countries`;

CREATE TABLE `countries` (
  `country_id` int(11) NOT NULL AUTO_INCREMENT,
  `country_name` varchar(100) NOT NULL,
  `country_code` varchar(3) NOT NULL,
  PRIMARY KEY (`country_id`)
) ENGINE=InnoDB DEFAULT CHARSET=utf8;

/*Data for the table `countries` */

/*Table structure for table `dependent_task` */

DROP TABLE IF EXISTS `dependent_task`;

CREATE TABLE `dependent_task` (
  `id` bigint(20) NOT NULL AUTO_INCREMENT,
  `task_id` int(12) NOT NULL,
  `dependent_task_id` int(12) NOT NULL,
  `category_id` int(12) DEFAULT NULL,
  `created_by` int(12) NOT NULL,
  `ts_insert` timestamp NOT NULL DEFAULT CURRENT_TIMESTAMP,
  PRIMARY KEY (`id`),
  KEY `FK_3fk9f02mk4fn01ri65rb3tukb` (`task_id`),
  CONSTRAINT `FK_3fk9f02mk4fn01ri65rb3tukb` FOREIGN KEY (`task_id`) REFERENCES `project_task` (`project_task_id`)
) ENGINE=InnoDB AUTO_INCREMENT=10 DEFAULT CHARSET=latin1;

/*Data for the table `dependent_task` */

insert  into `dependent_task`(`id`,`task_id`,`dependent_task_id`,`category_id`,`created_by`,`ts_insert`) values (1,1,1,1,1,'2015-03-18 22:44:44'),(2,1,1,1,1,'2015-04-15 23:59:42'),(3,1,1,1,1,'2015-04-16 00:04:44'),(4,1,1,1,1,'2015-04-16 20:21:36'),(5,1,1,1,1,'2015-04-16 21:12:00'),(6,1,1,1,1,'2015-04-16 21:12:48'),(7,1,1,1,1,'2015-05-01 22:07:29'),(8,1,1,1,1,'2015-05-01 22:17:59'),(9,1,1,1,1,'2015-05-01 22:50:35');

/*Table structure for table `discipline` */

DROP TABLE IF EXISTS `discipline`;

CREATE TABLE `discipline` (
  `id` bigint(20) NOT NULL AUTO_INCREMENT,
  `name` varchar(200) NOT NULL,
  `info` text NOT NULL,
  `ts_insert` timestamp NOT NULL DEFAULT CURRENT_TIMESTAMP,
  PRIMARY KEY (`id`)
) ENGINE=InnoDB AUTO_INCREMENT=10 DEFAULT CHARSET=latin1;

/*Data for the table `discipline` */

insert  into `discipline`(`id`,`name`,`info`,`ts_insert`) values (1,'masonry','Masonry','2015-01-10 01:04:58'),(2,'plumbing','Plumbing','2015-01-10 01:04:58'),(3,'electrical','Electrical','2015-01-10 01:04:58'),(4,'mechanical','Mechanical','2015-01-10 01:04:58'),(5,'Interiors','Interiors','2015-01-10 01:04:58'),(6,'landscaping','Landscaping','2015-01-10 01:04:58'),(7,'bridges','Bridges','2015-01-10 01:04:58'),(8,'tunnels','Tunnels','2015-01-10 01:04:58'),(9,'design','Design','2015-01-10 01:04:58');

/*Table structure for table `document` */

DROP TABLE IF EXISTS `document`;

CREATE TABLE `document` (
  `document_id` int(11) NOT NULL AUTO_INCREMENT,
  `document_template_id` int(11) NOT NULL,
  `name` varchar(45) NOT NULL,
  `status` varchar(45) NOT NULL,
  `created_by` int(11) NOT NULL,
  `created_date` timestamp NOT NULL DEFAULT CURRENT_TIMESTAMP ON UPDATE CURRENT_TIMESTAMP,
  `modified_by` int(11) DEFAULT NULL,
  `modified_date` timestamp NULL DEFAULT NULL,
  `project_id` int(11) NOT NULL,
  `due_date` timestamp NOT NULL DEFAULT '0000-00-00 00:00:00',
  PRIMARY KEY (`document_id`),
  KEY `document_template_id_idx` (`document_template_id`),
  KEY `FK_e2prifqdip2w5ht20jfr7ak55` (`created_by`),
  KEY `FK_omqhjqvabsk4htbdwrt10rsko` (`modified_by`),
  CONSTRAINT `document_template_2_document` FOREIGN KEY (`document_template_id`) REFERENCES `document_template` (`document_template_id`) ON DELETE NO ACTION ON UPDATE NO ACTION,
  CONSTRAINT `FK_e2prifqdip2w5ht20jfr7ak55` FOREIGN KEY (`created_by`) REFERENCES `user` (`user_id`),
  CONSTRAINT `FK_omqhjqvabsk4htbdwrt10rsko` FOREIGN KEY (`modified_by`) REFERENCES `user` (`user_id`)
) ENGINE=InnoDB AUTO_INCREMENT=15 DEFAULT CHARSET=latin1;

/*Data for the table `document` */

insert  into `document`(`document_id`,`document_template_id`,`name`,`status`,`created_by`,`created_date`,`modified_by`,`modified_date`,`project_id`,`due_date`) values (4,21,'CO Document','APPROVED',1,'2015-03-14 12:53:37',1,'2015-04-11 13:26:15',1,'2015-03-13 00:00:00'),(5,20,'test doc','SUBMITTED',1,'2015-03-27 16:49:05',1,'2015-03-27 16:49:05',0,'2015-03-10 00:00:00'),(13,20,'test doc','SUBMITTED',1,'2015-03-27 17:59:38',1,'2015-03-28 19:29:35',0,'2015-03-10 00:00:00'),(14,22,'RFI Document','SUBMITTED',1,'2015-04-11 22:14:43',NULL,NULL,1,'2015-04-10 05:45:00');

/*Table structure for table `document_attachment` */

DROP TABLE IF EXISTS `document_attachment`;

CREATE TABLE `document_attachment` (
  `document_attachment_id` int(11) NOT NULL AUTO_INCREMENT,
  `document_id` int(11) NOT NULL,
  `file_path` varchar(255) NOT NULL,
  `created_by` int(11) NOT NULL,
  `created_date` timestamp NOT NULL DEFAULT CURRENT_TIMESTAMP ON UPDATE CURRENT_TIMESTAMP,
  `modified_by` int(11) DEFAULT NULL,
  `modified_date` timestamp NULL DEFAULT NULL,
  PRIMARY KEY (`document_attachment_id`),
  KEY `document_2_document_attachment_idx` (`document_id`),
  KEY `FK_f8nrugjw63u1okkk1o39b4km8` (`created_by`),
  KEY `FK_41jd0nxrbm3q9mxndbtaqita8` (`modified_by`),
  CONSTRAINT `document_2_document_attachment` FOREIGN KEY (`document_id`) REFERENCES `document` (`document_id`) ON DELETE NO ACTION ON UPDATE NO ACTION,
  CONSTRAINT `FK_41jd0nxrbm3q9mxndbtaqita8` FOREIGN KEY (`modified_by`) REFERENCES `user` (`user_id`),
  CONSTRAINT `FK_f8nrugjw63u1okkk1o39b4km8` FOREIGN KEY (`created_by`) REFERENCES `user` (`user_id`)
) ENGINE=InnoDB AUTO_INCREMENT=2 DEFAULT CHARSET=latin1;

/*Data for the table `document_attachment` */

insert  into `document_attachment`(`document_attachment_id`,`document_id`,`file_path`,`created_by`,`created_date`,`modified_by`,`modified_date`) values (1,13,'/home/ontargetrs/sa.jpg',1,'2015-03-28 19:28:11',1,'2015-03-28 19:28:11');

/*Table structure for table `document_grid_key_value` */

DROP TABLE IF EXISTS `document_grid_key_value`;

CREATE TABLE `document_grid_key_value` (
  `document_id` int(11) NOT NULL,
  `grid_id` varchar(45) NOT NULL,
  `grid_row_index` int(11) NOT NULL,
  `key` varchar(45) NOT NULL,
  `value` text NOT NULL,
  `created_by` int(11) NOT NULL,
  `created_date` timestamp NOT NULL DEFAULT CURRENT_TIMESTAMP ON UPDATE CURRENT_TIMESTAMP,
  `modified_by` int(11) DEFAULT NULL,
  `modified_date` timestamp NULL DEFAULT NULL,
  `document_grid_key_value_id` int(11) NOT NULL AUTO_INCREMENT,
  KEY `document_2_document_grid_key_value_idx` (`document_id`),
  KEY `document_grid_key_value_id` (`document_grid_key_value_id`),
  KEY `FK_pc6a4gqpl3fyheo25ius27b6i` (`created_by`),
  KEY `FK_ecusuf9xos94wja684fn5hwt9` (`modified_by`),
  CONSTRAINT `document_2_document_grid_key_value` FOREIGN KEY (`document_id`) REFERENCES `document` (`document_id`) ON DELETE NO ACTION ON UPDATE NO ACTION,
  CONSTRAINT `FK_ecusuf9xos94wja684fn5hwt9` FOREIGN KEY (`modified_by`) REFERENCES `user` (`user_id`),
  CONSTRAINT `FK_pc6a4gqpl3fyheo25ius27b6i` FOREIGN KEY (`created_by`) REFERENCES `user` (`user_id`)
) ENGINE=InnoDB AUTO_INCREMENT=8 DEFAULT CHARSET=latin1;

/*Data for the table `document_grid_key_value` */

insert  into `document_grid_key_value`(`document_id`,`grid_id`,`grid_row_index`,`key`,`value`,`created_by`,`created_date`,`modified_by`,`modified_date`,`document_grid_key_value_id`) values (13,'C000',1,'gridkey1','gridkeyvalue',1,'2015-03-27 17:59:38',1,'2015-03-27 17:59:38',1),(14,'CO-COSTGRID',0,'workDescription','cc1',1,'2015-04-11 22:14:43',NULL,NULL,2),(14,'CO-COSTGRID',0,'costCode','ccode1',1,'2015-04-11 22:14:43',NULL,NULL,3),(14,'CO-COSTGRID',0,'amount','100',1,'2015-04-11 22:14:43',NULL,NULL,4),(14,'CO-COSTGRID',1,'workDescription','cc2',1,'2015-04-11 22:14:43',NULL,NULL,5),(14,'CO-COSTGRID',1,'costCode','ccode2',1,'2015-04-11 22:14:43',NULL,NULL,6),(14,'CO-COSTGRID',1,'amount','200',1,'2015-04-11 22:14:43',NULL,NULL,7);

/*Table structure for table `document_key_value` */

DROP TABLE IF EXISTS `document_key_value`;

CREATE TABLE `document_key_value` (
  `document_id` int(11) NOT NULL,
  `key` varchar(45) NOT NULL,
  `value` text NOT NULL,
  `created_by` int(11) NOT NULL,
  `created_date` timestamp NOT NULL DEFAULT CURRENT_TIMESTAMP ON UPDATE CURRENT_TIMESTAMP,
  `modified_by` int(11) DEFAULT NULL,
  `modified_date` timestamp NULL DEFAULT NULL,
  `document_key_value_id` int(11) NOT NULL AUTO_INCREMENT,
  PRIMARY KEY (`document_key_value_id`),
  KEY `document_2_document_key_value_idx` (`document_id`),
  KEY `FK_2kxaifitibh9j770eik3cfcm5` (`created_by`),
  KEY `FK_ny0rbixwuuudfgt971gtygepm` (`modified_by`),
  CONSTRAINT `document_2_document_key_value` FOREIGN KEY (`document_id`) REFERENCES `document` (`document_id`) ON DELETE NO ACTION ON UPDATE NO ACTION,
  CONSTRAINT `FK_2kxaifitibh9j770eik3cfcm5` FOREIGN KEY (`created_by`) REFERENCES `user` (`user_id`),
  CONSTRAINT `FK_ny0rbixwuuudfgt971gtygepm` FOREIGN KEY (`modified_by`) REFERENCES `user` (`user_id`)
) ENGINE=InnoDB AUTO_INCREMENT=45 DEFAULT CHARSET=latin1;

/*Data for the table `document_key_value` */

insert  into `document_key_value`(`document_id`,`key`,`value`,`created_by`,`created_date`,`modified_by`,`modified_date`,`document_key_value_id`) values (4,'username','1177202090',1,'2015-03-14 12:53:37',1,'2015-03-14 12:53:37',1),(4,'company_name','1',1,'2015-03-14 12:53:37',1,'2015-03-14 12:53:37',2),(4,'change_order','CP-201',1,'2015-03-14 12:53:37',1,'2015-03-14 12:53:37',3),(4,'location','np',1,'2015-03-14 12:53:37',1,'2015-03-14 12:53:37',4),(4,'subject','np',1,'2015-03-14 12:53:37',1,'2015-03-14 12:53:37',5),(4,'description_of_scope','np',1,'2015-03-14 12:53:37',1,'2015-03-14 12:53:37',6),(4,'contract_no','99',1,'2015-03-14 12:53:37',1,'2015-03-14 12:53:37',7),(4,'contract_title','99',1,'2015-03-14 12:53:37',1,'2015-03-14 12:53:37',8),(4,'date_created','2015-03-13T18:15:00.000Z',1,'2015-03-14 12:53:37',1,'2015-03-14 12:53:37',9),(4,'priority','High',1,'2015-03-14 12:53:37',1,'2015-03-14 12:53:37',10),(4,'discipline','MECHANICAL',1,'2015-03-14 12:53:37',1,'2015-03-14 12:53:37',11),(4,'category','ERRORS',1,'2015-03-14 12:53:37',1,'2015-03-14 12:53:37',12),(4,'schedule_impact','YES',1,'2015-03-14 12:53:37',1,'2015-03-14 12:53:37',13),(4,'cost_impact','YES',1,'2015-03-14 12:53:37',1,'2015-03-14 12:53:37',14),(4,'time_impact','9',1,'2015-03-14 12:53:37',1,'2015-03-14 12:53:37',15),(4,'specification','99',1,'2015-03-14 12:53:37',1,'2015-03-14 12:53:37',16),(4,'drawing_no','99',1,'2015-03-14 12:53:37',1,'2015-03-14 12:53:37',17),(4,'cost_code','99',1,'2015-03-14 12:53:37',1,'2015-03-14 12:53:37',18),(4,'total_change_order_amount','99',1,'2015-03-14 12:53:37',1,'2015-03-14 12:53:37',19),(13,'name','Santosh Pun',1,'2015-03-27 17:59:38',1,'2015-03-27 17:59:38',25),(14,'username','1',1,'2015-04-11 22:14:43',NULL,NULL,26),(14,'company_name','1',1,'2015-04-11 22:14:43',NULL,NULL,27),(14,'change_order','CP-201',1,'2015-04-11 22:14:43',NULL,NULL,28),(14,'location','pkr',1,'2015-04-11 22:14:43',NULL,NULL,29),(14,'subject','subject',1,'2015-04-11 22:14:43',NULL,NULL,30),(14,'description_of_scope','scope1',1,'2015-04-11 22:14:43',NULL,NULL,31),(14,'contract_no','4342',1,'2015-04-11 22:14:43',NULL,NULL,32),(14,'contract_title','title',1,'2015-04-11 22:14:43',NULL,NULL,33),(14,'date_created','2015-04-10T18:15:00.000Z',1,'2015-04-11 22:14:43',NULL,NULL,34),(14,'priority','High',1,'2015-04-11 22:14:43',NULL,NULL,35),(14,'discipline','ELECTRICAL',1,'2015-04-11 22:14:43',NULL,NULL,36),(14,'category','ERRORS',1,'2015-04-11 22:14:43',NULL,NULL,37),(14,'schedule_impact','YES',1,'2015-04-11 22:14:43',NULL,NULL,38),(14,'cost_impact','YES',1,'2015-04-11 22:14:43',NULL,NULL,39),(14,'time_impact','y',1,'2015-04-11 22:14:43',NULL,NULL,40),(14,'specification','spec',1,'2015-04-11 22:14:43',NULL,NULL,41),(14,'drawing_no','3434',1,'2015-04-11 22:14:43',NULL,NULL,42),(14,'cost_code','cc',1,'2015-04-11 22:14:43',NULL,NULL,43),(14,'total_change_order_amount','300',1,'2015-04-11 22:14:43',NULL,NULL,44);

/*Table structure for table `document_submittal` */

DROP TABLE IF EXISTS `document_submittal`;

CREATE TABLE `document_submittal` (
  `document_submittal_id` int(11) NOT NULL AUTO_INCREMENT,
  `document_id` int(11) NOT NULL,
  `assignee_user_id` int(11) DEFAULT NULL,
  `created_by` int(11) DEFAULT NULL,
  `created_date` timestamp NULL DEFAULT NULL,
  `modified_by` int(11) DEFAULT NULL,
  `modified_date` timestamp NULL DEFAULT NULL,
  PRIMARY KEY (`document_submittal_id`),
  KEY `document_2_document_submittal_idx` (`document_id`),
  KEY `user_2_document_submittal_idx` (`assignee_user_id`),
  KEY `FK_8b0qvm7ku3mmdwxpldcdxl2qf` (`created_by`),
  KEY `FK_fh5c4n30gbmulr5fgx79aj0dn` (`modified_by`),
  CONSTRAINT `document_2_document_submittal` FOREIGN KEY (`document_id`) REFERENCES `document` (`document_id`) ON DELETE NO ACTION ON UPDATE NO ACTION,
  CONSTRAINT `FK_8b0qvm7ku3mmdwxpldcdxl2qf` FOREIGN KEY (`created_by`) REFERENCES `user` (`user_id`),
  CONSTRAINT `FK_fh5c4n30gbmulr5fgx79aj0dn` FOREIGN KEY (`modified_by`) REFERENCES `user` (`user_id`),
  CONSTRAINT `user_2_document_submittal` FOREIGN KEY (`assignee_user_id`) REFERENCES `user` (`user_id`) ON DELETE NO ACTION ON UPDATE NO ACTION
) ENGINE=InnoDB AUTO_INCREMENT=3 DEFAULT CHARSET=latin1;

/*Data for the table `document_submittal` */

insert  into `document_submittal`(`document_submittal_id`,`document_id`,`assignee_user_id`,`created_by`,`created_date`,`modified_by`,`modified_date`) values (1,4,1,1,'2015-04-06 22:10:41',NULL,NULL),(2,14,1,1,'2015-04-11 22:14:43',NULL,NULL);

/*Table structure for table `document_template` */

DROP TABLE IF EXISTS `document_template`;

CREATE TABLE `document_template` (
  `document_template_id` int(11) NOT NULL AUTO_INCREMENT,
  `name` varchar(45) NOT NULL,
  `created_by` int(11) NOT NULL,
  `created_date` timestamp NOT NULL DEFAULT CURRENT_TIMESTAMP ON UPDATE CURRENT_TIMESTAMP,
  `modified_by` int(11) NOT NULL,
  `modfied_date` timestamp NOT NULL DEFAULT '0000-00-00 00:00:00',
  PRIMARY KEY (`document_template_id`)
) ENGINE=InnoDB AUTO_INCREMENT=24 DEFAULT CHARSET=latin1;

/*Data for the table `document_template` */

insert  into `document_template`(`document_template_id`,`name`,`created_by`,`created_date`,`modified_by`,`modfied_date`) values (20,'Purchase Order',0,'2015-01-10 01:04:58',0,'2015-01-10 01:04:58'),(21,'Change Order',0,'2015-01-10 01:04:58',0,'2015-01-10 01:04:58'),(22,'Request For Information',0,'2015-01-10 01:04:58',0,'2015-01-10 01:04:58'),(23,'Transmittal',0,'2015-01-10 01:04:58',0,'2015-01-10 01:04:58');

/*Table structure for table `email` */

DROP TABLE IF EXISTS `email`;

CREATE TABLE `email` (
  `email_id` int(11) NOT NULL AUTO_INCREMENT,
  `added_date` datetime DEFAULT NULL,
  `email_address` varchar(45) DEFAULT NULL,
  `status` varchar(45) DEFAULT NULL,
  `user_id` int(11) NOT NULL,
  PRIMARY KEY (`email_id`),
  KEY `FK_qcesbut8qtn9jih0mrh93qxj6` (`user_id`),
  CONSTRAINT `FK_qcesbut8qtn9jih0mrh93qxj6` FOREIGN KEY (`user_id`) REFERENCES `user` (`user_id`)
) ENGINE=InnoDB AUTO_INCREMENT=31 DEFAULT CHARSET=latin1;

/*Data for the table `email` */

insert  into `email`(`email_id`,`added_date`,`email_address`,`status`,`user_id`) values (1,'2015-06-06 17:45:29','santosh8pun@gmail.com','ACTIVE',2),(2,'2015-06-10 14:16:21','santosh8pun@gmail.com','ACTIVE',3),(3,'2015-06-10 16:57:21','santosh8pun@gmail.com','ACTIVE',4),(4,'2015-06-10 19:38:30','santosh8pun@gmail.com','ACTIVE',5),(5,'2015-06-10 19:50:36','santosh8pun@gmail.com','ACTIVE',6),(6,'2015-06-10 19:54:24','santosh8pun@gmail.com','ACTIVE',7),(7,'2015-06-10 21:07:49','santosh8pun@gmail.com','ACTIVE',8),(8,'2015-06-20 15:39:50','santosh8pun@gmail.com','ACTIVE',1),(9,'2015-06-20 22:31:55','santosh8pun@gmail.com','ACTIVE',10),(10,'2015-06-21 10:02:44','santosh8pun@gmail.com','ACTIVE',11),(11,'2015-06-21 10:08:22','santosh8pun@gmail.com','ACTIVE',12),(12,'2015-06-21 17:33:17','santosh8pun@gmail.com','ACTIVE',13),(14,'2015-06-21 20:39:44','sanjeev@ontargetcloud.com','ACTIVE',15),(26,'2015-06-23 01:15:16','santosh8pun@gmail.com','ACTIVE',27),(27,'2015-06-23 01:24:28','santosh8pun@gmail.com','ACTIVE',28),(28,'2015-06-23 09:00:46','santosh8pun@gmail.com','ACTIVE',29),(29,'2015-06-23 20:07:30','santosh8pun@gmail.com','ACTIVE',30),(30,'2015-06-23 20:16:38','santosh8pun@gmail.com','ACTIVE',31);

/*Table structure for table `email_templates` */

DROP TABLE IF EXISTS `email_templates`;

CREATE TABLE `email_templates` (
  `email_template_id` int(11) NOT NULL AUTO_INCREMENT,
  `email_template_name` varchar(255) NOT NULL,
  `slug_name` varchar(255) NOT NULL,
  `subject` varchar(255) NOT NULL,
  `body` text NOT NULL,
  `created_date` datetime NOT NULL,
  `created_by` int(11) NOT NULL,
  `modified_date` datetime NOT NULL,
  `modified_by` int(11) NOT NULL,
  PRIMARY KEY (`email_template_id`)
) ENGINE=InnoDB DEFAULT CHARSET=utf8;

/*Data for the table `email_templates` */

/*Table structure for table `field_worker` */

DROP TABLE IF EXISTS `field_worker`;

CREATE TABLE `field_worker` (
  `id` int(11) NOT NULL AUTO_INCREMENT,
  `added_date` datetime NOT NULL,
  `email_address` varchar(45) NOT NULL,
  `first_name` varchar(45) NOT NULL,
  `last_name` varchar(45) NOT NULL,
  `phone_number` varchar(45) NOT NULL,
  `added_by` int(11) NOT NULL,
  `discipline_id` bigint(20) NOT NULL,
  `modified_date` datetime DEFAULT NULL,
  `modified_by` int(11) DEFAULT NULL,
  PRIMARY KEY (`id`),
  KEY `FK_1wa282m6f14ur9myljkkbu8d` (`added_by`),
  KEY `FK_fnvttbj06ub9virpmy4sb5w19` (`discipline_id`),
  KEY `FK_sigh58fecyn2119ybpcwriqcg` (`modified_by`),
  CONSTRAINT `FK_1wa282m6f14ur9myljkkbu8d` FOREIGN KEY (`added_by`) REFERENCES `user` (`user_id`),
  CONSTRAINT `FK_fnvttbj06ub9virpmy4sb5w19` FOREIGN KEY (`discipline_id`) REFERENCES `discipline` (`id`),
  CONSTRAINT `FK_sigh58fecyn2119ybpcwriqcg` FOREIGN KEY (`modified_by`) REFERENCES `user` (`user_id`)
) ENGINE=InnoDB AUTO_INCREMENT=26 DEFAULT CHARSET=latin1;

/*Data for the table `field_worker` */

insert  into `field_worker`(`id`,`added_date`,`email_address`,`first_name`,`last_name`,`phone_number`,`added_by`,`discipline_id`,`modified_date`,`modified_by`) values (1,'2015-05-07 22:26:47','santosh8pun@gmail.com','Santosh','Pun','9808639594',1,1,'2015-05-09 20:54:40',1),(2,'2015-05-07 22:34:06','sanjeev@ontargetcloud.com','Sanjeev','Ghimire','9808639594',1,1,NULL,NULL),(3,'2015-05-09 10:47:34','santosh8pun@gmail.com','John','Smith','9808639594',1,2,'2015-05-13 23:29:09',1),(4,'2015-05-09 10:49:42','santosh9pun@gmail.com','Tom','Cruise','9808639594',1,4,'2015-05-13 23:25:10',1),(5,'2015-05-09 10:51:35','santosh8pun@gmail.com','Richard','Jackson','9846080120',1,5,'2015-05-09 15:07:11',1),(6,'2015-05-09 12:49:22','ashish@gmail.com','Ashish','Khanal','545354353',1,1,'2015-05-13 23:30:55',1),(7,'2015-05-09 13:57:55','santosh7pun@gmail.com','Shahrukh','Khan','9846080120',1,2,'2015-05-09 15:07:22',1),(8,'2015-05-09 14:41:57','basanta@gmail.com','Basanta','Rijal','434434242',1,2,'2015-05-09 15:36:53',1),(9,'2015-05-09 15:21:30','rajesh.hamal@gmail.com','Rajesh','Hamal','9812345678',1,7,'2015-05-09 15:30:54',1),(10,'2015-05-09 16:43:51','santosh8pun@gmail.com','Santosh','Pun','4343423',1,1,NULL,NULL),(11,'2015-05-09 16:58:34','santosh8pun@gmail.com','Santosh','Pun123','434324324',1,1,NULL,NULL),(12,'2015-05-09 17:14:32','santosh@f1soft.com','santosh','pun','3434234',1,1,'2015-05-09 17:45:39',1),(13,'2015-05-09 17:45:07','shailesh@gmail.com','Shailesh','Sharma','434234243',1,1,'2015-05-13 23:01:34',1),(14,'2015-05-09 17:49:00','saga@gmail.com','Sagar','Thapa','342343',1,2,'2015-05-16 17:33:37',1),(15,'2015-05-09 18:04:01','santosh8pun@gmail.com','Santosh','Pun','4343242343',1,2,'2015-05-13 23:29:23',1),(16,'2015-05-09 18:08:39','santosh8pun@gmail.com','santosh','Pun','9846080120',1,2,'2015-05-09 19:35:02',1),(17,'2015-05-09 18:27:08','sanjeev@ontargetcloud.com','Sanjeev','Ghimire','9846080120',1,3,'2015-05-09 19:33:20',1),(18,'2015-05-09 19:37:53','harry@gmail.com','Harry','Porter','9856080120',1,3,'2015-05-09 21:10:10',1),(19,'2015-05-09 19:38:51','santosh8pun@hotmail.com','santosh','pun','9856080120',1,2,NULL,NULL),(20,'2015-05-09 19:41:59','santosh9pun@gmail.com','santosh','pun','4342343',1,2,NULL,NULL),(21,'2015-05-09 19:44:09','sanjeev@gmail.com','Sanjeev','Ghimire','4343243',1,3,'2015-05-09 21:12:13',1),(22,'2015-05-09 20:54:39','santosh8pun@gmail.com','Santosh','Pun','9808639594',1,2,'2015-05-12 22:19:52',1),(23,'2015-05-09 21:11:02','jack.reacher@gmail.com','Jack','Reacher','34243243',1,4,'2015-05-13 23:09:01',1),(24,'2015-05-13 23:18:02','dhurba@gmail.com','Dhurba','Gurung','3442432',1,1,'2015-06-23 21:31:34',31),(25,'2015-06-23 21:32:40','santosh8pun@gmail.com','santosh','pun','9808639594',31,1,'2015-06-23 21:49:07',1);

/*Table structure for table `forgot_password_request` */

DROP TABLE IF EXISTS `forgot_password_request`;

CREATE TABLE `forgot_password_request` (
  `id` bigint(20) NOT NULL AUTO_INCREMENT,
  `user_id` bigint(20) NOT NULL,
  `forgot_password_token` varchar(64) NOT NULL,
  `status` varchar(10) NOT NULL,
  `ts_create` timestamp NOT NULL DEFAULT CURRENT_TIMESTAMP,
  `ts_expiry` timestamp NOT NULL DEFAULT '0000-00-00 00:00:00',
  PRIMARY KEY (`id`)
) ENGINE=InnoDB DEFAULT CHARSET=latin1;

/*Data for the table `forgot_password_request` */

/*Table structure for table `phone` */

DROP TABLE IF EXISTS `phone`;

CREATE TABLE `phone` (
  `phone_id` int(11) NOT NULL AUTO_INCREMENT,
  `contact_id` int(11) NOT NULL,
  `area_code` int(11) DEFAULT NULL,
  `phone_number` varchar(45) DEFAULT NULL,
  `phone_type` varchar(45) DEFAULT NULL,
  `status` varchar(45) DEFAULT NULL,
  PRIMARY KEY (`phone_id`),
  KEY `phone_fk` (`contact_id`),
  CONSTRAINT `phone_fk` FOREIGN KEY (`contact_id`) REFERENCES `contact` (`contact_id`) ON DELETE NO ACTION ON UPDATE NO ACTION
) ENGINE=InnoDB AUTO_INCREMENT=43 DEFAULT CHARSET=utf8;

/*Data for the table `phone` */

insert  into `phone`(`phone_id`,`contact_id`,`area_code`,`phone_number`,`phone_type`,`status`) values (1,1,718,'4450980','CELL','ACTIVE'),(2,2,977,'9808639594','CELL','ACTIVE'),(3,3,988,'9808639594','CELL','ACTIVE'),(7,7,977,'9808639594','CELL','ACTIVE'),(8,8,977,'9808639594','CELL','ACTIVE'),(9,9,977,'9808639594','CELL','ACTIVE'),(10,10,977,'9808639594','CELL','ACTIVE'),(11,11,977,'9808639594','CELL','ACTIVE'),(12,12,980,'8632121','CELL','ACTIVE'),(13,13,988,'9898988','CELL','ACTIVE'),(14,14,988,'9876577','CELL','ACTIVE'),(15,15,988,'9888888','CELL','ACTIVE'),(37,36,911,'1111111','CELL','ACTIVE'),(38,48,977,'9808639594','CELL','ACTIVE'),(39,49,1001,'9808639594','CELL','ACTIVE'),(40,50,989,'1211111','CELL','ACTIVE'),(41,51,989,'9111999','CELL','ACTIVE'),(42,52,989,'1211111','CELL','ACTIVE');

/*Table structure for table `planned_actuals_cost` */

DROP TABLE IF EXISTS `planned_actuals_cost`;

CREATE TABLE `planned_actuals_cost` (
  `id` int(11) NOT NULL AUTO_INCREMENT COMMENT '	',
  `task_id` int(11) NOT NULL,
  `from_date` datetime DEFAULT NULL,
  `to_date` datetime DEFAULT NULL,
  `cost_type` varchar(10) DEFAULT NULL,
  `value` decimal(10,3) DEFAULT NULL,
  `expiry_date` datetime DEFAULT NULL,
  `created_by` int(12) DEFAULT NULL,
  `created_date` datetime DEFAULT NULL,
  `modified_by` int(12) DEFAULT NULL,
  `modified_date` datetime DEFAULT NULL,
  PRIMARY KEY (`id`),
  KEY `planned_actual_task_fk` (`task_id`),
  KEY `FK_5esfn5kr4k3cphjuhlih229gs` (`created_by`),
  KEY `FK_7dacqo4sy74ub6anhlw4bso5q` (`modified_by`),
  CONSTRAINT `FK_5esfn5kr4k3cphjuhlih229gs` FOREIGN KEY (`created_by`) REFERENCES `user` (`user_id`),
  CONSTRAINT `FK_7dacqo4sy74ub6anhlw4bso5q` FOREIGN KEY (`modified_by`) REFERENCES `user` (`user_id`),
  CONSTRAINT `planned_actual_task_fk` FOREIGN KEY (`task_id`) REFERENCES `project_task` (`project_task_id`) ON DELETE NO ACTION ON UPDATE NO ACTION
) ENGINE=InnoDB AUTO_INCREMENT=3 DEFAULT CHARSET=latin1;

/*Data for the table `planned_actuals_cost` */

insert  into `planned_actuals_cost`(`id`,`task_id`,`from_date`,`to_date`,`cost_type`,`value`,`expiry_date`,`created_by`,`created_date`,`modified_by`,`modified_date`) values (1,1,'2015-06-06 00:00:00','2015-06-30 00:00:00','ACTUAL','10.000','9999-12-31 00:00:00',1,'2015-06-06 18:51:12',NULL,NULL),(2,1,'2015-06-06 00:00:00','2015-06-30 00:00:00','PLANNED','10.000','9999-12-31 00:00:00',1,'2015-06-06 18:51:12',NULL,NULL);

/*Table structure for table `profile` */

DROP TABLE IF EXISTS `profile`;

CREATE TABLE `profile` (
  `profile_id` int(11) NOT NULL AUTO_INCREMENT,
  `active` char(1) DEFAULT NULL,
  `added_date` datetime DEFAULT NULL,
  `modified_date` datetime DEFAULT NULL,
  `name` varchar(45) DEFAULT NULL,
  `profile_type` varchar(20) DEFAULT NULL,
  `added_by` int(11) DEFAULT NULL,
  `modified_by` int(11) DEFAULT NULL,
  `description` varchar(255) DEFAULT NULL,
  PRIMARY KEY (`profile_id`),
  KEY `FK_gghjim1ec1hbmxe4flkaemr86` (`added_by`),
  KEY `FK_p7if4v464n5pmiaxne6buammd` (`modified_by`),
  CONSTRAINT `FK_gghjim1ec1hbmxe4flkaemr86` FOREIGN KEY (`added_by`) REFERENCES `user` (`user_id`),
  CONSTRAINT `FK_p7if4v464n5pmiaxne6buammd` FOREIGN KEY (`modified_by`) REFERENCES `user` (`user_id`)
) ENGINE=InnoDB AUTO_INCREMENT=11 DEFAULT CHARSET=latin1;

/*Data for the table `profile` */

insert  into `profile`(`profile_id`,`active`,`added_date`,`modified_date`,`name`,`profile_type`,`added_by`,`modified_by`,`description`) values (1,'Y','2015-06-13 09:36:06','2015-06-14 23:00:30','profile1','PERMISSION',1,1,'profile1 desc'),(2,'Y','2015-06-13 09:36:29',NULL,'profile2','PERMISSION',1,NULL,'profile2 desc'),(3,'Y','2015-06-13 09:41:07','2015-06-13 18:09:40','profile1','MENU',1,1,'profile1 desc'),(4,'Y','2015-06-13 13:43:25','2015-06-13 19:27:51','profile2','MENU',1,1,NULL),(5,'Y','2015-06-13 14:09:38','2015-06-13 19:09:30','profile3','MENU',1,1,'profile3 desc'),(6,'Y','2015-06-13 18:22:15','2015-06-13 19:10:25','profile3','PERMISSION',1,1,'profile3 desc'),(7,'N','2015-06-13 19:01:19','2015-06-13 19:02:30','profile7','MENU',1,1,'profile8 desc'),(8,'Y','2015-06-13 19:03:41',NULL,'profile7','PERMISSION',1,NULL,'profile7 desc'),(9,'Y','2015-06-13 19:09:55',NULL,'profile8','MENU',1,NULL,'profile8 desc'),(10,'Y','2015-06-13 19:10:47',NULL,'profile4','PERMISSION',1,NULL,'profile4 desc');

/*Table structure for table `profile_menu` */

DROP TABLE IF EXISTS `profile_menu`;

CREATE TABLE `profile_menu` (
  `profile_menu_id` int(11) NOT NULL AUTO_INCREMENT,
  `active` char(1) DEFAULT NULL,
  `application_menu_id` int(11) DEFAULT NULL,
  `profile_id` int(11) DEFAULT NULL,
  PRIMARY KEY (`profile_menu_id`),
  KEY `FK_9vueq0wt3makrr93mewtb4b1v` (`application_menu_id`),
  KEY `FK_9l4bmcmlsobb91y7858wr1o9f` (`profile_id`),
  CONSTRAINT `FK_9l4bmcmlsobb91y7858wr1o9f` FOREIGN KEY (`profile_id`) REFERENCES `profile` (`profile_id`),
  CONSTRAINT `FK_9vueq0wt3makrr93mewtb4b1v` FOREIGN KEY (`application_menu_id`) REFERENCES `application_menu` (`application_menu_id`)
) ENGINE=InnoDB AUTO_INCREMENT=11 DEFAULT CHARSET=latin1;

/*Data for the table `profile_menu` */

insert  into `profile_menu`(`profile_menu_id`,`active`,`application_menu_id`,`profile_id`) values (1,'Y',1,3),(2,'Y',2,3),(3,'Y',1,4),(4,'Y',2,5),(5,'Y',3,5),(6,'Y',1,5),(7,'N',3,3),(8,'Y',1,7),(9,'Y',2,7),(10,'Y',1,9);

/*Table structure for table `profile_permission` */

DROP TABLE IF EXISTS `profile_permission`;

CREATE TABLE `profile_permission` (
  `profile_permission_id` int(11) NOT NULL AUTO_INCREMENT,
  `active` char(1) DEFAULT NULL,
  `application_permission_id` int(11) DEFAULT NULL,
  `profile_id` int(11) DEFAULT NULL,
  PRIMARY KEY (`profile_permission_id`),
  KEY `FK_t9w620c3h8posdxri3hlydgs8` (`application_permission_id`),
  KEY `FK_adn7ium0mbiryk0t87k8xl4qq` (`profile_id`),
  CONSTRAINT `FK_adn7ium0mbiryk0t87k8xl4qq` FOREIGN KEY (`profile_id`) REFERENCES `profile` (`profile_id`),
  CONSTRAINT `FK_t9w620c3h8posdxri3hlydgs8` FOREIGN KEY (`application_permission_id`) REFERENCES `application_permission` (`application_permission_id`)
) ENGINE=InnoDB AUTO_INCREMENT=15 DEFAULT CHARSET=latin1;

/*Data for the table `profile_permission` */

insert  into `profile_permission`(`profile_permission_id`,`active`,`application_permission_id`,`profile_id`) values (1,'Y',1,1),(2,'Y',2,1),(3,'Y',1,2),(4,'Y',2,2),(5,'N',3,1),(6,'Y',1,6),(7,'Y',2,6),(8,'N',3,6),(9,'Y',4,6),(10,'Y',5,6),(11,'Y',1,8),(12,'Y',2,8),(13,'Y',1,10),(14,'Y',2,10);

/*Table structure for table `project` */

DROP TABLE IF EXISTS `project`;

CREATE TABLE `project` (
  `project_id` int(11) NOT NULL AUTO_INCREMENT,
  `project_code` varchar(50) DEFAULT NULL,
  `project_name` varchar(300) DEFAULT NULL,
  `project_owner_id` int(11) DEFAULT NULL,
  `project_type_id` int(11) NOT NULL,
  `project_parent_id` int(11) NOT NULL DEFAULT '0',
  `project_assignee` varchar(45) DEFAULT NULL,
  `project_description` text,
  `project_image` varchar(255) DEFAULT NULL,
  `project_start_date` datetime DEFAULT NULL,
  `project_end_date` datetime DEFAULT NULL,
  `project_status` varchar(10) DEFAULT NULL,
  `company_id` int(11) NOT NULL,
  `address_id` int(11) DEFAULT NULL,
  `created_date` datetime DEFAULT NULL,
  `created_by` int(11) DEFAULT NULL,
  `modified_date` datetime DEFAULT NULL,
  `modified_by` int(11) DEFAULT NULL,
  `project_image_path` varchar(255) DEFAULT NULL,
  `type` varchar(15) DEFAULT NULL,
  PRIMARY KEY (`project_id`),
  KEY `project_type_fk` (`project_type_id`),
  KEY `project_addr_fk` (`address_id`),
  KEY `project_comp_fk` (`company_id`),
  KEY `FK_tk609r8dpanu5xbync1iocl1t` (`created_by`),
  KEY `FK_48uylhug5ey9qd8c8ncoay526` (`modified_by`),
  CONSTRAINT `FK_48uylhug5ey9qd8c8ncoay526` FOREIGN KEY (`modified_by`) REFERENCES `user` (`user_id`),
  CONSTRAINT `FK_tk609r8dpanu5xbync1iocl1t` FOREIGN KEY (`created_by`) REFERENCES `user` (`user_id`),
  CONSTRAINT `project_addr_fk` FOREIGN KEY (`address_id`) REFERENCES `address` (`address_id`) ON DELETE NO ACTION ON UPDATE NO ACTION,
  CONSTRAINT `project_comp_fk` FOREIGN KEY (`company_id`) REFERENCES `company_info` (`company_id`) ON DELETE NO ACTION ON UPDATE NO ACTION,
  CONSTRAINT `project_type_fk` FOREIGN KEY (`project_type_id`) REFERENCES `project_type` (`project_type_id`) ON DELETE NO ACTION ON UPDATE NO ACTION
) ENGINE=InnoDB AUTO_INCREMENT=33 DEFAULT CHARSET=utf32;

/*Data for the table `project` */

insert  into `project`(`project_id`,`project_code`,`project_name`,`project_owner_id`,`project_type_id`,`project_parent_id`,`project_assignee`,`project_description`,`project_image`,`project_start_date`,`project_end_date`,`project_status`,`company_id`,`address_id`,`created_date`,`created_by`,`modified_date`,`modified_by`,`project_image_path`,`type`) values (1,'SIM_BARR','Simon and Barron WEA Residential',1,1,0,NULL,'With objective to develop a comprehensive Model for 200,000 sqft Renovation Project. The challenge was to do a complete survey of the existing system in detail to include in the Model. Our team successfully provided Architecture, Structure, Mechanical , Electrical and Plumbing and identified clashes. We also provided solutions for resolving conflicts and innovative approaches for coordination.',NULL,'2015-01-08 23:00:00','2015-12-31 23:00:00','1',1,1,NULL,1,'2015-01-09 23:00:07',1,'393wea_web.jpg','MAIN_PROJECT'),(2,NULL,'Project1',1,1,1,NULL,'With objective to develop a comprehensive Model for 200,000 sqft Renovation Project. The challenge was to do a complete survey of the existing system in detail to include in the Model. Our team successfully provided Architecture, Structure, Mechanical , Electrical and Plumbing and identified clashes. We also provided solutions for resolving conflicts and innovative approaches for coordination.',NULL,'2015-06-01 00:00:00','2015-08-01 00:00:00','1',1,2,'2015-06-06 18:23:59',1,'2015-06-18 08:51:52',1,'393wea_web.jpg','PROJECT'),(3,NULL,'Activity1ae',1,1,2,NULL,'activity1 desc1',NULL,'2015-06-01 00:00:00','2015-07-31 00:00:00','1',1,3,'2015-06-06 18:30:23',1,'2015-06-19 22:01:39',1,NULL,'ACTIVITY'),(4,NULL,'project2',1,1,1,NULL,'project2 desc',NULL,'2015-06-01 00:00:00','2015-09-04 00:00:00','1',1,4,'2015-06-09 22:35:32',1,'2015-06-09 22:39:52',1,NULL,'PROJECT'),(5,NULL,'activity2',1,1,2,NULL,'activity2',NULL,'2015-06-01 00:00:00','2015-06-24 00:00:00','1',1,5,'2015-06-09 22:56:41',1,NULL,1,NULL,'ACTIVITY'),(6,NULL,'activity3',1,1,2,NULL,'activity3 desc',NULL,'2015-06-01 00:00:00','2015-08-13 00:00:00','1',1,6,'2015-06-10 07:06:38',1,NULL,NULL,NULL,'ACTIVITY'),(8,NULL,'company11\'s Project',4,1,0,NULL,'company11\'s Project',NULL,'2015-06-10 18:06:46','2032-02-10 18:06:46','1',6,8,'2015-06-10 18:06:46',4,NULL,NULL,NULL,'MAIN_PROJECT'),(9,NULL,'project2a',4,1,8,NULL,'project2a',NULL,'2015-06-03 00:00:00','2015-06-29 00:00:00','1',1,9,'2015-06-10 18:08:39',4,NULL,1,'393wea_web.jpg','PROJECT'),(10,NULL,'Company1A\'s Project',5,1,0,NULL,'Company1A\'s Project',NULL,'2015-06-10 19:40:41','2032-02-10 19:40:41','1',7,10,'2015-06-10 19:40:41',5,NULL,NULL,NULL,'MAIN_PROJECT'),(14,NULL,'activity name2',1,1,0,NULL,'activity desc2',NULL,'2015-06-18 00:00:00','2015-06-18 00:00:00','1',1,NULL,'2015-06-18 07:38:41',1,'2015-06-18 07:44:40',1,NULL,'ACTIVITY'),(15,NULL,'project name',1,1,2,NULL,'project desc',NULL,'2015-06-18 00:00:00','2015-06-18 00:00:00','1',1,13,'2015-06-18 07:46:05',1,NULL,NULL,'/home/santosh/project1.jpg','PROJECT'),(16,NULL,'project name',1,1,2,NULL,'project desc',NULL,'2015-06-18 00:00:00','2015-06-18 00:00:00','1',1,14,'2015-06-18 07:46:45',1,NULL,NULL,'/home/santosh/project1.jpg','PROJECT'),(17,NULL,'santosh project11',1,1,1,NULL,'santosh project1 desc',NULL,'2015-06-02 00:00:00','2015-09-11 00:00:00','1',1,15,'2015-06-18 08:18:08',1,'2015-06-19 00:00:01',1,NULL,'PROJECT'),(18,NULL,'santosh activity',1,1,2,NULL,'santosh activity desc',NULL,'2015-06-10 00:00:00','2015-06-17 00:00:00','1',1,NULL,'2015-06-18 09:09:39',1,NULL,NULL,NULL,'ACTIVITY'),(19,NULL,'santosh activity21',1,1,2,NULL,'santosh activity2 desc',NULL,'2015-06-03 00:00:00','2015-06-19 00:00:00','2',1,NULL,'2015-06-18 22:16:31',1,'2015-06-19 07:55:30',1,NULL,'ACTIVITY'),(20,NULL,'santosh proj1',1,1,1,NULL,'santosh proj1',NULL,'2015-06-03 00:00:00','2015-06-26 00:00:00','1',1,16,'2015-06-19 00:19:49',1,NULL,NULL,'/assets/project/532114_798942323454369_463283099_n.jpg','PROJECT'),(21,NULL,'project santosh',1,1,1,NULL,'project santosh',NULL,'2015-06-02 00:00:00','2015-07-09 00:00:00','1',1,17,'2015-06-19 00:36:57',1,'2015-06-19 21:17:11',1,'/assets/project/const3.jpeg','PROJECT'),(22,NULL,'santosh activity22134',1,1,2,NULL,'santosh activity 222',NULL,'2015-06-11 00:00:00','2015-06-26 00:00:00','2',1,NULL,'2015-06-19 07:54:38',1,'2015-06-19 07:55:20',1,NULL,'ACTIVITY'),(23,NULL,'Santosh company\'s Project',10,1,0,NULL,'Santosh company\'s Project',NULL,'2015-06-20 22:44:02','2032-02-20 22:44:02','1',9,18,'2015-06-20 22:44:02',10,NULL,NULL,NULL,'MAIN_PROJECT'),(24,NULL,'scompany\'s Project',11,1,0,NULL,'scompany\'s Project',NULL,'2015-06-21 10:03:56','2032-02-21 10:03:56','1',10,19,'2015-06-21 10:03:56',11,NULL,NULL,NULL,'MAIN_PROJECT'),(25,NULL,'ccompany\'s Project',12,1,0,NULL,'ccompany\'s Project',NULL,'2015-06-21 10:09:09','2032-02-21 10:09:09','1',11,20,'2015-06-21 10:09:09',12,NULL,NULL,NULL,'MAIN_PROJECT'),(28,NULL,'kcompany\'s Project',15,1,0,NULL,'kcompany\'s Project',NULL,'2015-06-21 20:40:20','2032-02-21 20:40:20','1',26,23,'2015-06-21 20:40:20',15,NULL,NULL,NULL,'MAIN_PROJECT'),(29,NULL,'sanjeev company\'s Project',28,1,0,NULL,'sanjeev company\'s Project',NULL,'2015-06-23 01:24:28','2032-02-23 01:24:28','1',36,24,'2015-06-23 01:24:28',28,NULL,NULL,NULL,'MAIN_PROJECT'),(30,NULL,'sa company\'s Project',29,1,0,NULL,'sa company\'s Project',NULL,'2015-06-23 09:00:47','2032-02-23 09:00:47','1',37,25,'2015-06-23 09:00:47',29,NULL,NULL,NULL,'MAIN_PROJECT'),(31,NULL,'spcompany\'s Project',30,1,0,NULL,'spcompany\'s Project',NULL,'2015-06-23 20:07:31','2032-02-23 20:07:31','1',38,26,'2015-06-23 20:07:31',30,NULL,NULL,NULL,'MAIN_PROJECT'),(32,NULL,'santosh1',1,1,1,NULL,'santosh1 desc',NULL,'2015-06-03 00:00:00','2015-06-11 00:00:00','1',1,27,'2015-06-23 21:51:16',1,'2015-06-23 21:51:31',1,'/assets/project/const4.jpeg','PROJECT');

/*Table structure for table `project_activities` */

DROP TABLE IF EXISTS `project_activities`;

CREATE TABLE `project_activities` (
  `project_activity_id` int(11) NOT NULL AUTO_INCREMENT,
  `project_task_id` int(11) NOT NULL,
  `user_id` int(11) NOT NULL,
  `action` varchar(100) NOT NULL,
  `action_date` datetime NOT NULL,
  PRIMARY KEY (`project_activity_id`),
  KEY `proj_actvt_fk` (`project_task_id`),
  CONSTRAINT `proj_actvt_fk` FOREIGN KEY (`project_task_id`) REFERENCES `project_task` (`project_task_id`) ON DELETE NO ACTION ON UPDATE NO ACTION
) ENGINE=InnoDB DEFAULT CHARSET=utf8;

/*Data for the table `project_activities` */

/*Table structure for table `project_category` */

DROP TABLE IF EXISTS `project_category`;

CREATE TABLE `project_category` (
  `project_category_id` int(11) NOT NULL AUTO_INCREMENT,
  `category_name` varchar(255) NOT NULL,
  `parent_id` int(11) NOT NULL,
  `created_by` varchar(20) NOT NULL,
  `created_date` datetime NOT NULL,
  `modified_by` varchar(20) NOT NULL,
  `modified_date` datetime NOT NULL,
  `delete_flag` tinyint(4) DEFAULT NULL,
  `deleted_by` varchar(20) DEFAULT NULL,
  `deleted_date` datetime DEFAULT NULL,
  PRIMARY KEY (`project_category_id`)
) ENGINE=InnoDB DEFAULT CHARSET=utf8;

/*Data for the table `project_category` */

/*Table structure for table `project_configuration` */

DROP TABLE IF EXISTS `project_configuration`;

CREATE TABLE `project_configuration` (
  `id` bigint(20) NOT NULL AUTO_INCREMENT,
  `config_key` varchar(30) NOT NULL,
  `config_value` varchar(30) NOT NULL,
  `project_id` int(11) NOT NULL,
  PRIMARY KEY (`id`),
  KEY `FK_fserys4sc7k295w86erainwlv` (`project_id`),
  CONSTRAINT `FK_fserys4sc7k295w86erainwlv` FOREIGN KEY (`project_id`) REFERENCES `project` (`project_id`)
) ENGINE=InnoDB AUTO_INCREMENT=15 DEFAULT CHARSET=latin1;

/*Data for the table `project_configuration` */

insert  into `project_configuration`(`id`,`config_key`,`config_value`,`project_id`) values (1,'UNIT_OF_MEASUREMENT','HOUR',1),(2,'UNIT_OF_MEASUREMENT','HOUR',2),(3,'UNIT_OF_MEASUREMENT','HOUR',3),(4,'UNIT_OF_MEASUREMENT','HOUR',4),(5,'UNIT_OF_MEASUREMENT','HOUR',5),(6,'UNIT_OF_MEASUREMENT','HOUR',9),(9,'UNIT_OF_MEASUREMENT','HOUR',15),(10,'UNIT_OF_MEASUREMENT','HOUR',16),(11,'UNIT_OF_MEASUREMENT','HOUR',17),(12,'UNIT_OF_MEASUREMENT','HOUR',20),(13,'UNIT_OF_MEASUREMENT','HOUR',21),(14,'UNIT_OF_MEASUREMENT','HOUR',32);

/*Table structure for table `project_file` */

DROP TABLE IF EXISTS `project_file`;

CREATE TABLE `project_file` (
  `project_file_id` int(11) NOT NULL AUTO_INCREMENT,
  `file_name` varchar(255) NOT NULL,
  `project_id` int(11) NOT NULL,
  `created_date` datetime NOT NULL,
  `created_by` int(11) NOT NULL,
  `file_type` varchar(45) NOT NULL,
  PRIMARY KEY (`project_file_id`),
  KEY `project_file_fk` (`project_id`),
  KEY `FK_2v0bylp54dbusaabhxg3qbtdn` (`created_by`),
  CONSTRAINT `FK_2v0bylp54dbusaabhxg3qbtdn` FOREIGN KEY (`created_by`) REFERENCES `user` (`user_id`),
  CONSTRAINT `project_file_fk` FOREIGN KEY (`project_id`) REFERENCES `project` (`project_id`) ON DELETE NO ACTION ON UPDATE NO ACTION
) ENGINE=InnoDB AUTO_INCREMENT=6 DEFAULT CHARSET=utf8;

/*Data for the table `project_file` */

insert  into `project_file`(`project_file_id`,`file_name`,`project_id`,`created_date`,`created_by`,`file_type`) values (1,'bsn_bsn.jpg',1,'2015-03-13 16:35:15',1,'image/jpeg'),(2,'IMG_7491.JPG',1,'2015-03-13 16:36:26',1,'image/jpeg'),(3,'file.pdf',1,'2015-03-14 12:37:33',1,'application/pdf'),(4,'Details 3.pdf',1,'2015-03-28 19:46:51',1,'application/pdf'),(5,'handson-nodejs-sample.pdf',1,'2015-03-31 23:45:46',1,'application/pdf');

/*Table structure for table `project_member` */

DROP TABLE IF EXISTS `project_member`;

CREATE TABLE `project_member` (
  `project_member_id` int(11) NOT NULL AUTO_INCREMENT,
  `project_id` int(11) NOT NULL,
  `user_id` int(11) DEFAULT NULL,
  `member_status` varchar(45) DEFAULT NULL,
  PRIMARY KEY (`project_member_id`),
  KEY `member_project_fk` (`project_id`),
  KEY `member_user_fk` (`user_id`),
  CONSTRAINT `member_project_fk` FOREIGN KEY (`project_id`) REFERENCES `project` (`project_id`) ON DELETE NO ACTION ON UPDATE NO ACTION,
  CONSTRAINT `member_user_fk` FOREIGN KEY (`user_id`) REFERENCES `user` (`user_id`) ON DELETE NO ACTION ON UPDATE NO ACTION
) ENGINE=InnoDB AUTO_INCREMENT=56 DEFAULT CHARSET=utf8;

/*Data for the table `project_member` */

insert  into `project_member`(`project_member_id`,`project_id`,`user_id`,`member_status`) values (17,1,1,'ACTIVE'),(18,1,3,'ACTIVE'),(19,8,4,'ACTIVE'),(20,10,5,'ACTIVE'),(21,1,6,'ACTIVE'),(22,1,7,'ACTIVE'),(23,1,8,'ACTIVE'),(24,23,10,'ACTIVE'),(25,24,11,'ACTIVE'),(26,25,12,'ACTIVE'),(41,28,15,'ACTIVE'),(42,28,15,'ACTIVE'),(43,28,15,'ACTIVE'),(44,28,15,'ACTIVE'),(45,28,15,'ACTIVE'),(46,28,15,'ACTIVE'),(47,28,15,'ACTIVE'),(48,28,15,'ACTIVE'),(49,28,15,'ACTIVE'),(50,28,15,'ACTIVE'),(51,1,27,'ACTIVE'),(52,29,28,'ACTIVE'),(53,30,29,'ACTIVE'),(54,31,30,'ACTIVE'),(55,31,31,'ACTIVE');

/*Table structure for table `project_task` */

DROP TABLE IF EXISTS `project_task`;

CREATE TABLE `project_task` (
  `project_task_id` int(11) NOT NULL AUTO_INCREMENT,
  `project_id` int(11) NOT NULL,
  `title` varchar(200) NOT NULL,
  `parent_task_id` int(11) DEFAULT '0',
  `status` varchar(10) DEFAULT NULL,
  `start_date` date DEFAULT NULL,
  `end_date` date DEFAULT NULL,
  `created_date` datetime DEFAULT NULL,
  `created_by` int(11) DEFAULT NULL,
  `modified_date` datetime DEFAULT NULL,
  `modified_by` int(11) DEFAULT NULL,
  `severity` varchar(45) DEFAULT NULL,
  `description` text,
  PRIMARY KEY (`project_task_id`),
  KEY `project_task_fk` (`project_id`),
  KEY `FK_3d965u7t9ixv7tw0ihk3ntf8b` (`created_by`),
  KEY `FK_lswu8hb7600pskjbu9lrutpgi` (`modified_by`),
  CONSTRAINT `FK_3d965u7t9ixv7tw0ihk3ntf8b` FOREIGN KEY (`created_by`) REFERENCES `user` (`user_id`),
  CONSTRAINT `FK_lswu8hb7600pskjbu9lrutpgi` FOREIGN KEY (`modified_by`) REFERENCES `user` (`user_id`),
  CONSTRAINT `project_task_fk` FOREIGN KEY (`project_id`) REFERENCES `project` (`project_id`) ON DELETE NO ACTION ON UPDATE NO ACTION
) ENGINE=InnoDB AUTO_INCREMENT=3 DEFAULT CHARSET=utf32;

/*Data for the table `project_task` */

insert  into `project_task`(`project_task_id`,`project_id`,`title`,`parent_task_id`,`status`,`start_date`,`end_date`,`created_date`,`created_by`,`modified_date`,`modified_by`,`severity`,`description`) values (1,3,'Activity1 Task',NULL,'1','2015-06-06','2015-06-30','2015-06-06 18:31:49',1,'2015-06-19 20:33:43',1,'2','activity1 task1'),(2,3,'activity1 task2',NULL,'1','2015-06-03','2015-06-10','2015-06-11 07:13:39',1,NULL,NULL,'1','activity1 task2');

/*Table structure for table `project_task_comments` */

DROP TABLE IF EXISTS `project_task_comments`;

CREATE TABLE `project_task_comments` (
  `task_comment_id` int(11) NOT NULL AUTO_INCREMENT,
  `project_task_id` int(11) NOT NULL,
  `comment` text NOT NULL,
  `comment_date` datetime NOT NULL,
  `comment_by` int(11) NOT NULL,
  `reply_to` int(11) NOT NULL,
  PRIMARY KEY (`task_comment_id`),
  KEY `task_cmnt_fk` (`project_task_id`),
  KEY `FK_iuooltn4m43txqt1kv2chidd` (`comment_by`),
  CONSTRAINT `FK_iuooltn4m43txqt1kv2chidd` FOREIGN KEY (`comment_by`) REFERENCES `user` (`user_id`),
  CONSTRAINT `task_cmnt_fk` FOREIGN KEY (`project_task_id`) REFERENCES `project_task` (`project_task_id`) ON DELETE NO ACTION ON UPDATE NO ACTION
) ENGINE=InnoDB DEFAULT CHARSET=utf8;

/*Data for the table `project_task_comments` */

/*Table structure for table `project_task_files` */

DROP TABLE IF EXISTS `project_task_files`;

CREATE TABLE `project_task_files` (
  `task_file_id` int(11) NOT NULL AUTO_INCREMENT,
  `project_task_id` int(11) NOT NULL,
  `file_name` varchar(255) NOT NULL,
  `location` varchar(255) NOT NULL,
  `created_date` timestamp NOT NULL DEFAULT CURRENT_TIMESTAMP ON UPDATE CURRENT_TIMESTAMP,
  `created_by` int(12) NOT NULL,
  PRIMARY KEY (`task_file_id`),
  KEY `project_task_files_fk` (`project_task_id`),
  CONSTRAINT `project_task_files_fk` FOREIGN KEY (`project_task_id`) REFERENCES `project_task` (`project_task_id`) ON DELETE NO ACTION ON UPDATE NO ACTION
) ENGINE=InnoDB DEFAULT CHARSET=utf8;

/*Data for the table `project_task_files` */

/*Table structure for table `project_type` */

DROP TABLE IF EXISTS `project_type`;

CREATE TABLE `project_type` (
  `project_type_id` int(11) NOT NULL AUTO_INCREMENT,
  `project_type_name` varchar(255) NOT NULL,
  `created_date` datetime NOT NULL,
  `created_by` varchar(20) NOT NULL,
  `modified_date` datetime NOT NULL,
  `modified_by` varchar(20) NOT NULL,
  `delete_flag` tinyint(4) DEFAULT NULL,
  `deleted_date` datetime DEFAULT NULL,
  `deleted_by` varchar(20) DEFAULT NULL,
  `status` varchar(10) NOT NULL,
  PRIMARY KEY (`project_type_id`)
) ENGINE=InnoDB AUTO_INCREMENT=5 DEFAULT CHARSET=utf8;

/*Data for the table `project_type` */

insert  into `project_type`(`project_type_id`,`project_type_name`,`created_date`,`created_by`,`modified_date`,`modified_by`,`delete_flag`,`deleted_date`,`deleted_by`,`status`) values (1,'COMMERCIAL','0000-00-00 00:00:00','SYSTEM','0000-00-00 00:00:00','SYSTEM',NULL,NULL,NULL,'ACTIVE'),(2,'RESIDENTIAL','0000-00-00 00:00:00','SYSTEM','0000-00-00 00:00:00','SYSTEM',NULL,NULL,NULL,'ACTIVE'),(3,'INFRASTRUCTURE','0000-00-00 00:00:00','SYSTEM','0000-00-00 00:00:00','SYSTEM',NULL,NULL,NULL,'ACTIVE'),(4,'MEDICAL','0000-00-00 00:00:00','SYSTEM','0000-00-00 00:00:00','SYSTEM',NULL,NULL,NULL,'ACTIVE');

/*Table structure for table `project_wall_post` */

DROP TABLE IF EXISTS `project_wall_post`;

CREATE TABLE `project_wall_post` (
  `project_wall_post_id` int(11) NOT NULL AUTO_INCREMENT,
  `project_id` int(11) NOT NULL,
  `project_wall_post` varchar(45) DEFAULT NULL,
  `created_date` datetime NOT NULL,
  `created_by` varchar(45) NOT NULL,
  `modified_date` datetime NOT NULL,
  `modified_by` varchar(45) NOT NULL,
  PRIMARY KEY (`project_wall_post_id`),
  KEY `fk_project_id_idx` (`project_id`),
  CONSTRAINT `fk_project_id` FOREIGN KEY (`project_id`) REFERENCES `project` (`project_id`) ON DELETE NO ACTION ON UPDATE NO ACTION
) ENGINE=InnoDB DEFAULT CHARSET=utf32;

/*Data for the table `project_wall_post` */

/*Table structure for table `registration_request` */

DROP TABLE IF EXISTS `registration_request`;

CREATE TABLE `registration_request` (
  `id` bigint(20) NOT NULL AUTO_INCREMENT,
  `registration_token` varchar(64) NOT NULL,
  `project_id` int(11) DEFAULT NULL,
  `first_name` varchar(45) DEFAULT NULL,
  `last_name` varchar(45) DEFAULT NULL,
  `email` varchar(45) DEFAULT NULL,
  `company_name` varchar(45) DEFAULT NULL,
  `phone_number` varchar(45) DEFAULT NULL,
  `msg` text,
  `status` varchar(20) DEFAULT NULL,
  `ts_create` timestamp NOT NULL DEFAULT CURRENT_TIMESTAMP,
  `user_id` int(11) DEFAULT NULL,
  `name` varchar(255) DEFAULT NULL,
  `company_address1` varchar(255) DEFAULT NULL,
  `company_address2` varchar(255) DEFAULT NULL,
  `company_city` varchar(255) DEFAULT NULL,
  `company_country` varchar(255) DEFAULT NULL,
  `company_id` int(11) DEFAULT NULL,
  `company_state` varchar(255) DEFAULT NULL,
  `company_zip` varchar(255) DEFAULT NULL,
  `company_type_id` int(11) DEFAULT NULL,
  PRIMARY KEY (`id`)
) ENGINE=InnoDB AUTO_INCREMENT=7 DEFAULT CHARSET=latin1;

/*Data for the table `registration_request` */

insert  into `registration_request`(`id`,`registration_token`,`project_id`,`first_name`,`last_name`,`email`,`company_name`,`phone_number`,`msg`,`status`,`ts_create`,`user_id`,`name`,`company_address1`,`company_address2`,`company_city`,`company_country`,`company_id`,`company_state`,`company_zip`,`company_type_id`) values (1,'34772721766863856760030672360359997310212572511822348163552',1,'santosh','pun','santosh7pun@gmail.com',NULL,NULL,NULL,'ACCT_INVITE','2015-06-22 22:40:27',27,NULL,NULL,NULL,NULL,NULL,1,NULL,NULL,0),(2,'310964993298287464995860798810854867106805935097449663256779',29,'Sanjeev','Ghimire','santosh9pun@gmail.com','sanjeev company','9808639594','request a demo','ACCT_NEW','2015-06-23 01:21:27',28,NULL,'NY',NULL,'NY','US',0,'Alabama','1001',1),(3,'75331327404384623446039647583593461526457184201880285954234',30,'santosh','pun','santosh10pun@gmail.com','sa company','9808639594','request a demo','ACCT_NEW','2015-06-23 07:53:06',29,NULL,'NY',NULL,'NY','NP',0,'Gandaki','1001',2),(4,'640018567286601066390010192331710311222704833668690682170298',31,'Santosh','Pun','santosh11pun@gmail.com','spcompany','9808639594','request a demo','ACCT_NEW','2015-06-23 19:58:06',30,NULL,'NY',NULL,'NY','NP',38,'Gandaki','1001',2),(5,'284227399058771535412026956052940581933519703378811209114918',31,'santosh','pun','santosh8pun@gmail.com',NULL,NULL,NULL,'ACCT_INVITE','2015-06-23 20:09:18',31,NULL,NULL,NULL,NULL,NULL,1,NULL,NULL,0),(6,'360828983718933959970681387166885996845426970183758173001859',31,'santosh','pun','santosh8pun@gmail.com',NULL,NULL,NULL,'ACCT_INVITE','2015-06-23 20:09:28',NULL,NULL,NULL,NULL,NULL,NULL,1,NULL,NULL,0);

/*Table structure for table `states` */

DROP TABLE IF EXISTS `states`;

CREATE TABLE `states` (
  `state_code` varchar(2) NOT NULL,
  `state` varchar(45) NOT NULL,
  PRIMARY KEY (`state_code`)
) ENGINE=InnoDB DEFAULT CHARSET=latin1;

/*Data for the table `states` */

/*Table structure for table `task_assignee` */

DROP TABLE IF EXISTS `task_assignee`;

CREATE TABLE `task_assignee` (
  `task_assignee_id` int(11) NOT NULL AUTO_INCREMENT,
  `project_task_id` int(11) NOT NULL,
  `task_assignee` int(11) NOT NULL,
  `created_by` int(11) NOT NULL,
  `created_date` timestamp NOT NULL DEFAULT CURRENT_TIMESTAMP,
  `modified_by` int(11) DEFAULT NULL,
  `modified_date` datetime DEFAULT NULL,
  PRIMARY KEY (`task_assignee_id`),
  KEY `task_assignee_fk` (`project_task_id`),
  KEY `FK_g7nktpoqdfsdumeg28ylqg1ja` (`created_by`),
  KEY `FK_gkt2o02okukrnijnx1lev5f99` (`modified_by`),
  CONSTRAINT `FK_g7nktpoqdfsdumeg28ylqg1ja` FOREIGN KEY (`created_by`) REFERENCES `user` (`user_id`),
  CONSTRAINT `FK_gkt2o02okukrnijnx1lev5f99` FOREIGN KEY (`modified_by`) REFERENCES `user` (`user_id`),
  CONSTRAINT `task_assignee_fk` FOREIGN KEY (`project_task_id`) REFERENCES `project_task` (`project_task_id`) ON DELETE NO ACTION ON UPDATE NO ACTION
) ENGINE=InnoDB AUTO_INCREMENT=2 DEFAULT CHARSET=utf32;

/*Data for the table `task_assignee` */

insert  into `task_assignee`(`task_assignee_id`,`project_task_id`,`task_assignee`,`created_by`,`created_date`,`modified_by`,`modified_date`) values (1,1,1,1,'2015-06-06 18:33:52',NULL,NULL);

/*Table structure for table `task_comment` */

DROP TABLE IF EXISTS `task_comment`;

CREATE TABLE `task_comment` (
  `task_comment_id` int(11) NOT NULL AUTO_INCREMENT,
  `task_id` int(11) NOT NULL,
  `comment` text,
  `commented_by` int(11) DEFAULT NULL,
  `commented_date` datetime DEFAULT NULL,
  `comment_status` varchar(15) DEFAULT NULL,
  PRIMARY KEY (`task_comment_id`),
  KEY `task_comment_fk` (`task_id`),
  KEY `FK_mjfxkt431suodwh1e5k9cglck` (`commented_by`),
  CONSTRAINT `FK_mjfxkt431suodwh1e5k9cglck` FOREIGN KEY (`commented_by`) REFERENCES `user` (`user_id`),
  CONSTRAINT `task_comment_fk` FOREIGN KEY (`task_id`) REFERENCES `project_task` (`project_task_id`) ON DELETE NO ACTION ON UPDATE NO ACTION
) ENGINE=InnoDB AUTO_INCREMENT=2 DEFAULT CHARSET=latin1;

/*Data for the table `task_comment` */

insert  into `task_comment`(`task_comment_id`,`task_id`,`comment`,`commented_by`,`commented_date`,`comment_status`) values (1,2,'test comment',1,'2015-06-11 07:23:51','ACTIVE');

/*Table structure for table `task_percentage_log` */

DROP TABLE IF EXISTS `task_percentage_log`;

CREATE TABLE `task_percentage_log` (
  `task_percentage_log_id` int(11) NOT NULL AUTO_INCREMENT,
  `task_id` int(11) NOT NULL,
  `percentage_type` varchar(45) DEFAULT NULL,
  `percentage_complete` double DEFAULT '0',
  `start_date` datetime DEFAULT NULL,
  `end_date` datetime DEFAULT NULL,
  `created_by` int(11) DEFAULT NULL,
  `modified_date` datetime DEFAULT NULL,
  `modified_by` int(11) DEFAULT NULL,
  `created_date` datetime DEFAULT NULL,
  PRIMARY KEY (`task_percentage_log_id`),
  KEY `task_percentage_fk` (`task_id`),
  KEY `FK_bg2ao4dgbionetoo8tvp3wmn9` (`created_by`),
  KEY `FK_kv835tca9yhj3udsvda5l93bi` (`modified_by`),
  CONSTRAINT `FK_bg2ao4dgbionetoo8tvp3wmn9` FOREIGN KEY (`created_by`) REFERENCES `user` (`user_id`),
  CONSTRAINT `FK_kv835tca9yhj3udsvda5l93bi` FOREIGN KEY (`modified_by`) REFERENCES `user` (`user_id`),
  CONSTRAINT `task_percentage_fk` FOREIGN KEY (`task_id`) REFERENCES `project_task` (`project_task_id`) ON DELETE NO ACTION ON UPDATE NO ACTION
) ENGINE=InnoDB AUTO_INCREMENT=3 DEFAULT CHARSET=latin1;

/*Data for the table `task_percentage_log` */

insert  into `task_percentage_log`(`task_percentage_log_id`,`task_id`,`percentage_type`,`percentage_complete`,`start_date`,`end_date`,`created_by`,`modified_date`,`modified_by`,`created_date`) values (1,1,'PERCENTAGE',50,'2015-06-06 18:50:08','9999-12-31 00:00:00',1,NULL,NULL,'2015-06-06 18:50:08'),(2,2,'PERCENTAGE',19,'2015-06-11 07:24:19','9999-12-31 00:00:00',1,NULL,NULL,'2015-06-11 07:24:19');

/*Table structure for table `task_status` */

DROP TABLE IF EXISTS `task_status`;

CREATE TABLE `task_status` (
  `task_status_id` int(11) NOT NULL AUTO_INCREMENT,
  `status_code` varchar(15) DEFAULT NULL,
  `status_name` varchar(15) DEFAULT NULL,
  `status_description` varchar(45) DEFAULT NULL,
  PRIMARY KEY (`task_status_id`)
) ENGINE=InnoDB AUTO_INCREMENT=5 DEFAULT CHARSET=latin1;

/*Data for the table `task_status` */

insert  into `task_status`(`task_status_id`,`status_code`,`status_name`,`status_description`) values (1,'ACTIVE','Active','Active Status'),(2,'ONGOING','Ongoing','Ongoing Status'),(3,'COMPLETED','Completed','Completed Status'),(4,'PENDING','Pending','Pending Status');

/*Table structure for table `time_card` */

DROP TABLE IF EXISTS `time_card`;

CREATE TABLE `time_card` (
  `id` int(11) NOT NULL AUTO_INCREMENT,
  `added_date` datetime NOT NULL,
  `modified_date` datetime DEFAULT NULL,
  `time_in` datetime NOT NULL,
  `time_out` datetime NOT NULL,
  `added_by` int(11) NOT NULL,
  `field_worker_id` int(11) NOT NULL,
  `modified_by` int(11) DEFAULT NULL,
  `project_task_id` int(11) NOT NULL,
  PRIMARY KEY (`id`),
  KEY `FK_jc3c9yj4vutludvmc4g6ykmdy` (`added_by`),
  KEY `FK_mw9x22mr9hwc00tqck0k10s8i` (`field_worker_id`),
  KEY `FK_m1rs638fywmo3ut861ipf713u` (`modified_by`),
  KEY `FK_dqqdcq3661trg2mbi0t56ffym` (`project_task_id`),
  CONSTRAINT `FK_dqqdcq3661trg2mbi0t56ffym` FOREIGN KEY (`project_task_id`) REFERENCES `project_task` (`project_task_id`),
  CONSTRAINT `FK_jc3c9yj4vutludvmc4g6ykmdy` FOREIGN KEY (`added_by`) REFERENCES `user` (`user_id`),
  CONSTRAINT `FK_m1rs638fywmo3ut861ipf713u` FOREIGN KEY (`modified_by`) REFERENCES `user` (`user_id`),
  CONSTRAINT `FK_mw9x22mr9hwc00tqck0k10s8i` FOREIGN KEY (`field_worker_id`) REFERENCES `field_worker` (`id`)
) ENGINE=InnoDB DEFAULT CHARSET=latin1;

/*Data for the table `time_card` */

/*Table structure for table `user` */

DROP TABLE IF EXISTS `user`;

CREATE TABLE `user` (
  `user_id` int(11) NOT NULL AUTO_INCREMENT,
  `user_name` varchar(50) DEFAULT NULL,
  `user_type_id` int(11) DEFAULT NULL,
  `password` text NOT NULL,
  `salt` text NOT NULL,
  `user_status` varchar(1) DEFAULT '0',
  `discipline` bigint(20) NOT NULL,
  `number_of_login` int(11) DEFAULT NULL,
  `modified_date` datetime DEFAULT NULL,
  `account_status` varchar(45) DEFAULT NULL,
  PRIMARY KEY (`user_id`),
  UNIQUE KEY `user_name_UNIQUE` (`user_name`),
  UNIQUE KEY `UK_lqjrcobrh9jc8wpcar64q1bfh` (`user_name`),
  KEY `fk_user_type_id_idx` (`user_type_id`),
  CONSTRAINT `fk_user_type_id` FOREIGN KEY (`user_type_id`) REFERENCES `user_type` (`user_type_id`) ON DELETE NO ACTION ON UPDATE NO ACTION
) ENGINE=InnoDB AUTO_INCREMENT=32 DEFAULT CHARSET=utf32;

/*Data for the table `user` */

insert  into `user`(`user_id`,`user_name`,`user_type_id`,`password`,`salt`,`user_status`,`discipline`,`number_of_login`,`modified_date`,`account_status`) values (1,'sanjeev',1,'6985100076734889696884510487703784506283987032654085698965072647673440244733318949135535660709518102676376586750551229572132175259554869201511778705155270','62249693641032759913716287137561156746752671828656674051366265712056798456644207478076905749691276498065400198845259672176212717989470906284095601846366897104911858816776975760866270014051023992186702622773557871435549271438937976187315268535491988568179447691222423203327922924905197635365401894452464545858','1',1,1,'2014-11-05 02:30:40','ACTIVE'),(2,'santosh',1,'3976556087694546684590932673124260062622748741063087042593172515254965647020344356230996008433631147091676538828875371828763055482129514704626859696565629','14897825725962831904198576102351546285614934059579729959794998153572959826481752705765358978880162921778823761259222094976482776965634782079139500231864020098143004530965161676541836014244146334192690950256555044502957969297257316592818438013834681517099893926078409521193316831678410923455914752211415184162','1',2,1,'2015-06-06 17:45:28','ACCT_NEW'),(3,'santosh01',1,'10083866963943794833912152490996531198068597568651421423435065304451643312704394016403046101585838863415961548932566877055387886202052290603520065104132140','82369540597605801104044887808893061471362973717512004052242840981630326361009065619849069708942941414023321586374425078978245694806348048361416658148440889147082091283537534082754237781068068798730446833571654225981767686024531050787555742131155975980228554567247278262797016868826909951528755539005222457101','1',1,1,'2015-06-10 14:16:18','ACTIVE'),(4,'admin',1,'9157253440439732992286678881388051511319421799886488460084686622443346260654300259305129140567140832635484380654502842088258068861091350422176726175116369','10237816792557008089733389790954793329559550202980724777184575774574867790779382057295758047687891279983939037754855513706490766738042237707305129868040536986227570416733724292464942312591718402289758930148282993925077468769480325430549511318012340803044209433771511839940920295583277246720838854701050672319','1',1,1,'2015-06-10 16:57:21','ACTIVE'),(5,'ashish',1,'11225060750355238710016959938683304896437225561946554760391431776843835494319757090284661621974386862655760143612508941160884195591490970231401438895596548','22330316935041444534239693135782720230242099374081461193335791878833910553641369421461434291706843548087775531600291285311732236862758998895870751192906907660421296805058852355505079907220519543426581492284095170532128700172387692289058203763457316852644406299193242120934230298614850699917504607759332911015','1',1,1,'2015-06-10 19:38:30','ACTIVE'),(6,'niran',1,'6448419298331393343071323647569144767857964771154220766984141912370516439333689142301187660634036835120141726984250903280106893940575149638244524471554604','65328061575376625382323863295779662165628119351936945409285695475143474245406574870465648353014543546639801853302867113242259173918637729005861625424828911881688298146646743003633111358146330968843614200199858728689746833276004705864197320483459051881805385530285264998736409200495158062708023328150069046637','1',2,1,'2015-06-10 19:50:36','ACTIVE'),(7,'amar',1,'12354563744601971853721689338311970385968791832194396096698435830795650590308040764542734642136610792033694939964932104400327057497442807157825297396590810','45112783190299517220888234606469892617754963899123349615317960957347991557650951525345908985871293850242873655228298610902947364711476464682896426395923689912903992339879004624635844817971108362329397857873713610305435799797808393386604530620564906162346672397652770673052176422423878177572238243322471936743','1',4,1,'2015-06-10 19:54:24','ACTIVE'),(8,'sanjay',1,'8054315547120190444322953581666298221186051627170265111614546057863125468930244788145310711700164417313903615467916505750146744438200616050394731120943289','76156969445076760048018179748780055876914384483402342664957596445391825423932667909358668432536751549188263000769770649291455383921076890511410495738283337393210324283275514082965351654953271655223750543544293171767671862714432068555504482714694237197498638869561361557687735336432061465615867440971417857116','1',1,1,'2015-06-10 21:07:48','ACTIVE'),(10,'santosh234',1,'5042321175997360310946082174689810596279940657955824676565751096655395826011283363520862303330538875971813288712732485697837370799402379032756365363459066','59935493649033684061096013975179766200595013341003402113573579254804154706094484961582938459199485812955927469367318306321639934518423929491873234740985779029821974954178350348985342521679285374093035245737491973721116471211971904683119048819831661374847366233879924540199124636041651613738281738218239026729','1',2,1,'2015-06-20 22:31:55','ACTIVE'),(11,'santosh345',1,'5728911569359764241903336716131931101015636680556785999950822133483267792981751523161557247138895115019737504761030733287827950373846192442152033969910320','62278156518988827137468341765328924900831192674787973339485884347876604616285060217290040514327261002747885779239533635116033688258596493805478774644775418276253381191735886555750093275549903906894570122190021666809425746969071211045447119085001115774817379641491024630365618631471144710727779716605204886667','1',2,1,'2015-06-21 10:02:44','ACTIVE'),(12,'santosh789',1,'11353313521595609042675268400681859263670543781206022798044290750454798955741320164602026165005321630204822121593229711759165328614022901571347089038002044','23149238790997044668496895351085939706608426570635032438906986131797899160614780841471527973311481505386786910805229013143420653902715670813244390414853201234115237542847964402108050606584374088131870786731010760276698378559373785620587278843621983622780636041379011804090555964429041396417033991574571417996','1',3,1,'2015-06-21 10:08:22','ACTIVE'),(13,'santosh1234',1,'13115052749850394321214476587503480971233507203644763859979236154109118966458084465613566431600524476325081369173493461598305838649516871313728879633516055','36724380033101649262834498015078670521458993308445722840025844535846060611337813581677357324860363629094243685984942287348621233174404008515612400628492599777167776482463635347598673376574822374873626626788092936216302017638630787259372522206661047965961639963925227021969119105041760607812578030444844744081','1',2,1,'2015-06-21 17:33:17','ACTIVE'),(15,'santoshabc',1,'11163850178961400666246035409329764767814085951704583425037855194686374525647301453944742881751788714003568823782251743871281974297757733693323728188055114','65288078311216081090046299328406631284064739494316387679078371489319142343900315064333969277060732242380718547662565704854543869953417759565697594466062212248060726506792630729276000455923374559786570471794642424230390982437804327768349527436300793431854581017539898465367530770788618114343732620452388697902','1',1,1,'2015-06-21 20:39:44','ACTIVE'),(27,'santosh121',1,'1209648391348640836645328878121843421244975239662488671478302959038639628051071893676971862609440995957899758624282775703060834904582925328233423683556822','87171163391493626877534342866655821665480810431960723846366993732315162517763898301106895549432474338577473954552062818754849445868130238900937820535959162675985165150853993801937524993396633068080297171550628389756261116725465019658772551086752349894641536589334668235633507844501053783313308570657629213094','1',1,1,'2015-06-23 01:15:15','ACTIVE'),(28,'sanjeevghimire',1,'12600018016917270202264740062731327284133580766495155867245352933824219652251149369655733056676054808757991703770302110687565080704450311284779519422139209','51618412541685271664291905673060610711698513181513448685851959792514513315491776306973592103989030713541033466726964386405461791966734312168667341470966273190271087454096438034840861862870848854317149189212091981063019593921524908697056098193176074850018111751331840115098922185753799008956638025903440808512','1',1,1,'2015-06-23 01:24:28','ACTIVE'),(29,'santosh212',1,'10056530228220277443746080208973182027796779265188955368070933787471020883209145664867066076683968254118357450526790313472378709236884068574325603946310831','81521715626911610866559766192898823016972725653156604288743067785813126801715004052822222797892128500493582641180155480081574283030217054786972454408789072304293258729064916175204936281247615857443142696997440187198419272714422244597500222942268423479282150243985370348639570769847075772200751552532762499223','1',5,1,'2015-06-23 09:00:45','ACTIVE'),(30,'santosh213',1,'8537441185269877145387222743878426436966611624734423282535830032611271106425535986937745361467331199756966118296665768168503231573451391730999649503694921','1435217270876046481087814629147974083963512659301597496326511053008615735479214557657307148957493532108984534359658373576180191063331708778508156748398639213023258899334645218638052707201462589454156065661538723047799623527348549488522307971262042263245955094639965707370237426206530708639256675027355067898','1',3,1,'2015-06-23 20:07:30','ACTIVE'),(31,'sanjeev421',1,'7533161482598149111771337141189174023340739643972662531559124300616237479889670716493444183227035390036276569808851522714623946214848828338486735159747027','58426055915788656199185903724198166838492941963509063917216001939312837400923456227952140468468665893292703285461472371920951692984364834699359436256558300313813537862522177122209626235081631768419842346004548167744801552308432376358583436181799279506302190433007277234229539965615430884358903938552136805979','1',4,1,'2015-06-23 20:16:38','ACTIVE');

/*Table structure for table `user_groups` */

DROP TABLE IF EXISTS `user_groups`;

CREATE TABLE `user_groups` (
  `user_group_id` int(11) NOT NULL AUTO_INCREMENT,
  `user_group_name` varchar(255) NOT NULL,
  `created_date` datetime NOT NULL,
  `created_by` int(11) NOT NULL,
  `modified_date` datetime NOT NULL,
  `modified_by` int(11) NOT NULL,
  `delete_flag` tinyint(4) NOT NULL,
  `deleted_date` datetime NOT NULL,
  `deleted_by` int(11) NOT NULL,
  PRIMARY KEY (`user_group_id`)
) ENGINE=InnoDB DEFAULT CHARSET=utf8;

/*Data for the table `user_groups` */

/*Table structure for table `user_notification` */

DROP TABLE IF EXISTS `user_notification`;

CREATE TABLE `user_notification` (
  `id` bigint(20) NOT NULL AUTO_INCREMENT,
  `last_seen_at` datetime DEFAULT NULL,
  `status` varchar(4) DEFAULT NULL,
  `text` text,
  `ts_insert` datetime NOT NULL,
  `user_id` int(11) NOT NULL,
  PRIMARY KEY (`id`),
  KEY `FK_hrv2lmyjlt3ken6hk2f4sg1e` (`user_id`),
  CONSTRAINT `FK_hrv2lmyjlt3ken6hk2f4sg1e` FOREIGN KEY (`user_id`) REFERENCES `user` (`user_id`)
) ENGINE=InnoDB AUTO_INCREMENT=1132 DEFAULT CHARSET=latin1;

/*Data for the table `user_notification` */

insert  into `user_notification`(`id`,`last_seen_at`,`status`,`text`,`ts_insert`,`user_id`) values (1,NULL,'NEW','Notification1','2015-04-05 21:25:07',1),(3,NULL,'NEW','Notification2','2015-04-05 21:25:22',1),(5,NULL,'NEW','project 6 updated by 1','2015-04-05 21:34:15',1),(6,NULL,'NEW','project 7 updated by 1','2015-04-05 21:34:15',1),(9,NULL,'NEW','project 1 updated by 1','2015-04-05 21:55:13',1),(10,NULL,'NEW','Activity new project231 added by sanjeev@ontargetcloud.com','2015-04-10 20:56:26',1),(11,NULL,'NEW','Activity new project1231 added by sanjeev@ontargetcloud.com','2015-04-10 21:00:57',1),(12,NULL,'NEW','New project 19  updated by sanjeev@ontargetcloud.com','2015-04-11 01:12:41',1),(13,NULL,'NEW','Activity new project1231 added by sanjeev@ontargetcloud.com','2015-04-11 07:42:28',1),(14,NULL,'NEW','New task task134 added by sanjeev@ontargetcloud.com','2015-04-11 08:21:38',1),(15,NULL,'NEW','New task task1 added by sanjeev@ontargetcloud.com','2015-04-11 11:17:00',1),(16,'2015-04-12 19:44:21','SEEN','Task of id 10 updated by sanjeev@ontargetcloud.com','2015-04-11 13:27:10',1),(17,NULL,'NEW','Activity proj5 added by sanjeev@ontargetcloud.com','2015-04-11 22:04:49',1),(18,NULL,'NEW','Activity project name added by sanjeev@ontargetcloud.com','2015-04-15 20:49:18',1),(19,NULL,'NEW','Activity project name added by sanjeev@ontargetcloud.com','2015-04-15 21:44:43',1),(20,NULL,'NEW','Activity with id 21  updated by sanjeev@ontargetcloud.com','2015-04-15 21:44:52',1),(21,NULL,'NEW','Activity with id 21  updated by sanjeev@ontargetcloud.com','2015-04-15 21:46:09',1),(22,NULL,'NEW','Activity with id 21  updated by sanjeev@ontargetcloud.com','2015-04-15 21:46:57',1),(23,NULL,'NEW','Activity with id 21  updated by sanjeev@ontargetcloud.com','2015-04-15 21:47:37',1),(24,NULL,'NEW','Activity with id 20  updated by sanjeev@ontargetcloud.com','2015-04-15 21:50:00',1),(25,NULL,'NEW','Task of id 11 updated by sanjeev@ontargetcloud.com','2015-04-15 23:07:56',1),(26,NULL,'NEW','Task of id 11 updated by sanjeev@ontargetcloud.com','2015-04-15 23:08:22',1),(27,NULL,'NEW','Activity with id 15  updated by sanjeev@ontargetcloud.com','2015-04-15 23:13:13',1),(28,NULL,'NEW','Activity with id 14  updated by sanjeev@ontargetcloud.com','2015-04-15 23:14:00',1),(29,NULL,'NEW','New task task1 added by sanjeev@ontargetcloud.com','2015-04-15 23:59:11',1),(30,NULL,'NEW',NULL,'2015-04-15 23:59:42',1),(31,NULL,'NEW','New task task1 added by sanjeev@ontargetcloud.com','2015-04-16 00:00:08',1),(32,NULL,'NEW',NULL,'2015-04-16 00:04:44',1),(33,NULL,'NEW','New task task1 added by sanjeev@ontargetcloud.com','2015-04-16 00:04:45',1),(34,NULL,'NEW','Activity with id 21  updated by sanjeev@ontargetcloud.com','2015-04-16 20:19:19',1),(35,NULL,'NEW','Activity project name added by sanjeev@ontargetcloud.com','2015-04-16 20:19:19',1),(36,NULL,'NEW','Activity with id 21  updated by sanjeev@ontargetcloud.com','2015-04-16 20:19:59',1),(37,NULL,'NEW','New task task1 added by sanjeev@ontargetcloud.com','2015-04-16 20:21:32',1),(38,NULL,'NEW',NULL,'2015-04-16 20:21:36',1),(39,NULL,'NEW','New task task1 added by sanjeev@ontargetcloud.com','2015-04-16 21:11:56',1),(40,NULL,'NEW',NULL,'2015-04-16 21:12:00',1),(41,NULL,'NEW',NULL,'2015-04-16 21:12:48',1),(42,NULL,'NEW','New task task1 added by sanjeev@ontargetcloud.com','2015-04-16 21:12:50',1),(43,NULL,'NEW','Activity project name added by sanjeev@ontargetcloud.com','2015-04-16 21:14:39',1),(44,NULL,'NEW','Activity project name added by sanjeev@ontargetcloud.com','2015-04-16 22:13:50',1),(45,NULL,'NEW','New task task1 added by sanjeev@ontargetcloud.com','2015-04-16 22:15:48',1),(46,NULL,'NEW','Task of id 18 updated by sanjeev@ontargetcloud.com','2015-04-17 18:57:10',1),(47,NULL,'NEW','Comment this is test comment added on task task12','2015-04-17 18:58:14',1),(48,NULL,'NEW','Comment this is test comment2 added on task task12','2015-04-17 18:59:13',1),(49,NULL,'NEW','Activity activity1 added by sanjeev@ontargetcloud.com','2015-04-18 12:22:45',1),(50,NULL,'NEW','New task task1 added by sanjeev@ontargetcloud.com','2015-04-18 12:22:45',1),(51,NULL,'NEW','New task task2 added by sanjeev@ontargetcloud.com','2015-04-18 12:22:45',1),(52,NULL,'NEW','Activity activity3 added by sanjeev@ontargetcloud.com','2015-04-18 12:22:45',1),(53,NULL,'NEW','New task task3 added by sanjeev@ontargetcloud.com','2015-04-18 12:22:45',1),(54,NULL,'NEW','Activity activity4 added by sanjeev@ontargetcloud.com','2015-04-18 12:22:45',1),(55,NULL,'NEW','New task task4 added by sanjeev@ontargetcloud.com','2015-04-18 12:22:45',1),(56,NULL,'NEW','Activity activity1 added by sanjeev@ontargetcloud.com','2015-04-18 13:23:24',1),(57,NULL,'NEW','New task task1 added by sanjeev@ontargetcloud.com','2015-04-18 13:23:24',1),(58,NULL,'NEW','New task task2 added by sanjeev@ontargetcloud.com','2015-04-18 13:23:24',1),(59,NULL,'NEW','Activity activity3 added by sanjeev@ontargetcloud.com','2015-04-18 13:23:24',1),(60,NULL,'NEW','New task task3 added by sanjeev@ontargetcloud.com','2015-04-18 13:23:24',1),(61,NULL,'NEW','Activity activity4 added by sanjeev@ontargetcloud.com','2015-04-18 13:23:24',1),(62,NULL,'NEW','New task task4 added by sanjeev@ontargetcloud.com','2015-04-18 13:23:24',1),(63,NULL,'NEW','Activity activity1 added by sanjeev@ontargetcloud.com','2015-04-18 13:24:23',1),(64,NULL,'NEW','New task task2 added by sanjeev@ontargetcloud.com','2015-04-18 13:24:23',1),(65,NULL,'NEW','Activity activity3 added by sanjeev@ontargetcloud.com','2015-04-18 13:24:23',1),(66,NULL,'NEW','New task task3 added by sanjeev@ontargetcloud.com','2015-04-18 13:24:23',1),(67,NULL,'NEW','Activity activity4 added by sanjeev@ontargetcloud.com','2015-04-18 13:24:23',1),(68,NULL,'NEW','New task task4 added by sanjeev@ontargetcloud.com','2015-04-18 13:24:23',1),(85,NULL,'NEW','Activity activity1 added by sanjeev@ontargetcloud.com','2015-04-18 16:16:34',1),(86,NULL,'NEW','New task task1 added by sanjeev@ontargetcloud.com','2015-04-18 16:16:34',1),(87,NULL,'NEW','New planned cost added for task task1','2015-04-18 16:16:34',1),(88,NULL,'NEW','New planned cost added for task task1','2015-04-18 16:16:34',1),(89,NULL,'NEW','Activity activity1 added by sanjeev@ontargetcloud.com','2015-04-18 16:39:12',1),(90,NULL,'NEW','New task task1 added by sanjeev@ontargetcloud.com','2015-04-18 16:39:12',1),(91,NULL,'NEW','New planned cost added for task task1','2015-04-18 16:39:12',1),(92,NULL,'NEW','New planned cost added for task task1','2015-04-18 16:39:12',1),(93,NULL,'NEW','New task task2 added by sanjeev@ontargetcloud.com','2015-04-18 16:39:13',1),(94,NULL,'NEW','New planned cost added for task task2','2015-04-18 16:39:13',1),(95,NULL,'NEW','New planned cost added for task task2','2015-04-18 16:39:13',1),(96,NULL,'NEW','Activity activity3 added by sanjeev@ontargetcloud.com','2015-04-18 16:39:13',1),(97,NULL,'NEW','New task task3 added by sanjeev@ontargetcloud.com','2015-04-18 16:39:13',1),(98,NULL,'NEW','New planned cost added for task task3','2015-04-18 16:39:13',1),(99,NULL,'NEW','New planned cost added for task task3','2015-04-18 16:39:13',1),(100,NULL,'NEW','Activity activity4 added by sanjeev@ontargetcloud.com','2015-04-18 16:39:13',1),(101,NULL,'NEW','New task task4 added by sanjeev@ontargetcloud.com','2015-04-18 16:39:13',1),(102,NULL,'NEW','New planned cost added for task task4','2015-04-18 16:39:13',1),(103,NULL,'NEW','New planned cost added for task task4','2015-04-18 16:39:13',1),(104,NULL,'NEW','Activity activity5 added by sanjeev@ontargetcloud.com','2015-04-18 16:39:13',1),(105,NULL,'NEW','New task task5 added by sanjeev@ontargetcloud.com','2015-04-18 16:39:13',1),(106,NULL,'NEW','New planned cost added for task task5','2015-04-18 16:39:13',1),(107,NULL,'NEW','New planned cost added for task task5','2015-04-18 16:39:13',1),(108,NULL,'NEW','Activity activity6 added by sanjeev@ontargetcloud.com','2015-04-18 16:39:13',1),(109,NULL,'NEW','New task task6 added by sanjeev@ontargetcloud.com','2015-04-18 16:39:13',1),(110,NULL,'NEW','New planned cost added for task task6','2015-04-18 16:39:13',1),(111,NULL,'NEW','New planned cost added for task task6','2015-04-18 16:39:13',1),(112,NULL,'NEW','Activity activity7 added by sanjeev@ontargetcloud.com','2015-04-18 16:39:13',1),(113,NULL,'NEW','New task task7 added by sanjeev@ontargetcloud.com','2015-04-18 16:39:13',1),(114,NULL,'NEW','New planned cost added for task task7','2015-04-18 16:39:14',1),(115,NULL,'NEW','New planned cost added for task task7','2015-04-18 16:39:14',1),(116,NULL,'NEW','Activity activity8 added by sanjeev@ontargetcloud.com','2015-04-18 16:39:14',1),(117,NULL,'NEW','New task task8 added by sanjeev@ontargetcloud.com','2015-04-18 16:39:14',1),(118,NULL,'NEW','New planned cost added for task task8','2015-04-18 16:39:14',1),(119,NULL,'NEW','New planned cost added for task task8','2015-04-18 16:39:14',1),(120,NULL,'NEW','Activity activity9 added by sanjeev@ontargetcloud.com','2015-04-18 16:39:14',1),(121,NULL,'NEW','New task task9 added by sanjeev@ontargetcloud.com','2015-04-18 16:39:14',1),(122,NULL,'NEW','New planned cost added for task task9','2015-04-18 16:39:14',1),(123,NULL,'NEW','New planned cost added for task task9','2015-04-18 16:39:14',1),(124,NULL,'NEW','Activity activity10 added by sanjeev@ontargetcloud.com','2015-04-18 16:39:14',1),(125,NULL,'NEW','New task task10 added by sanjeev@ontargetcloud.com','2015-04-18 16:39:14',1),(126,NULL,'NEW','New planned cost added for task task10','2015-04-18 16:39:14',1),(127,NULL,'NEW','New planned cost added for task task10','2015-04-18 16:39:14',1),(128,NULL,'NEW','Activity activity11 added by sanjeev@ontargetcloud.com','2015-04-18 16:39:14',1),(129,NULL,'NEW','New task task11 added by sanjeev@ontargetcloud.com','2015-04-18 16:39:14',1),(130,NULL,'NEW','New planned cost added for task task11','2015-04-18 16:39:14',1),(131,NULL,'NEW','New planned cost added for task task11','2015-04-18 16:39:14',1),(132,NULL,'NEW','Activity activity12 added by sanjeev@ontargetcloud.com','2015-04-18 16:39:15',1),(133,NULL,'NEW','New task task12 added by sanjeev@ontargetcloud.com','2015-04-18 16:39:15',1),(134,NULL,'NEW','New planned cost added for task task12','2015-04-18 16:39:15',1),(135,NULL,'NEW','New planned cost added for task task12','2015-04-18 16:39:15',1),(136,NULL,'NEW','Activity activity13 added by sanjeev@ontargetcloud.com','2015-04-18 16:39:15',1),(137,NULL,'NEW','New task task13 added by sanjeev@ontargetcloud.com','2015-04-18 16:39:15',1),(138,NULL,'NEW','New planned cost added for task task13','2015-04-18 16:39:15',1),(139,NULL,'NEW','New planned cost added for task task13','2015-04-18 16:39:15',1),(140,NULL,'NEW','Activity activity14 added by sanjeev@ontargetcloud.com','2015-04-18 16:39:15',1),(141,NULL,'NEW','New task task14 added by sanjeev@ontargetcloud.com','2015-04-18 16:39:15',1),(142,NULL,'NEW','New planned cost added for task task14','2015-04-18 16:39:15',1),(143,NULL,'NEW','New planned cost added for task task14','2015-04-18 16:39:15',1),(144,NULL,'NEW','Activity activity15 added by sanjeev@ontargetcloud.com','2015-04-18 16:39:15',1),(145,NULL,'NEW','New task task15 added by sanjeev@ontargetcloud.com','2015-04-18 16:39:15',1),(146,NULL,'NEW','New planned cost added for task task15','2015-04-18 16:39:15',1),(147,NULL,'NEW','New planned cost added for task task15','2015-04-18 16:39:15',1),(148,NULL,'NEW','Activity activity16 added by sanjeev@ontargetcloud.com','2015-04-18 16:39:15',1),(149,NULL,'NEW','New task task16 added by sanjeev@ontargetcloud.com','2015-04-18 16:39:15',1),(150,NULL,'NEW','New planned cost added for task task16','2015-04-18 16:39:15',1),(151,NULL,'NEW','New planned cost added for task task16','2015-04-18 16:39:15',1),(152,NULL,'NEW','Activity activity17 added by sanjeev@ontargetcloud.com','2015-04-18 16:39:15',1),(153,NULL,'NEW','New task task17 added by sanjeev@ontargetcloud.com','2015-04-18 16:39:15',1),(154,NULL,'NEW','New planned cost added for task task17','2015-04-18 16:39:15',1),(155,NULL,'NEW','New planned cost added for task task17','2015-04-18 16:39:15',1),(156,NULL,'NEW','Activity activity18 added by sanjeev@ontargetcloud.com','2015-04-18 16:39:16',1),(157,NULL,'NEW','New task task18 added by sanjeev@ontargetcloud.com','2015-04-18 16:39:16',1),(158,NULL,'NEW','New planned cost added for task task18','2015-04-18 16:39:16',1),(159,NULL,'NEW','New planned cost added for task task18','2015-04-18 16:39:16',1),(160,NULL,'NEW','Activity activity19 added by sanjeev@ontargetcloud.com','2015-04-18 16:39:16',1),(161,NULL,'NEW','New task task19 added by sanjeev@ontargetcloud.com','2015-04-18 16:39:16',1),(162,NULL,'NEW','New planned cost added for task task19','2015-04-18 16:39:16',1),(163,NULL,'NEW','New planned cost added for task task19','2015-04-18 16:39:16',1),(164,NULL,'NEW','Activity activity20 added by sanjeev@ontargetcloud.com','2015-04-18 16:39:16',1),(165,NULL,'NEW','New task task20 added by sanjeev@ontargetcloud.com','2015-04-18 16:39:16',1),(166,NULL,'NEW','New planned cost added for task task20','2015-04-18 16:39:16',1),(167,NULL,'NEW','New planned cost added for task task20','2015-04-18 16:39:16',1),(168,NULL,'NEW','Activity activity21 added by sanjeev@ontargetcloud.com','2015-04-18 16:39:16',1),(169,NULL,'NEW','New task task21 added by sanjeev@ontargetcloud.com','2015-04-18 16:39:16',1),(170,NULL,'NEW','New planned cost added for task task21','2015-04-18 16:39:16',1),(171,NULL,'NEW','New planned cost added for task task21','2015-04-18 16:39:16',1),(172,NULL,'NEW','Activity activity22 added by sanjeev@ontargetcloud.com','2015-04-18 16:39:16',1),(173,NULL,'NEW','New task task22 added by sanjeev@ontargetcloud.com','2015-04-18 16:39:16',1),(174,NULL,'NEW','New planned cost added for task task22','2015-04-18 16:39:17',1),(175,NULL,'NEW','New planned cost added for task task22','2015-04-18 16:39:17',1),(176,NULL,'NEW','Activity activity23 added by sanjeev@ontargetcloud.com','2015-04-18 16:39:17',1),(177,NULL,'NEW','New task task23 added by sanjeev@ontargetcloud.com','2015-04-18 16:39:17',1),(178,NULL,'NEW','New planned cost added for task task23','2015-04-18 16:39:17',1),(179,NULL,'NEW','New planned cost added for task task23','2015-04-18 16:39:17',1),(180,NULL,'NEW','Activity activity24 added by sanjeev@ontargetcloud.com','2015-04-18 16:39:17',1),(181,NULL,'NEW','New task task24 added by sanjeev@ontargetcloud.com','2015-04-18 16:39:17',1),(182,NULL,'NEW','New planned cost added for task task24','2015-04-18 16:39:17',1),(183,NULL,'NEW','New planned cost added for task task24','2015-04-18 16:39:17',1),(184,NULL,'NEW','Activity activity25 added by sanjeev@ontargetcloud.com','2015-04-18 16:39:17',1),(185,NULL,'NEW','New task task25 added by sanjeev@ontargetcloud.com','2015-04-18 16:39:17',1),(186,NULL,'NEW','New planned cost added for task task25','2015-04-18 16:39:17',1),(187,NULL,'NEW','New planned cost added for task task25','2015-04-18 16:39:17',1),(188,NULL,'NEW','Activity activity26 added by sanjeev@ontargetcloud.com','2015-04-18 16:39:17',1),(189,NULL,'NEW','New task task26 added by sanjeev@ontargetcloud.com','2015-04-18 16:39:17',1),(190,NULL,'NEW','New planned cost added for task task26','2015-04-18 16:39:17',1),(191,NULL,'NEW','New planned cost added for task task26','2015-04-18 16:39:17',1),(192,NULL,'NEW','Activity activity27 added by sanjeev@ontargetcloud.com','2015-04-18 16:39:17',1),(193,NULL,'NEW','New task task27 added by sanjeev@ontargetcloud.com','2015-04-18 16:39:18',1),(194,NULL,'NEW','New planned cost added for task task27','2015-04-18 16:39:18',1),(195,NULL,'NEW','New planned cost added for task task27','2015-04-18 16:39:18',1),(196,NULL,'NEW','Activity activity28 added by sanjeev@ontargetcloud.com','2015-04-18 16:39:18',1),(197,NULL,'NEW','New task task28 added by sanjeev@ontargetcloud.com','2015-04-18 16:39:18',1),(198,NULL,'NEW','New planned cost added for task task28','2015-04-18 16:39:18',1),(199,NULL,'NEW','New planned cost added for task task28','2015-04-18 16:39:18',1),(200,NULL,'NEW','Activity activity29 added by sanjeev@ontargetcloud.com','2015-04-18 16:39:18',1),(201,NULL,'NEW','New task task29 added by sanjeev@ontargetcloud.com','2015-04-18 16:39:18',1),(202,NULL,'NEW','New planned cost added for task task29','2015-04-18 16:39:18',1),(203,NULL,'NEW','New planned cost added for task task29','2015-04-18 16:39:18',1),(204,NULL,'NEW','Activity activity30 added by sanjeev@ontargetcloud.com','2015-04-18 16:39:18',1),(205,NULL,'NEW','New task task30 added by sanjeev@ontargetcloud.com','2015-04-18 16:39:18',1),(206,NULL,'NEW','New planned cost added for task task30','2015-04-18 16:39:18',1),(207,NULL,'NEW','New planned cost added for task task30','2015-04-18 16:39:18',1),(208,NULL,'NEW','Activity activity31 added by sanjeev@ontargetcloud.com','2015-04-18 16:39:18',1),(209,NULL,'NEW','New task task31 added by sanjeev@ontargetcloud.com','2015-04-18 16:39:18',1),(210,NULL,'NEW','New planned cost added for task task31','2015-04-18 16:39:18',1),(211,NULL,'NEW','New planned cost added for task task31','2015-04-18 16:39:18',1),(212,NULL,'NEW','Activity activity32 added by sanjeev@ontargetcloud.com','2015-04-18 16:39:18',1),(213,NULL,'NEW','New task task32 added by sanjeev@ontargetcloud.com','2015-04-18 16:39:18',1),(214,NULL,'NEW','New planned cost added for task task32','2015-04-18 16:39:18',1),(215,NULL,'NEW','New planned cost added for task task32','2015-04-18 16:39:18',1),(216,NULL,'NEW','Activity activity33 added by sanjeev@ontargetcloud.com','2015-04-18 16:39:19',1),(217,NULL,'NEW','New task task33 added by sanjeev@ontargetcloud.com','2015-04-18 16:39:19',1),(218,NULL,'NEW','New planned cost added for task task33','2015-04-18 16:39:19',1),(219,NULL,'NEW','New planned cost added for task task33','2015-04-18 16:39:19',1),(220,NULL,'NEW','Activity activity34 added by sanjeev@ontargetcloud.com','2015-04-18 16:39:19',1),(221,NULL,'NEW','New task task34 added by sanjeev@ontargetcloud.com','2015-04-18 16:39:19',1),(222,NULL,'NEW','New planned cost added for task task34','2015-04-18 16:39:19',1),(223,NULL,'NEW','New planned cost added for task task34','2015-04-18 16:39:19',1),(224,NULL,'NEW','Activity activity35 added by sanjeev@ontargetcloud.com','2015-04-18 16:39:19',1),(225,NULL,'NEW','New task task35 added by sanjeev@ontargetcloud.com','2015-04-18 16:39:19',1),(226,NULL,'NEW','New planned cost added for task task35','2015-04-18 16:39:19',1),(227,NULL,'NEW','New planned cost added for task task35','2015-04-18 16:39:19',1),(228,NULL,'NEW','Activity activity36 added by sanjeev@ontargetcloud.com','2015-04-18 16:39:19',1),(229,NULL,'NEW','New task task36 added by sanjeev@ontargetcloud.com','2015-04-18 16:39:19',1),(230,NULL,'NEW','New planned cost added for task task36','2015-04-18 16:39:19',1),(231,NULL,'NEW','New planned cost added for task task36','2015-04-18 16:39:19',1),(232,NULL,'NEW','Activity activity37 added by sanjeev@ontargetcloud.com','2015-04-18 16:39:19',1),(233,NULL,'NEW','New task task37 added by sanjeev@ontargetcloud.com','2015-04-18 16:39:19',1),(234,NULL,'NEW','New planned cost added for task task37','2015-04-18 16:39:19',1),(235,NULL,'NEW','New planned cost added for task task37','2015-04-18 16:39:19',1),(236,NULL,'NEW','Activity activity38 added by sanjeev@ontargetcloud.com','2015-04-18 16:39:19',1),(237,NULL,'NEW','New task task38 added by sanjeev@ontargetcloud.com','2015-04-18 16:39:19',1),(238,NULL,'NEW','New planned cost added for task task38','2015-04-18 16:39:19',1),(239,NULL,'NEW','New planned cost added for task task38','2015-04-18 16:39:19',1),(240,NULL,'NEW','Activity activity39 added by sanjeev@ontargetcloud.com','2015-04-18 16:39:19',1),(241,NULL,'NEW','New task task39 added by sanjeev@ontargetcloud.com','2015-04-18 16:39:19',1),(242,NULL,'NEW','New planned cost added for task task39','2015-04-18 16:39:19',1),(243,NULL,'NEW','New planned cost added for task task39','2015-04-18 16:39:19',1),(244,NULL,'NEW','Activity activity40 added by sanjeev@ontargetcloud.com','2015-04-18 16:39:19',1),(245,NULL,'NEW','New task task40 added by sanjeev@ontargetcloud.com','2015-04-18 16:39:19',1),(246,NULL,'NEW','New planned cost added for task task40','2015-04-18 16:39:19',1),(247,NULL,'NEW','New planned cost added for task task40','2015-04-18 16:39:19',1),(248,NULL,'NEW','Activity activity41 added by sanjeev@ontargetcloud.com','2015-04-18 16:39:20',1),(249,NULL,'NEW','New task task41 added by sanjeev@ontargetcloud.com','2015-04-18 16:39:20',1),(250,NULL,'NEW','New planned cost added for task task41','2015-04-18 16:39:20',1),(251,NULL,'NEW','New planned cost added for task task41','2015-04-18 16:39:20',1),(252,NULL,'NEW','Activity activity42 added by sanjeev@ontargetcloud.com','2015-04-18 16:39:20',1),(253,NULL,'NEW','New task task42 added by sanjeev@ontargetcloud.com','2015-04-18 16:39:20',1),(254,NULL,'NEW','New planned cost added for task task42','2015-04-18 16:39:20',1),(255,NULL,'NEW','New planned cost added for task task42','2015-04-18 16:39:20',1),(256,NULL,'NEW','Activity activity43 added by sanjeev@ontargetcloud.com','2015-04-18 16:39:20',1),(257,NULL,'NEW','New task task43 added by sanjeev@ontargetcloud.com','2015-04-18 16:39:20',1),(258,NULL,'NEW','New planned cost added for task task43','2015-04-18 16:39:20',1),(259,NULL,'NEW','New planned cost added for task task43','2015-04-18 16:39:20',1),(260,NULL,'NEW','Activity activity44 added by sanjeev@ontargetcloud.com','2015-04-18 16:39:20',1),(261,NULL,'NEW','New task task44 added by sanjeev@ontargetcloud.com','2015-04-18 16:39:20',1),(262,NULL,'NEW','New planned cost added for task task44','2015-04-18 16:39:20',1),(263,NULL,'NEW','New planned cost added for task task44','2015-04-18 16:39:20',1),(264,NULL,'NEW','Activity activity45 added by sanjeev@ontargetcloud.com','2015-04-18 16:39:20',1),(265,NULL,'NEW','New task task45 added by sanjeev@ontargetcloud.com','2015-04-18 16:39:20',1),(266,NULL,'NEW','New planned cost added for task task45','2015-04-18 16:39:20',1),(267,NULL,'NEW','New planned cost added for task task45','2015-04-18 16:39:20',1),(268,NULL,'NEW','Activity activity46 added by sanjeev@ontargetcloud.com','2015-04-18 16:39:20',1),(269,NULL,'NEW','New task task46 added by sanjeev@ontargetcloud.com','2015-04-18 16:39:20',1),(270,NULL,'NEW','New planned cost added for task task46','2015-04-18 16:39:20',1),(271,NULL,'NEW','New planned cost added for task task46','2015-04-18 16:39:20',1),(272,NULL,'NEW','Activity activity47 added by sanjeev@ontargetcloud.com','2015-04-18 16:39:20',1),(273,NULL,'NEW','New task task47 added by sanjeev@ontargetcloud.com','2015-04-18 16:39:20',1),(274,NULL,'NEW','New planned cost added for task task47','2015-04-18 16:39:20',1),(275,NULL,'NEW','New planned cost added for task task47','2015-04-18 16:39:20',1),(276,NULL,'NEW','Activity activity48 added by sanjeev@ontargetcloud.com','2015-04-18 16:39:20',1),(277,NULL,'NEW','New task task48 added by sanjeev@ontargetcloud.com','2015-04-18 16:39:20',1),(278,NULL,'NEW','New planned cost added for task task48','2015-04-18 16:39:20',1),(279,NULL,'NEW','New planned cost added for task task48','2015-04-18 16:39:20',1),(280,NULL,'NEW','Activity activity49 added by sanjeev@ontargetcloud.com','2015-04-18 16:39:20',1),(281,NULL,'NEW','New task task49 added by sanjeev@ontargetcloud.com','2015-04-18 16:39:20',1),(282,NULL,'NEW','New planned cost added for task task49','2015-04-18 16:39:21',1),(283,NULL,'NEW','New planned cost added for task task49','2015-04-18 16:39:21',1),(284,NULL,'NEW','Activity activity50 added by sanjeev@ontargetcloud.com','2015-04-18 16:39:21',1),(285,NULL,'NEW','New task task50 added by sanjeev@ontargetcloud.com','2015-04-18 16:39:21',1),(286,NULL,'NEW','New planned cost added for task task50','2015-04-18 16:39:21',1),(287,NULL,'NEW','New planned cost added for task task50','2015-04-18 16:39:21',1),(288,NULL,'NEW','Activity activity51 added by sanjeev@ontargetcloud.com','2015-04-18 16:39:21',1),(289,NULL,'NEW','New task task51 added by sanjeev@ontargetcloud.com','2015-04-18 16:39:21',1),(290,NULL,'NEW','New planned cost added for task task51','2015-04-18 16:39:21',1),(291,NULL,'NEW','New planned cost added for task task51','2015-04-18 16:39:21',1),(292,NULL,'NEW','Activity activity52 added by sanjeev@ontargetcloud.com','2015-04-18 16:39:21',1),(293,NULL,'NEW','New task task52 added by sanjeev@ontargetcloud.com','2015-04-18 16:39:21',1),(294,NULL,'NEW','New planned cost added for task task52','2015-04-18 16:39:21',1),(295,NULL,'NEW','New planned cost added for task task52','2015-04-18 16:39:21',1),(296,NULL,'NEW','Activity activity53 added by sanjeev@ontargetcloud.com','2015-04-18 16:39:21',1),(297,NULL,'NEW','New task task53 added by sanjeev@ontargetcloud.com','2015-04-18 16:39:21',1),(298,NULL,'NEW','New planned cost added for task task53','2015-04-18 16:39:21',1),(299,NULL,'NEW','New planned cost added for task task53','2015-04-18 16:39:21',1),(300,NULL,'NEW','Activity activity54 added by sanjeev@ontargetcloud.com','2015-04-18 16:39:21',1),(301,NULL,'NEW','New task task54 added by sanjeev@ontargetcloud.com','2015-04-18 16:39:21',1),(302,NULL,'NEW','New planned cost added for task task54','2015-04-18 16:39:21',1),(303,NULL,'NEW','New planned cost added for task task54','2015-04-18 16:39:21',1),(304,NULL,'NEW','Activity activity55 added by sanjeev@ontargetcloud.com','2015-04-18 16:39:21',1),(305,NULL,'NEW','New task task55 added by sanjeev@ontargetcloud.com','2015-04-18 16:39:21',1),(306,NULL,'NEW','New planned cost added for task task55','2015-04-18 16:39:21',1),(307,NULL,'NEW','New planned cost added for task task55','2015-04-18 16:39:21',1),(308,NULL,'NEW','Activity activity56 added by sanjeev@ontargetcloud.com','2015-04-18 16:39:22',1),(309,NULL,'NEW','New task task56 added by sanjeev@ontargetcloud.com','2015-04-18 16:39:22',1),(310,NULL,'NEW','New planned cost added for task task56','2015-04-18 16:39:22',1),(311,NULL,'NEW','New planned cost added for task task56','2015-04-18 16:39:22',1),(312,NULL,'NEW','Activity activity57 added by sanjeev@ontargetcloud.com','2015-04-18 16:39:22',1),(313,NULL,'NEW','New task task57 added by sanjeev@ontargetcloud.com','2015-04-18 16:39:22',1),(314,NULL,'NEW','New planned cost added for task task57','2015-04-18 16:39:22',1),(315,NULL,'NEW','New planned cost added for task task57','2015-04-18 16:39:22',1),(316,NULL,'NEW','Activity activity58 added by sanjeev@ontargetcloud.com','2015-04-18 16:39:22',1),(317,NULL,'NEW','New task task58 added by sanjeev@ontargetcloud.com','2015-04-18 16:39:22',1),(318,NULL,'NEW','New planned cost added for task task58','2015-04-18 16:39:22',1),(319,NULL,'NEW','New planned cost added for task task58','2015-04-18 16:39:22',1),(320,NULL,'NEW','Activity activity59 added by sanjeev@ontargetcloud.com','2015-04-18 16:39:22',1),(321,NULL,'NEW','New task task59 added by sanjeev@ontargetcloud.com','2015-04-18 16:39:22',1),(322,NULL,'NEW','New planned cost added for task task59','2015-04-18 16:39:22',1),(323,NULL,'NEW','New planned cost added for task task59','2015-04-18 16:39:22',1),(324,NULL,'NEW','Activity activity60 added by sanjeev@ontargetcloud.com','2015-04-18 16:39:22',1),(325,NULL,'NEW','New task task60 added by sanjeev@ontargetcloud.com','2015-04-18 16:39:22',1),(326,NULL,'NEW','New planned cost added for task task60','2015-04-18 16:39:22',1),(327,NULL,'NEW','New planned cost added for task task60','2015-04-18 16:39:22',1),(328,NULL,'NEW','Activity activity61 added by sanjeev@ontargetcloud.com','2015-04-18 16:39:22',1),(329,NULL,'NEW','New task task61 added by sanjeev@ontargetcloud.com','2015-04-18 16:39:22',1),(330,NULL,'NEW','New planned cost added for task task61','2015-04-18 16:39:22',1),(331,NULL,'NEW','New planned cost added for task task61','2015-04-18 16:39:22',1),(332,NULL,'NEW','Activity activity62 added by sanjeev@ontargetcloud.com','2015-04-18 16:39:22',1),(333,NULL,'NEW','New task task62 added by sanjeev@ontargetcloud.com','2015-04-18 16:39:22',1),(334,NULL,'NEW','New planned cost added for task task62','2015-04-18 16:39:22',1),(335,NULL,'NEW','New planned cost added for task task62','2015-04-18 16:39:22',1),(336,NULL,'NEW','Activity activity63 added by sanjeev@ontargetcloud.com','2015-04-18 16:39:22',1),(337,NULL,'NEW','New task task63 added by sanjeev@ontargetcloud.com','2015-04-18 16:39:22',1),(338,NULL,'NEW','New planned cost added for task task63','2015-04-18 16:39:22',1),(339,NULL,'NEW','New planned cost added for task task63','2015-04-18 16:39:22',1),(340,NULL,'NEW','Activity activity64 added by sanjeev@ontargetcloud.com','2015-04-18 16:39:22',1),(341,NULL,'NEW','New task task64 added by sanjeev@ontargetcloud.com','2015-04-18 16:39:22',1),(342,NULL,'NEW','New planned cost added for task task64','2015-04-18 16:39:22',1),(343,NULL,'NEW','New planned cost added for task task64','2015-04-18 16:39:22',1),(344,NULL,'NEW','Activity activity65 added by sanjeev@ontargetcloud.com','2015-04-18 16:39:22',1),(345,NULL,'NEW','New task task65 added by sanjeev@ontargetcloud.com','2015-04-18 16:39:22',1),(346,NULL,'NEW','New planned cost added for task task65','2015-04-18 16:39:22',1),(347,NULL,'NEW','New planned cost added for task task65','2015-04-18 16:39:22',1),(348,NULL,'NEW','Activity activity66 added by sanjeev@ontargetcloud.com','2015-04-18 16:39:22',1),(349,NULL,'NEW','New task task66 added by sanjeev@ontargetcloud.com','2015-04-18 16:39:22',1),(350,NULL,'NEW','New planned cost added for task task66','2015-04-18 16:39:22',1),(351,NULL,'NEW','New planned cost added for task task66','2015-04-18 16:39:22',1),(352,NULL,'NEW','Activity activity67 added by sanjeev@ontargetcloud.com','2015-04-18 16:39:23',1),(353,NULL,'NEW','New task task67 added by sanjeev@ontargetcloud.com','2015-04-18 16:39:23',1),(354,NULL,'NEW','New planned cost added for task task67','2015-04-18 16:39:23',1),(355,NULL,'NEW','New planned cost added for task task67','2015-04-18 16:39:23',1),(356,NULL,'NEW','Activity activity68 added by sanjeev@ontargetcloud.com','2015-04-18 16:39:23',1),(357,NULL,'NEW','New task task68 added by sanjeev@ontargetcloud.com','2015-04-18 16:39:23',1),(358,NULL,'NEW','New planned cost added for task task68','2015-04-18 16:39:23',1),(359,NULL,'NEW','New planned cost added for task task68','2015-04-18 16:39:23',1),(360,NULL,'NEW','Activity activity69 added by sanjeev@ontargetcloud.com','2015-04-18 16:39:23',1),(361,NULL,'NEW','New task task69 added by sanjeev@ontargetcloud.com','2015-04-18 16:39:23',1),(362,NULL,'NEW','New planned cost added for task task69','2015-04-18 16:39:23',1),(363,NULL,'NEW','New planned cost added for task task69','2015-04-18 16:39:23',1),(364,NULL,'NEW','Activity activity70 added by sanjeev@ontargetcloud.com','2015-04-18 16:39:23',1),(365,NULL,'NEW','New task task70 added by sanjeev@ontargetcloud.com','2015-04-18 16:39:23',1),(366,NULL,'NEW','New planned cost added for task task70','2015-04-18 16:39:23',1),(367,NULL,'NEW','New planned cost added for task task70','2015-04-18 16:39:23',1),(368,NULL,'NEW','Activity activity71 added by sanjeev@ontargetcloud.com','2015-04-18 16:39:23',1),(369,NULL,'NEW','New task task71 added by sanjeev@ontargetcloud.com','2015-04-18 16:39:23',1),(370,NULL,'NEW','New planned cost added for task task71','2015-04-18 16:39:23',1),(371,NULL,'NEW','New planned cost added for task task71','2015-04-18 16:39:23',1),(372,NULL,'NEW','Activity activity72 added by sanjeev@ontargetcloud.com','2015-04-18 16:39:23',1),(373,NULL,'NEW','New task task72 added by sanjeev@ontargetcloud.com','2015-04-18 16:39:23',1),(374,NULL,'NEW','New planned cost added for task task72','2015-04-18 16:39:23',1),(375,NULL,'NEW','New planned cost added for task task72','2015-04-18 16:39:23',1),(376,NULL,'NEW','Activity activity73 added by sanjeev@ontargetcloud.com','2015-04-18 16:39:23',1),(377,NULL,'NEW','New task task73 added by sanjeev@ontargetcloud.com','2015-04-18 16:39:23',1),(378,NULL,'NEW','New planned cost added for task task73','2015-04-18 16:39:23',1),(379,NULL,'NEW','New planned cost added for task task73','2015-04-18 16:39:23',1),(380,NULL,'NEW','Activity activity74 added by sanjeev@ontargetcloud.com','2015-04-18 16:39:23',1),(381,NULL,'NEW','New task task74 added by sanjeev@ontargetcloud.com','2015-04-18 16:39:23',1),(382,NULL,'NEW','New planned cost added for task task74','2015-04-18 16:39:23',1),(383,NULL,'NEW','New planned cost added for task task74','2015-04-18 16:39:23',1),(384,NULL,'NEW','Activity activity75 added by sanjeev@ontargetcloud.com','2015-04-18 16:39:24',1),(385,NULL,'NEW','New task task75 added by sanjeev@ontargetcloud.com','2015-04-18 16:39:24',1),(386,NULL,'NEW','New planned cost added for task task75','2015-04-18 16:39:24',1),(387,NULL,'NEW','New planned cost added for task task75','2015-04-18 16:39:24',1),(388,NULL,'NEW','Activity activity76 added by sanjeev@ontargetcloud.com','2015-04-18 16:39:24',1),(389,NULL,'NEW','New task task76 added by sanjeev@ontargetcloud.com','2015-04-18 16:39:24',1),(390,NULL,'NEW','New planned cost added for task task76','2015-04-18 16:39:24',1),(391,NULL,'NEW','New planned cost added for task task76','2015-04-18 16:39:24',1),(392,NULL,'NEW','Activity activity77 added by sanjeev@ontargetcloud.com','2015-04-18 16:39:24',1),(393,NULL,'NEW','New task task77 added by sanjeev@ontargetcloud.com','2015-04-18 16:39:24',1),(394,NULL,'NEW','New planned cost added for task task77','2015-04-18 16:39:24',1),(395,NULL,'NEW','New planned cost added for task task77','2015-04-18 16:39:24',1),(396,NULL,'NEW','Activity activity78 added by sanjeev@ontargetcloud.com','2015-04-18 16:39:24',1),(397,NULL,'NEW','New task task78 added by sanjeev@ontargetcloud.com','2015-04-18 16:39:24',1),(398,NULL,'NEW','New planned cost added for task task78','2015-04-18 16:39:24',1),(399,NULL,'NEW','New planned cost added for task task78','2015-04-18 16:39:24',1),(400,NULL,'NEW','Activity activity79 added by sanjeev@ontargetcloud.com','2015-04-18 16:39:24',1),(401,NULL,'NEW','New task task79 added by sanjeev@ontargetcloud.com','2015-04-18 16:39:24',1),(402,NULL,'NEW','New planned cost added for task task79','2015-04-18 16:39:24',1),(403,NULL,'NEW','New planned cost added for task task79','2015-04-18 16:39:24',1),(404,NULL,'NEW','Activity activity80 added by sanjeev@ontargetcloud.com','2015-04-18 16:39:24',1),(405,NULL,'NEW','New task task80 added by sanjeev@ontargetcloud.com','2015-04-18 16:39:24',1),(406,NULL,'NEW','New planned cost added for task task80','2015-04-18 16:39:24',1),(407,NULL,'NEW','New planned cost added for task task80','2015-04-18 16:39:24',1),(408,NULL,'NEW','Activity activity81 added by sanjeev@ontargetcloud.com','2015-04-18 16:39:24',1),(409,NULL,'NEW','New task task81 added by sanjeev@ontargetcloud.com','2015-04-18 16:39:24',1),(410,NULL,'NEW','New planned cost added for task task81','2015-04-18 16:39:24',1),(411,NULL,'NEW','New planned cost added for task task81','2015-04-18 16:39:24',1),(412,NULL,'NEW','Activity activity82 added by sanjeev@ontargetcloud.com','2015-04-18 16:39:24',1),(413,NULL,'NEW','New task task82 added by sanjeev@ontargetcloud.com','2015-04-18 16:39:24',1),(414,NULL,'NEW','New planned cost added for task task82','2015-04-18 16:39:24',1),(415,NULL,'NEW','New planned cost added for task task82','2015-04-18 16:39:24',1),(416,NULL,'NEW','Activity activity83 added by sanjeev@ontargetcloud.com','2015-04-18 16:39:24',1),(417,NULL,'NEW','New task task83 added by sanjeev@ontargetcloud.com','2015-04-18 16:39:24',1),(418,NULL,'NEW','New planned cost added for task task83','2015-04-18 16:39:24',1),(419,NULL,'NEW','New planned cost added for task task83','2015-04-18 16:39:24',1),(420,NULL,'NEW','Activity activity84 added by sanjeev@ontargetcloud.com','2015-04-18 16:39:24',1),(421,NULL,'NEW','New task task84 added by sanjeev@ontargetcloud.com','2015-04-18 16:39:24',1),(422,NULL,'NEW','New planned cost added for task task84','2015-04-18 16:39:24',1),(423,NULL,'NEW','New planned cost added for task task84','2015-04-18 16:39:24',1),(424,NULL,'NEW','Activity activity85 added by sanjeev@ontargetcloud.com','2015-04-18 16:39:25',1),(425,NULL,'NEW','New task task85 added by sanjeev@ontargetcloud.com','2015-04-18 16:39:25',1),(426,NULL,'NEW','New planned cost added for task task85','2015-04-18 16:39:25',1),(427,NULL,'NEW','New planned cost added for task task85','2015-04-18 16:39:25',1),(428,NULL,'NEW','Activity activity86 added by sanjeev@ontargetcloud.com','2015-04-18 16:39:25',1),(429,NULL,'NEW','New task task86 added by sanjeev@ontargetcloud.com','2015-04-18 16:39:25',1),(430,NULL,'NEW','New planned cost added for task task86','2015-04-18 16:39:25',1),(431,NULL,'NEW','New planned cost added for task task86','2015-04-18 16:39:25',1),(432,NULL,'NEW','Activity activity87 added by sanjeev@ontargetcloud.com','2015-04-18 16:39:25',1),(433,NULL,'NEW','New task task87 added by sanjeev@ontargetcloud.com','2015-04-18 16:39:25',1),(434,NULL,'NEW','New planned cost added for task task87','2015-04-18 16:39:25',1),(435,NULL,'NEW','New planned cost added for task task87','2015-04-18 16:39:25',1),(436,NULL,'NEW','Activity activity88 added by sanjeev@ontargetcloud.com','2015-04-18 16:39:25',1),(437,NULL,'NEW','New task task88 added by sanjeev@ontargetcloud.com','2015-04-18 16:39:25',1),(438,NULL,'NEW','New planned cost added for task task88','2015-04-18 16:39:25',1),(439,NULL,'NEW','New planned cost added for task task88','2015-04-18 16:39:25',1),(440,NULL,'NEW','Activity activity89 added by sanjeev@ontargetcloud.com','2015-04-18 16:39:25',1),(441,NULL,'NEW','New task task89 added by sanjeev@ontargetcloud.com','2015-04-18 16:39:25',1),(442,NULL,'NEW','New planned cost added for task task89','2015-04-18 16:39:25',1),(443,NULL,'NEW','New planned cost added for task task89','2015-04-18 16:39:25',1),(444,NULL,'NEW','Activity activity90 added by sanjeev@ontargetcloud.com','2015-04-18 16:39:25',1),(445,NULL,'NEW','New task task90 added by sanjeev@ontargetcloud.com','2015-04-18 16:39:25',1),(446,NULL,'NEW','New planned cost added for task task90','2015-04-18 16:39:25',1),(447,NULL,'NEW','New planned cost added for task task90','2015-04-18 16:39:25',1),(448,NULL,'NEW','Activity activity91 added by sanjeev@ontargetcloud.com','2015-04-18 16:39:25',1),(449,NULL,'NEW','New task task91 added by sanjeev@ontargetcloud.com','2015-04-18 16:39:25',1),(450,NULL,'NEW','New planned cost added for task task91','2015-04-18 16:39:25',1),(451,NULL,'NEW','New planned cost added for task task91','2015-04-18 16:39:25',1),(452,NULL,'NEW','Activity activity92 added by sanjeev@ontargetcloud.com','2015-04-18 16:39:25',1),(453,NULL,'NEW','New task task92 added by sanjeev@ontargetcloud.com','2015-04-18 16:39:25',1),(454,NULL,'NEW','New planned cost added for task task92','2015-04-18 16:39:25',1),(455,NULL,'NEW','New planned cost added for task task92','2015-04-18 16:39:25',1),(456,NULL,'NEW','Activity activity93 added by sanjeev@ontargetcloud.com','2015-04-18 16:39:25',1),(457,NULL,'NEW','New task task93 added by sanjeev@ontargetcloud.com','2015-04-18 16:39:25',1),(458,NULL,'NEW','New planned cost added for task task93','2015-04-18 16:39:25',1),(459,NULL,'NEW','New planned cost added for task task93','2015-04-18 16:39:25',1),(460,NULL,'NEW','Activity activity94 added by sanjeev@ontargetcloud.com','2015-04-18 16:39:25',1),(461,NULL,'NEW','New task task94 added by sanjeev@ontargetcloud.com','2015-04-18 16:39:25',1),(462,NULL,'NEW','New planned cost added for task task94','2015-04-18 16:39:25',1),(463,NULL,'NEW','New planned cost added for task task94','2015-04-18 16:39:25',1),(464,NULL,'NEW','Activity activity95 added by sanjeev@ontargetcloud.com','2015-04-18 16:39:25',1),(465,NULL,'NEW','New task task95 added by sanjeev@ontargetcloud.com','2015-04-18 16:39:25',1),(466,NULL,'NEW','New planned cost added for task task95','2015-04-18 16:39:25',1),(467,NULL,'NEW','New planned cost added for task task95','2015-04-18 16:39:25',1),(468,NULL,'NEW','Activity activity96 added by sanjeev@ontargetcloud.com','2015-04-18 16:39:25',1),(469,NULL,'NEW','New task task96 added by sanjeev@ontargetcloud.com','2015-04-18 16:39:25',1),(470,NULL,'NEW','New planned cost added for task task96','2015-04-18 16:39:25',1),(471,NULL,'NEW','New planned cost added for task task96','2015-04-18 16:39:25',1),(472,NULL,'NEW','Activity activity97 added by sanjeev@ontargetcloud.com','2015-04-18 16:39:25',1),(473,NULL,'NEW','New task task97 added by sanjeev@ontargetcloud.com','2015-04-18 16:39:25',1),(474,NULL,'NEW','New planned cost added for task task97','2015-04-18 16:39:25',1),(475,NULL,'NEW','New planned cost added for task task97','2015-04-18 16:39:26',1),(476,NULL,'NEW','Activity activity98 added by sanjeev@ontargetcloud.com','2015-04-18 16:39:26',1),(477,NULL,'NEW','New task task98 added by sanjeev@ontargetcloud.com','2015-04-18 16:39:26',1),(478,NULL,'NEW','New planned cost added for task task98','2015-04-18 16:39:26',1),(479,NULL,'NEW','New planned cost added for task task98','2015-04-18 16:39:26',1),(480,NULL,'NEW','Activity activity99 added by sanjeev@ontargetcloud.com','2015-04-18 16:39:26',1),(481,NULL,'NEW','New task task99 added by sanjeev@ontargetcloud.com','2015-04-18 16:39:26',1),(482,NULL,'NEW','New planned cost added for task task99','2015-04-18 16:39:26',1),(483,NULL,'NEW','New planned cost added for task task99','2015-04-18 16:39:26',1),(484,NULL,'NEW','Activity activity100 added by sanjeev@ontargetcloud.com','2015-04-18 16:39:26',1),(485,NULL,'NEW','New task task100 added by sanjeev@ontargetcloud.com','2015-04-18 16:39:26',1),(486,NULL,'NEW','New planned cost added for task task100','2015-04-18 16:39:26',1),(487,NULL,'NEW','New planned cost added for task task100','2015-04-18 16:39:26',1),(488,NULL,'NEW','Activity activity101 added by sanjeev@ontargetcloud.com','2015-04-18 16:39:26',1),(489,NULL,'NEW','New task task101 added by sanjeev@ontargetcloud.com','2015-04-18 16:39:26',1),(490,NULL,'NEW','New planned cost added for task task101','2015-04-18 16:39:26',1),(491,NULL,'NEW','New planned cost added for task task101','2015-04-18 16:39:26',1),(492,NULL,'NEW','Activity activity102 added by sanjeev@ontargetcloud.com','2015-04-18 16:39:26',1),(493,NULL,'NEW','New task task102 added by sanjeev@ontargetcloud.com','2015-04-18 16:39:26',1),(494,NULL,'NEW','New planned cost added for task task102','2015-04-18 16:39:26',1),(495,NULL,'NEW','New planned cost added for task task102','2015-04-18 16:39:26',1),(496,NULL,'NEW','Activity activity103 added by sanjeev@ontargetcloud.com','2015-04-18 16:39:26',1),(497,NULL,'NEW','New task task103 added by sanjeev@ontargetcloud.com','2015-04-18 16:39:26',1),(498,NULL,'NEW','New planned cost added for task task103','2015-04-18 16:39:26',1),(499,NULL,'NEW','New planned cost added for task task103','2015-04-18 16:39:26',1),(500,NULL,'NEW','Activity activity104 added by sanjeev@ontargetcloud.com','2015-04-18 16:39:26',1),(501,NULL,'NEW','New task task104 added by sanjeev@ontargetcloud.com','2015-04-18 16:39:26',1),(502,NULL,'NEW','New planned cost added for task task104','2015-04-18 16:39:26',1),(503,NULL,'NEW','New planned cost added for task task104','2015-04-18 16:39:26',1),(504,NULL,'NEW','Activity activity105 added by sanjeev@ontargetcloud.com','2015-04-18 16:39:26',1),(505,NULL,'NEW','New task task105 added by sanjeev@ontargetcloud.com','2015-04-18 16:39:26',1),(506,NULL,'NEW','New planned cost added for task task105','2015-04-18 16:39:26',1),(507,NULL,'NEW','New planned cost added for task task105','2015-04-18 16:39:26',1),(508,NULL,'NEW','Activity activity106 added by sanjeev@ontargetcloud.com','2015-04-18 16:39:26',1),(509,NULL,'NEW','New task task106 added by sanjeev@ontargetcloud.com','2015-04-18 16:39:26',1),(510,NULL,'NEW','New planned cost added for task task106','2015-04-18 16:39:26',1),(511,NULL,'NEW','New planned cost added for task task106','2015-04-18 16:39:26',1),(512,NULL,'NEW','Activity activity107 added by sanjeev@ontargetcloud.com','2015-04-18 16:39:26',1),(513,NULL,'NEW','New task task107 added by sanjeev@ontargetcloud.com','2015-04-18 16:39:26',1),(514,NULL,'NEW','New planned cost added for task task107','2015-04-18 16:39:26',1),(515,NULL,'NEW','New planned cost added for task task107','2015-04-18 16:39:26',1),(516,NULL,'NEW','Activity activity108 added by sanjeev@ontargetcloud.com','2015-04-18 16:39:26',1),(517,NULL,'NEW','New task task108 added by sanjeev@ontargetcloud.com','2015-04-18 16:39:26',1),(518,NULL,'NEW','New planned cost added for task task108','2015-04-18 16:39:26',1),(519,NULL,'NEW','New planned cost added for task task108','2015-04-18 16:39:26',1),(520,NULL,'NEW','Activity activity109 added by sanjeev@ontargetcloud.com','2015-04-18 16:39:27',1),(521,NULL,'NEW','New task task109 added by sanjeev@ontargetcloud.com','2015-04-18 16:39:27',1),(522,NULL,'NEW','New planned cost added for task task109','2015-04-18 16:39:27',1),(523,NULL,'NEW','New planned cost added for task task109','2015-04-18 16:39:27',1),(524,NULL,'NEW','Activity activity110 added by sanjeev@ontargetcloud.com','2015-04-18 16:39:27',1),(525,NULL,'NEW','New task task110 added by sanjeev@ontargetcloud.com','2015-04-18 16:39:27',1),(526,NULL,'NEW','New planned cost added for task task110','2015-04-18 16:39:27',1),(527,NULL,'NEW','New planned cost added for task task110','2015-04-18 16:39:27',1),(528,NULL,'NEW','Activity activity111 added by sanjeev@ontargetcloud.com','2015-04-18 16:39:27',1),(529,NULL,'NEW','New task task111 added by sanjeev@ontargetcloud.com','2015-04-18 16:39:27',1),(530,NULL,'NEW','New planned cost added for task task111','2015-04-18 16:39:27',1),(531,NULL,'NEW','New planned cost added for task task111','2015-04-18 16:39:27',1),(532,NULL,'NEW','Activity activity112 added by sanjeev@ontargetcloud.com','2015-04-18 16:39:27',1),(533,NULL,'NEW','New task task112 added by sanjeev@ontargetcloud.com','2015-04-18 16:39:27',1),(534,NULL,'NEW','New planned cost added for task task112','2015-04-18 16:39:27',1),(535,NULL,'NEW','New planned cost added for task task112','2015-04-18 16:39:27',1),(536,NULL,'NEW','Activity activity113 added by sanjeev@ontargetcloud.com','2015-04-18 16:39:27',1),(537,NULL,'NEW','New task task113 added by sanjeev@ontargetcloud.com','2015-04-18 16:39:27',1),(538,NULL,'NEW','New planned cost added for task task113','2015-04-18 16:39:27',1),(539,NULL,'NEW','New planned cost added for task task113','2015-04-18 16:39:27',1),(540,NULL,'NEW','Activity activity114 added by sanjeev@ontargetcloud.com','2015-04-18 16:39:27',1),(541,NULL,'NEW','New task task114 added by sanjeev@ontargetcloud.com','2015-04-18 16:39:27',1),(542,NULL,'NEW','New planned cost added for task task114','2015-04-18 16:39:27',1),(543,NULL,'NEW','New planned cost added for task task114','2015-04-18 16:39:27',1),(544,NULL,'NEW','Activity activity115 added by sanjeev@ontargetcloud.com','2015-04-18 16:39:27',1),(545,NULL,'NEW','New task task115 added by sanjeev@ontargetcloud.com','2015-04-18 16:39:27',1),(546,NULL,'NEW','New planned cost added for task task115','2015-04-18 16:39:27',1),(547,NULL,'NEW','New planned cost added for task task115','2015-04-18 16:39:27',1),(548,NULL,'NEW','Activity activity116 added by sanjeev@ontargetcloud.com','2015-04-18 16:39:27',1),(549,NULL,'NEW','New task task116 added by sanjeev@ontargetcloud.com','2015-04-18 16:39:27',1),(550,NULL,'NEW','New planned cost added for task task116','2015-04-18 16:39:27',1),(551,NULL,'NEW','New planned cost added for task task116','2015-04-18 16:39:27',1),(552,NULL,'NEW','Activity activity117 added by sanjeev@ontargetcloud.com','2015-04-18 16:39:27',1),(553,NULL,'NEW','New task task117 added by sanjeev@ontargetcloud.com','2015-04-18 16:39:27',1),(554,NULL,'NEW','New planned cost added for task task117','2015-04-18 16:39:27',1),(555,NULL,'NEW','New planned cost added for task task117','2015-04-18 16:39:27',1),(556,NULL,'NEW','Activity activity118 added by sanjeev@ontargetcloud.com','2015-04-18 16:39:27',1),(557,NULL,'NEW','New task task118 added by sanjeev@ontargetcloud.com','2015-04-18 16:39:27',1),(558,NULL,'NEW','New planned cost added for task task118','2015-04-18 16:39:27',1),(559,NULL,'NEW','New planned cost added for task task118','2015-04-18 16:39:27',1),(560,NULL,'NEW','Activity activity119 added by sanjeev@ontargetcloud.com','2015-04-18 16:39:27',1),(561,NULL,'NEW','New task task119 added by sanjeev@ontargetcloud.com','2015-04-18 16:39:27',1),(562,NULL,'NEW','New planned cost added for task task119','2015-04-18 16:39:27',1),(563,NULL,'NEW','New planned cost added for task task119','2015-04-18 16:39:27',1),(564,NULL,'NEW','Activity activity120 added by sanjeev@ontargetcloud.com','2015-04-18 16:39:27',1),(565,NULL,'NEW','New task task120 added by sanjeev@ontargetcloud.com','2015-04-18 16:39:27',1),(566,NULL,'NEW','New planned cost added for task task120','2015-04-18 16:39:27',1),(567,NULL,'NEW','New planned cost added for task task120','2015-04-18 16:39:27',1),(568,NULL,'NEW','Activity activity121 added by sanjeev@ontargetcloud.com','2015-04-18 16:39:28',1),(569,NULL,'NEW','New task task121 added by sanjeev@ontargetcloud.com','2015-04-18 16:39:28',1),(570,NULL,'NEW','New planned cost added for task task121','2015-04-18 16:39:28',1),(571,NULL,'NEW','New planned cost added for task task121','2015-04-18 16:39:28',1),(572,NULL,'NEW','Activity activity122 added by sanjeev@ontargetcloud.com','2015-04-18 16:39:28',1),(573,NULL,'NEW','New task task122 added by sanjeev@ontargetcloud.com','2015-04-18 16:39:28',1),(574,NULL,'NEW','New planned cost added for task task122','2015-04-18 16:39:28',1),(575,NULL,'NEW','New planned cost added for task task122','2015-04-18 16:39:28',1),(576,NULL,'NEW','Activity activity123 added by sanjeev@ontargetcloud.com','2015-04-18 16:39:28',1),(577,NULL,'NEW','New task task123 added by sanjeev@ontargetcloud.com','2015-04-18 16:39:28',1),(578,NULL,'NEW','New planned cost added for task task123','2015-04-18 16:39:28',1),(579,NULL,'NEW','New planned cost added for task task123','2015-04-18 16:39:28',1),(580,NULL,'NEW','Activity activity124 added by sanjeev@ontargetcloud.com','2015-04-18 16:39:28',1),(581,NULL,'NEW','New task task124 added by sanjeev@ontargetcloud.com','2015-04-18 16:39:28',1),(582,NULL,'NEW','New planned cost added for task task124','2015-04-18 16:39:28',1),(583,NULL,'NEW','New planned cost added for task task124','2015-04-18 16:39:28',1),(584,NULL,'NEW','Activity activity125 added by sanjeev@ontargetcloud.com','2015-04-18 16:39:28',1),(585,NULL,'NEW','New task task125 added by sanjeev@ontargetcloud.com','2015-04-18 16:39:28',1),(586,NULL,'NEW','New planned cost added for task task125','2015-04-18 16:39:28',1),(587,NULL,'NEW','New planned cost added for task task125','2015-04-18 16:39:28',1),(588,NULL,'NEW','Activity activity126 added by sanjeev@ontargetcloud.com','2015-04-18 16:39:28',1),(589,NULL,'NEW','New task task126 added by sanjeev@ontargetcloud.com','2015-04-18 16:39:28',1),(590,NULL,'NEW','New planned cost added for task task126','2015-04-18 16:39:28',1),(591,NULL,'NEW','New planned cost added for task task126','2015-04-18 16:39:28',1),(592,NULL,'NEW','Activity activity127 added by sanjeev@ontargetcloud.com','2015-04-18 16:39:28',1),(593,NULL,'NEW','New task task127 added by sanjeev@ontargetcloud.com','2015-04-18 16:39:28',1),(594,NULL,'NEW','New planned cost added for task task127','2015-04-18 16:39:29',1),(595,NULL,'NEW','New planned cost added for task task127','2015-04-18 16:39:29',1),(596,NULL,'NEW','Activity activity128 added by sanjeev@ontargetcloud.com','2015-04-18 16:39:29',1),(597,NULL,'NEW','New task task128 added by sanjeev@ontargetcloud.com','2015-04-18 16:39:29',1),(598,NULL,'NEW','New planned cost added for task task128','2015-04-18 16:39:29',1),(599,NULL,'NEW','New planned cost added for task task128','2015-04-18 16:39:29',1),(600,NULL,'NEW','Activity activity129 added by sanjeev@ontargetcloud.com','2015-04-18 16:39:29',1),(601,NULL,'NEW','New task task129 added by sanjeev@ontargetcloud.com','2015-04-18 16:39:29',1),(602,NULL,'NEW','New planned cost added for task task129','2015-04-18 16:39:29',1),(603,NULL,'NEW','New planned cost added for task task129','2015-04-18 16:39:29',1),(604,NULL,'NEW','Activity activity130 added by sanjeev@ontargetcloud.com','2015-04-18 16:39:29',1),(605,NULL,'NEW','New task task130 added by sanjeev@ontargetcloud.com','2015-04-18 16:39:29',1),(606,NULL,'NEW','New planned cost added for task task130','2015-04-18 16:39:29',1),(607,NULL,'NEW','New planned cost added for task task130','2015-04-18 16:39:29',1),(608,NULL,'NEW','Activity activity131 added by sanjeev@ontargetcloud.com','2015-04-18 16:39:29',1),(609,NULL,'NEW','New task task131 added by sanjeev@ontargetcloud.com','2015-04-18 16:39:29',1),(610,NULL,'NEW','New planned cost added for task task131','2015-04-18 16:39:29',1),(611,NULL,'NEW','New planned cost added for task task131','2015-04-18 16:39:29',1),(612,NULL,'NEW','Activity activity132 added by sanjeev@ontargetcloud.com','2015-04-18 16:39:30',1),(613,NULL,'NEW','New task task132 added by sanjeev@ontargetcloud.com','2015-04-18 16:39:30',1),(614,NULL,'NEW','New planned cost added for task task132','2015-04-18 16:39:30',1),(615,NULL,'NEW','New planned cost added for task task132','2015-04-18 16:39:30',1),(616,NULL,'NEW','Activity activity133 added by sanjeev@ontargetcloud.com','2015-04-18 16:39:30',1),(617,NULL,'NEW','New task task133 added by sanjeev@ontargetcloud.com','2015-04-18 16:39:30',1),(618,NULL,'NEW','New planned cost added for task task133','2015-04-18 16:39:30',1),(619,NULL,'NEW','New planned cost added for task task133','2015-04-18 16:39:30',1),(620,NULL,'NEW','Activity activity134 added by sanjeev@ontargetcloud.com','2015-04-18 16:39:30',1),(621,NULL,'NEW','New task task134 added by sanjeev@ontargetcloud.com','2015-04-18 16:39:30',1),(622,NULL,'NEW','New planned cost added for task task134','2015-04-18 16:39:30',1),(623,NULL,'NEW','New planned cost added for task task134','2015-04-18 16:39:30',1),(624,NULL,'NEW','Activity activity135 added by sanjeev@ontargetcloud.com','2015-04-18 16:39:30',1),(625,NULL,'NEW','New task task135 added by sanjeev@ontargetcloud.com','2015-04-18 16:39:30',1),(626,NULL,'NEW','New planned cost added for task task135','2015-04-18 16:39:30',1),(627,NULL,'NEW','New planned cost added for task task135','2015-04-18 16:39:30',1),(628,NULL,'NEW','Activity activity136 added by sanjeev@ontargetcloud.com','2015-04-18 16:39:30',1),(629,NULL,'NEW','New task task136 added by sanjeev@ontargetcloud.com','2015-04-18 16:39:30',1),(630,NULL,'NEW','New planned cost added for task task136','2015-04-18 16:39:30',1),(631,NULL,'NEW','New planned cost added for task task136','2015-04-18 16:39:30',1),(632,NULL,'NEW','Activity activity137 added by sanjeev@ontargetcloud.com','2015-04-18 16:39:30',1),(633,NULL,'NEW','New task task137 added by sanjeev@ontargetcloud.com','2015-04-18 16:39:30',1),(634,NULL,'NEW','New planned cost added for task task137','2015-04-18 16:39:30',1),(635,NULL,'NEW','New planned cost added for task task137','2015-04-18 16:39:30',1),(636,NULL,'NEW','Activity activity138 added by sanjeev@ontargetcloud.com','2015-04-18 16:39:30',1),(637,NULL,'NEW','New task task138 added by sanjeev@ontargetcloud.com','2015-04-18 16:39:30',1),(638,NULL,'NEW','New planned cost added for task task138','2015-04-18 16:39:30',1),(639,NULL,'NEW','New planned cost added for task task138','2015-04-18 16:39:30',1),(640,NULL,'NEW','Activity activity139 added by sanjeev@ontargetcloud.com','2015-04-18 16:39:30',1),(641,NULL,'NEW','New task task139 added by sanjeev@ontargetcloud.com','2015-04-18 16:39:30',1),(642,NULL,'NEW','New planned cost added for task task139','2015-04-18 16:39:30',1),(643,NULL,'NEW','New planned cost added for task task139','2015-04-18 16:39:30',1),(644,NULL,'NEW','Activity activity140 added by sanjeev@ontargetcloud.com','2015-04-18 16:39:30',1),(645,NULL,'NEW','New task task140 added by sanjeev@ontargetcloud.com','2015-04-18 16:39:30',1),(646,NULL,'NEW','New planned cost added for task task140','2015-04-18 16:39:30',1),(647,NULL,'NEW','New planned cost added for task task140','2015-04-18 16:39:30',1),(648,NULL,'NEW','Activity activity141 added by sanjeev@ontargetcloud.com','2015-04-18 16:39:30',1),(649,NULL,'NEW','New task task141 added by sanjeev@ontargetcloud.com','2015-04-18 16:39:30',1),(650,NULL,'NEW','New planned cost added for task task141','2015-04-18 16:39:30',1),(651,NULL,'NEW','New planned cost added for task task141','2015-04-18 16:39:30',1),(652,NULL,'NEW','Activity activity142 added by sanjeev@ontargetcloud.com','2015-04-18 16:39:30',1),(653,NULL,'NEW','New task task142 added by sanjeev@ontargetcloud.com','2015-04-18 16:39:30',1),(654,NULL,'NEW','New planned cost added for task task142','2015-04-18 16:39:30',1),(655,NULL,'NEW','New planned cost added for task task142','2015-04-18 16:39:30',1),(656,NULL,'NEW','Activity activity143 added by sanjeev@ontargetcloud.com','2015-04-18 16:39:31',1),(657,NULL,'NEW','New task task143 added by sanjeev@ontargetcloud.com','2015-04-18 16:39:31',1),(658,NULL,'NEW','New planned cost added for task task143','2015-04-18 16:39:31',1),(659,NULL,'NEW','New planned cost added for task task143','2015-04-18 16:39:31',1),(660,NULL,'NEW','Activity activity144 added by sanjeev@ontargetcloud.com','2015-04-18 16:39:31',1),(661,NULL,'NEW','New task task144 added by sanjeev@ontargetcloud.com','2015-04-18 16:39:31',1),(662,NULL,'NEW','New planned cost added for task task144','2015-04-18 16:39:31',1),(663,NULL,'NEW','New planned cost added for task task144','2015-04-18 16:39:31',1),(664,NULL,'NEW','Activity activity145 added by sanjeev@ontargetcloud.com','2015-04-18 16:39:31',1),(665,NULL,'NEW','New task task145 added by sanjeev@ontargetcloud.com','2015-04-18 16:39:31',1),(666,NULL,'NEW','New planned cost added for task task145','2015-04-18 16:39:31',1),(667,NULL,'NEW','New planned cost added for task task145','2015-04-18 16:39:31',1),(668,NULL,'NEW','Activity activity146 added by sanjeev@ontargetcloud.com','2015-04-18 16:39:31',1),(669,NULL,'NEW','New task task146 added by sanjeev@ontargetcloud.com','2015-04-18 16:39:31',1),(670,NULL,'NEW','New planned cost added for task task146','2015-04-18 16:39:31',1),(671,NULL,'NEW','New planned cost added for task task146','2015-04-18 16:39:31',1),(672,NULL,'NEW','Activity activity147 added by sanjeev@ontargetcloud.com','2015-04-18 16:39:31',1),(673,NULL,'NEW','New task task147 added by sanjeev@ontargetcloud.com','2015-04-18 16:39:31',1),(674,NULL,'NEW','New planned cost added for task task147','2015-04-18 16:39:31',1),(675,NULL,'NEW','New planned cost added for task task147','2015-04-18 16:39:31',1),(676,NULL,'NEW','Activity activity148 added by sanjeev@ontargetcloud.com','2015-04-18 16:39:31',1),(677,NULL,'NEW','New task task148 added by sanjeev@ontargetcloud.com','2015-04-18 16:39:31',1),(678,NULL,'NEW','New planned cost added for task task148','2015-04-18 16:39:31',1),(679,NULL,'NEW','New planned cost added for task task148','2015-04-18 16:39:31',1),(680,NULL,'NEW','Activity activity149 added by sanjeev@ontargetcloud.com','2015-04-18 16:39:31',1),(681,NULL,'NEW','New task task149 added by sanjeev@ontargetcloud.com','2015-04-18 16:39:31',1),(682,NULL,'NEW','New planned cost added for task task149','2015-04-18 16:39:31',1),(683,NULL,'NEW','New planned cost added for task task149','2015-04-18 16:39:31',1),(684,NULL,'NEW','Activity activity150 added by sanjeev@ontargetcloud.com','2015-04-18 16:39:31',1),(685,NULL,'NEW','New task task150 added by sanjeev@ontargetcloud.com','2015-04-18 16:39:31',1),(686,NULL,'NEW','New planned cost added for task task150','2015-04-18 16:39:31',1),(687,NULL,'NEW','New planned cost added for task task150','2015-04-18 16:39:31',1),(688,NULL,'NEW','Activity activity151 added by sanjeev@ontargetcloud.com','2015-04-18 16:39:31',1),(689,NULL,'NEW','New task task151 added by sanjeev@ontargetcloud.com','2015-04-18 16:39:31',1),(690,NULL,'NEW','New planned cost added for task task151','2015-04-18 16:39:31',1),(691,NULL,'NEW','New planned cost added for task task151','2015-04-18 16:39:31',1),(692,NULL,'NEW','Activity activity152 added by sanjeev@ontargetcloud.com','2015-04-18 16:39:31',1),(693,NULL,'NEW','New task task152 added by sanjeev@ontargetcloud.com','2015-04-18 16:39:31',1),(694,NULL,'NEW','New planned cost added for task task152','2015-04-18 16:39:31',1),(695,NULL,'NEW','New planned cost added for task task152','2015-04-18 16:39:31',1),(696,NULL,'NEW','Activity activity153 added by sanjeev@ontargetcloud.com','2015-04-18 16:39:31',1),(697,NULL,'NEW','New task task153 added by sanjeev@ontargetcloud.com','2015-04-18 16:39:31',1),(698,NULL,'NEW','New planned cost added for task task153','2015-04-18 16:39:31',1),(699,NULL,'NEW','New planned cost added for task task153','2015-04-18 16:39:31',1),(700,NULL,'NEW','Activity activity154 added by sanjeev@ontargetcloud.com','2015-04-18 16:39:32',1),(701,NULL,'NEW','New task task154 added by sanjeev@ontargetcloud.com','2015-04-18 16:39:32',1),(702,NULL,'NEW','New planned cost added for task task154','2015-04-18 16:39:32',1),(703,NULL,'NEW','New planned cost added for task task154','2015-04-18 16:39:32',1),(704,NULL,'NEW','Activity activity155 added by sanjeev@ontargetcloud.com','2015-04-18 16:39:32',1),(705,NULL,'NEW','New task task155 added by sanjeev@ontargetcloud.com','2015-04-18 16:39:32',1),(706,NULL,'NEW','New planned cost added for task task155','2015-04-18 16:39:32',1),(707,NULL,'NEW','New planned cost added for task task155','2015-04-18 16:39:32',1),(708,NULL,'NEW','Activity activity156 added by sanjeev@ontargetcloud.com','2015-04-18 16:39:32',1),(709,NULL,'NEW','New task task156 added by sanjeev@ontargetcloud.com','2015-04-18 16:39:32',1),(710,NULL,'NEW','New planned cost added for task task156','2015-04-18 16:39:32',1),(711,NULL,'NEW','New planned cost added for task task156','2015-04-18 16:39:32',1),(712,NULL,'NEW','Activity activity157 added by sanjeev@ontargetcloud.com','2015-04-18 16:39:32',1),(713,NULL,'NEW','New task task157 added by sanjeev@ontargetcloud.com','2015-04-18 16:39:32',1),(714,NULL,'NEW','New planned cost added for task task157','2015-04-18 16:39:32',1),(715,NULL,'NEW','New planned cost added for task task157','2015-04-18 16:39:32',1),(716,NULL,'NEW','Activity activity158 added by sanjeev@ontargetcloud.com','2015-04-18 16:39:32',1),(717,NULL,'NEW','New task task158 added by sanjeev@ontargetcloud.com','2015-04-18 16:39:32',1),(718,NULL,'NEW','New planned cost added for task task158','2015-04-18 16:39:32',1),(719,NULL,'NEW','New planned cost added for task task158','2015-04-18 16:39:32',1),(720,NULL,'NEW','Activity activity159 added by sanjeev@ontargetcloud.com','2015-04-18 16:39:32',1),(721,NULL,'NEW','New task task159 added by sanjeev@ontargetcloud.com','2015-04-18 16:39:32',1),(722,NULL,'NEW','New planned cost added for task task159','2015-04-18 16:39:32',1),(723,NULL,'NEW','New planned cost added for task task159','2015-04-18 16:39:32',1),(724,NULL,'NEW','Activity activity160 added by sanjeev@ontargetcloud.com','2015-04-18 16:39:32',1),(725,NULL,'NEW','New task task160 added by sanjeev@ontargetcloud.com','2015-04-18 16:39:32',1),(726,NULL,'NEW','New planned cost added for task task160','2015-04-18 16:39:32',1),(727,NULL,'NEW','New planned cost added for task task160','2015-04-18 16:39:32',1),(728,NULL,'NEW','Activity activity161 added by sanjeev@ontargetcloud.com','2015-04-18 16:39:32',1),(729,NULL,'NEW','New task task161 added by sanjeev@ontargetcloud.com','2015-04-18 16:39:32',1),(730,NULL,'NEW','New planned cost added for task task161','2015-04-18 16:39:32',1),(731,NULL,'NEW','New planned cost added for task task161','2015-04-18 16:39:32',1),(732,NULL,'NEW','Activity activity162 added by sanjeev@ontargetcloud.com','2015-04-18 16:39:32',1),(733,NULL,'NEW','New task task162 added by sanjeev@ontargetcloud.com','2015-04-18 16:39:32',1),(734,NULL,'NEW','New planned cost added for task task162','2015-04-18 16:39:32',1),(735,NULL,'NEW','New planned cost added for task task162','2015-04-18 16:39:32',1),(736,NULL,'NEW','Activity activity163 added by sanjeev@ontargetcloud.com','2015-04-18 16:39:32',1),(737,NULL,'NEW','New task task163 added by sanjeev@ontargetcloud.com','2015-04-18 16:39:32',1),(738,NULL,'NEW','New planned cost added for task task163','2015-04-18 16:39:32',1),(739,NULL,'NEW','New planned cost added for task task163','2015-04-18 16:39:32',1),(740,NULL,'NEW','Activity activity164 added by sanjeev@ontargetcloud.com','2015-04-18 16:39:32',1),(741,NULL,'NEW','New task task164 added by sanjeev@ontargetcloud.com','2015-04-18 16:39:32',1),(742,NULL,'NEW','New planned cost added for task task164','2015-04-18 16:39:32',1),(743,NULL,'NEW','New planned cost added for task task164','2015-04-18 16:39:32',1),(744,NULL,'NEW','Activity activity165 added by sanjeev@ontargetcloud.com','2015-04-18 16:39:32',1),(745,NULL,'NEW','New task task165 added by sanjeev@ontargetcloud.com','2015-04-18 16:39:32',1),(746,NULL,'NEW','New planned cost added for task task165','2015-04-18 16:39:32',1),(747,NULL,'NEW','New planned cost added for task task165','2015-04-18 16:39:32',1),(748,NULL,'NEW','Activity activity166 added by sanjeev@ontargetcloud.com','2015-04-18 16:39:32',1),(749,NULL,'NEW','New task task166 added by sanjeev@ontargetcloud.com','2015-04-18 16:39:32',1),(750,NULL,'NEW','New planned cost added for task task166','2015-04-18 16:39:32',1),(751,NULL,'NEW','New planned cost added for task task166','2015-04-18 16:39:32',1),(752,NULL,'NEW','Activity activity167 added by sanjeev@ontargetcloud.com','2015-04-18 16:39:32',1),(753,NULL,'NEW','New task task167 added by sanjeev@ontargetcloud.com','2015-04-18 16:39:32',1),(754,NULL,'NEW','New planned cost added for task task167','2015-04-18 16:39:32',1),(755,NULL,'NEW','New planned cost added for task task167','2015-04-18 16:39:32',1),(756,NULL,'NEW','Activity activity168 added by sanjeev@ontargetcloud.com','2015-04-18 16:39:33',1),(757,NULL,'NEW','New task task168 added by sanjeev@ontargetcloud.com','2015-04-18 16:39:33',1),(758,NULL,'NEW','New planned cost added for task task168','2015-04-18 16:39:33',1),(759,NULL,'NEW','New planned cost added for task task168','2015-04-18 16:39:33',1),(760,NULL,'NEW','Activity activity169 added by sanjeev@ontargetcloud.com','2015-04-18 16:39:33',1),(761,NULL,'NEW','New task task169 added by sanjeev@ontargetcloud.com','2015-04-18 16:39:33',1),(762,NULL,'NEW','New planned cost added for task task169','2015-04-18 16:39:33',1),(763,NULL,'NEW','New planned cost added for task task169','2015-04-18 16:39:33',1),(764,NULL,'NEW','Activity activity170 added by sanjeev@ontargetcloud.com','2015-04-18 16:39:33',1),(765,NULL,'NEW','New task task170 added by sanjeev@ontargetcloud.com','2015-04-18 16:39:33',1),(766,NULL,'NEW','New planned cost added for task task170','2015-04-18 16:39:33',1),(767,NULL,'NEW','New planned cost added for task task170','2015-04-18 16:39:33',1),(768,NULL,'NEW','Activity activity171 added by sanjeev@ontargetcloud.com','2015-04-18 16:39:33',1),(769,NULL,'NEW','New task task171 added by sanjeev@ontargetcloud.com','2015-04-18 16:39:33',1),(770,NULL,'NEW','New planned cost added for task task171','2015-04-18 16:39:33',1),(771,NULL,'NEW','New planned cost added for task task171','2015-04-18 16:39:33',1),(772,NULL,'NEW','Activity activity172 added by sanjeev@ontargetcloud.com','2015-04-18 16:39:33',1),(773,NULL,'NEW','New task task172 added by sanjeev@ontargetcloud.com','2015-04-18 16:39:33',1),(774,NULL,'NEW','New planned cost added for task task172','2015-04-18 16:39:33',1),(775,NULL,'NEW','New planned cost added for task task172','2015-04-18 16:39:33',1),(776,NULL,'NEW','Activity activity173 added by sanjeev@ontargetcloud.com','2015-04-18 16:39:33',1),(777,NULL,'NEW','New task task173 added by sanjeev@ontargetcloud.com','2015-04-18 16:39:33',1),(778,NULL,'NEW','New planned cost added for task task173','2015-04-18 16:39:33',1),(779,NULL,'NEW','New planned cost added for task task173','2015-04-18 16:39:33',1),(780,NULL,'NEW','Activity activity174 added by sanjeev@ontargetcloud.com','2015-04-18 16:39:33',1),(781,NULL,'NEW','New task task174 added by sanjeev@ontargetcloud.com','2015-04-18 16:39:33',1),(782,NULL,'NEW','New planned cost added for task task174','2015-04-18 16:39:33',1),(783,NULL,'NEW','New planned cost added for task task174','2015-04-18 16:39:33',1),(784,NULL,'NEW','Activity activity175 added by sanjeev@ontargetcloud.com','2015-04-18 16:39:33',1),(785,NULL,'NEW','New task task175 added by sanjeev@ontargetcloud.com','2015-04-18 16:39:33',1),(786,NULL,'NEW','New planned cost added for task task175','2015-04-18 16:39:33',1),(787,NULL,'NEW','New planned cost added for task task175','2015-04-18 16:39:33',1),(788,NULL,'NEW','Activity activity176 added by sanjeev@ontargetcloud.com','2015-04-18 16:39:33',1),(789,NULL,'NEW','New task task176 added by sanjeev@ontargetcloud.com','2015-04-18 16:39:33',1),(790,NULL,'NEW','New planned cost added for task task176','2015-04-18 16:39:33',1),(791,NULL,'NEW','New planned cost added for task task176','2015-04-18 16:39:33',1),(792,NULL,'NEW','Activity activity177 added by sanjeev@ontargetcloud.com','2015-04-18 16:39:33',1),(793,NULL,'NEW','New task task177 added by sanjeev@ontargetcloud.com','2015-04-18 16:39:33',1),(794,NULL,'NEW','New planned cost added for task task177','2015-04-18 16:39:33',1),(795,NULL,'NEW','New planned cost added for task task177','2015-04-18 16:39:33',1),(796,NULL,'NEW','Activity activity178 added by sanjeev@ontargetcloud.com','2015-04-18 16:39:33',1),(797,NULL,'NEW','New task task178 added by sanjeev@ontargetcloud.com','2015-04-18 16:39:33',1),(798,NULL,'NEW','New planned cost added for task task178','2015-04-18 16:39:33',1),(799,NULL,'NEW','New planned cost added for task task178','2015-04-18 16:39:33',1),(800,NULL,'NEW','Activity activity179 added by sanjeev@ontargetcloud.com','2015-04-18 16:39:33',1),(801,NULL,'NEW','New task task179 added by sanjeev@ontargetcloud.com','2015-04-18 16:39:33',1),(802,NULL,'NEW','New planned cost added for task task179','2015-04-18 16:39:33',1),(803,NULL,'NEW','New planned cost added for task task179','2015-04-18 16:39:33',1),(804,NULL,'NEW','Activity activity180 added by sanjeev@ontargetcloud.com','2015-04-18 16:39:33',1),(805,NULL,'NEW','New task task180 added by sanjeev@ontargetcloud.com','2015-04-18 16:39:33',1),(806,NULL,'NEW','New planned cost added for task task180','2015-04-18 16:39:33',1),(807,NULL,'NEW','New planned cost added for task task180','2015-04-18 16:39:33',1),(808,NULL,'NEW','Activity activity181 added by sanjeev@ontargetcloud.com','2015-04-18 16:39:33',1),(809,NULL,'NEW','New task task181 added by sanjeev@ontargetcloud.com','2015-04-18 16:39:33',1),(810,NULL,'NEW','New planned cost added for task task181','2015-04-18 16:39:33',1),(811,NULL,'NEW','New planned cost added for task task181','2015-04-18 16:39:34',1),(812,NULL,'NEW','Activity activity182 added by sanjeev@ontargetcloud.com','2015-04-18 16:39:34',1),(813,NULL,'NEW','New task task182 added by sanjeev@ontargetcloud.com','2015-04-18 16:39:34',1),(814,NULL,'NEW','New planned cost added for task task182','2015-04-18 16:39:34',1),(815,NULL,'NEW','New planned cost added for task task182','2015-04-18 16:39:34',1),(816,NULL,'NEW','Activity activity183 added by sanjeev@ontargetcloud.com','2015-04-18 16:39:34',1),(817,NULL,'NEW','New task task183 added by sanjeev@ontargetcloud.com','2015-04-18 16:39:34',1),(818,NULL,'NEW','New planned cost added for task task183','2015-04-18 16:39:34',1),(819,NULL,'NEW','New planned cost added for task task183','2015-04-18 16:39:34',1),(820,NULL,'NEW','Activity activity184 added by sanjeev@ontargetcloud.com','2015-04-18 16:39:34',1),(821,NULL,'NEW','New task task184 added by sanjeev@ontargetcloud.com','2015-04-18 16:39:34',1),(822,NULL,'NEW','New planned cost added for task task184','2015-04-18 16:39:34',1),(823,NULL,'NEW','New planned cost added for task task184','2015-04-18 16:39:34',1),(824,NULL,'NEW','Activity activity185 added by sanjeev@ontargetcloud.com','2015-04-18 16:39:34',1),(825,NULL,'NEW','New task task185 added by sanjeev@ontargetcloud.com','2015-04-18 16:39:34',1),(826,NULL,'NEW','New planned cost added for task task185','2015-04-18 16:39:34',1),(827,NULL,'NEW','New planned cost added for task task185','2015-04-18 16:39:34',1),(828,NULL,'NEW','Activity activity186 added by sanjeev@ontargetcloud.com','2015-04-18 16:39:34',1),(829,NULL,'NEW','New task task186 added by sanjeev@ontargetcloud.com','2015-04-18 16:39:34',1),(830,NULL,'NEW','New planned cost added for task task186','2015-04-18 16:39:34',1),(831,NULL,'NEW','New planned cost added for task task186','2015-04-18 16:39:34',1),(832,NULL,'NEW','Activity activity187 added by sanjeev@ontargetcloud.com','2015-04-18 16:39:34',1),(833,NULL,'NEW','New task task187 added by sanjeev@ontargetcloud.com','2015-04-18 16:39:34',1),(834,NULL,'NEW','New planned cost added for task task187','2015-04-18 16:39:34',1),(835,NULL,'NEW','New planned cost added for task task187','2015-04-18 16:39:34',1),(836,NULL,'NEW','Activity activity188 added by sanjeev@ontargetcloud.com','2015-04-18 16:39:34',1),(837,NULL,'NEW','New task task188 added by sanjeev@ontargetcloud.com','2015-04-18 16:39:34',1),(838,NULL,'NEW','New planned cost added for task task188','2015-04-18 16:39:34',1),(839,NULL,'NEW','New planned cost added for task task188','2015-04-18 16:39:34',1),(840,NULL,'NEW','Activity activity189 added by sanjeev@ontargetcloud.com','2015-04-18 16:39:34',1),(841,NULL,'NEW','New task task189 added by sanjeev@ontargetcloud.com','2015-04-18 16:39:34',1),(842,NULL,'NEW','New planned cost added for task task189','2015-04-18 16:39:34',1),(843,NULL,'NEW','New planned cost added for task task189','2015-04-18 16:39:34',1),(844,NULL,'NEW','Activity activity190 added by sanjeev@ontargetcloud.com','2015-04-18 16:39:34',1),(845,NULL,'NEW','New task task190 added by sanjeev@ontargetcloud.com','2015-04-18 16:39:34',1),(846,NULL,'NEW','New planned cost added for task task190','2015-04-18 16:39:34',1),(847,NULL,'NEW','New planned cost added for task task190','2015-04-18 16:39:34',1),(848,NULL,'NEW','Activity activity191 added by sanjeev@ontargetcloud.com','2015-04-18 16:39:34',1),(849,NULL,'NEW','New task task191 added by sanjeev@ontargetcloud.com','2015-04-18 16:39:34',1),(850,NULL,'NEW','New planned cost added for task task191','2015-04-18 16:39:34',1),(851,NULL,'NEW','New planned cost added for task task191','2015-04-18 16:39:34',1),(852,NULL,'NEW','Activity activity192 added by sanjeev@ontargetcloud.com','2015-04-18 16:39:34',1),(853,NULL,'NEW','New task task192 added by sanjeev@ontargetcloud.com','2015-04-18 16:39:34',1),(854,NULL,'NEW','New planned cost added for task task192','2015-04-18 16:39:35',1),(855,NULL,'NEW','New planned cost added for task task192','2015-04-18 16:39:35',1),(856,NULL,'NEW','Activity activity193 added by sanjeev@ontargetcloud.com','2015-04-18 16:39:35',1),(857,NULL,'NEW','New task task193 added by sanjeev@ontargetcloud.com','2015-04-18 16:39:35',1),(858,NULL,'NEW','New planned cost added for task task193','2015-04-18 16:39:35',1),(859,NULL,'NEW','New planned cost added for task task193','2015-04-18 16:39:35',1),(860,NULL,'NEW','Activity activity194 added by sanjeev@ontargetcloud.com','2015-04-18 16:39:35',1),(861,NULL,'NEW','New task task194 added by sanjeev@ontargetcloud.com','2015-04-18 16:39:35',1),(862,NULL,'NEW','New planned cost added for task task194','2015-04-18 16:39:35',1),(863,NULL,'NEW','New planned cost added for task task194','2015-04-18 16:39:35',1),(864,NULL,'NEW','Activity activity195 added by sanjeev@ontargetcloud.com','2015-04-18 16:39:35',1),(865,NULL,'NEW','New task task195 added by sanjeev@ontargetcloud.com','2015-04-18 16:39:35',1),(866,NULL,'NEW','New planned cost added for task task195','2015-04-18 16:39:35',1),(867,NULL,'NEW','New planned cost added for task task195','2015-04-18 16:39:35',1),(868,NULL,'NEW','Activity activity196 added by sanjeev@ontargetcloud.com','2015-04-18 16:39:35',1),(869,NULL,'NEW','New task task196 added by sanjeev@ontargetcloud.com','2015-04-18 16:39:35',1),(870,NULL,'NEW','New planned cost added for task task196','2015-04-18 16:39:35',1),(871,NULL,'NEW','New planned cost added for task task196','2015-04-18 16:39:35',1),(872,NULL,'NEW','Activity activity197 added by sanjeev@ontargetcloud.com','2015-04-18 16:39:35',1),(873,NULL,'NEW','New task task197 added by sanjeev@ontargetcloud.com','2015-04-18 16:39:35',1),(874,NULL,'NEW','New planned cost added for task task197','2015-04-18 16:39:35',1),(875,NULL,'NEW','New planned cost added for task task197','2015-04-18 16:39:35',1),(876,NULL,'NEW','Activity activity198 added by sanjeev@ontargetcloud.com','2015-04-18 16:39:35',1),(877,NULL,'NEW','New task task198 added by sanjeev@ontargetcloud.com','2015-04-18 16:39:35',1),(878,NULL,'NEW','New planned cost added for task task198','2015-04-18 16:39:35',1),(879,NULL,'NEW','New planned cost added for task task198','2015-04-18 16:39:35',1),(880,NULL,'NEW','Activity activity199 added by sanjeev@ontargetcloud.com','2015-04-18 16:39:35',1),(881,NULL,'NEW','New task task199 added by sanjeev@ontargetcloud.com','2015-04-18 16:39:35',1),(882,NULL,'NEW','New planned cost added for task task199','2015-04-18 16:39:35',1),(883,NULL,'NEW','New planned cost added for task task199','2015-04-18 16:39:35',1),(884,NULL,'NEW','Activity activity1 added by sanjeev@ontargetcloud.com','2015-04-18 18:12:53',1),(885,NULL,'NEW','New task task1 added by sanjeev@ontargetcloud.com','2015-04-18 18:12:53',1),(886,NULL,'NEW','New planned cost added for task task1','2015-04-18 18:12:53',1),(887,NULL,'NEW','New planned cost added for task task1','2015-04-18 18:12:53',1),(888,NULL,'NEW','Activity activity2 added by sanjeev@ontargetcloud.com','2015-04-18 18:12:53',1),(889,NULL,'NEW','New task task2 added by sanjeev@ontargetcloud.com','2015-04-18 18:12:53',1),(890,NULL,'NEW','New planned cost added for task task2','2015-04-18 18:12:53',1),(891,NULL,'NEW','New planned cost added for task task2','2015-04-18 18:12:53',1),(892,NULL,'NEW','Activity activity3 added by sanjeev@ontargetcloud.com','2015-04-18 18:12:54',1),(893,NULL,'NEW','New task task3 added by sanjeev@ontargetcloud.com','2015-04-18 18:12:54',1),(894,NULL,'NEW','New planned cost added for task task3','2015-04-18 18:12:54',1),(895,NULL,'NEW','New planned cost added for task task3','2015-04-18 18:12:54',1),(896,NULL,'NEW','Activity activity1 added by sanjeev@ontargetcloud.com','2015-04-18 18:23:13',1),(897,NULL,'NEW','New task task1 added by sanjeev@ontargetcloud.com','2015-04-18 18:23:13',1),(898,NULL,'NEW','New planned cost added for task task1','2015-04-18 18:23:13',1),(899,NULL,'NEW','New planned cost added for task task1','2015-04-18 18:23:13',1),(900,NULL,'NEW','Activity activity2 added by sanjeev@ontargetcloud.com','2015-04-18 18:23:13',1),(901,NULL,'NEW','New task task2 added by sanjeev@ontargetcloud.com','2015-04-18 18:23:13',1),(902,NULL,'NEW','New planned cost added for task task2','2015-04-18 18:23:13',1),(903,NULL,'NEW','New planned cost added for task task2','2015-04-18 18:23:13',1),(904,NULL,'NEW','Activity activity3 added by sanjeev@ontargetcloud.com','2015-04-18 18:23:13',1),(905,NULL,'NEW','New task task3 added by sanjeev@ontargetcloud.com','2015-04-18 18:23:13',1),(906,NULL,'NEW','New planned cost added for task task3','2015-04-18 18:23:13',1),(907,NULL,'NEW','New planned cost added for task task3','2015-04-18 18:23:13',1),(908,NULL,'NEW','Activity with id 30  updated by sanjeev@ontargetcloud.com','2015-04-19 19:50:15',1),(909,NULL,'NEW','Task of id 24 updated by sanjeev@ontargetcloud.com','2015-04-19 19:55:47',1),(910,NULL,'NEW','Task of id 24 updated by sanjeev@ontargetcloud.com','2015-04-19 20:27:07',1),(911,NULL,'NEW','Activity activity1 added by sanjeev@ontargetcloud.com','2015-05-01 15:18:16',1),(912,NULL,'NEW','New task task1 added by sanjeev@ontargetcloud.com','2015-05-01 15:18:17',1),(913,NULL,'NEW','New planned cost added for task task1','2015-05-01 15:18:17',1),(914,NULL,'NEW','New planned cost added for task task1','2015-05-01 15:18:17',1),(915,NULL,'NEW','Activity activity1 added by sanjeev@ontargetcloud.com','2015-05-01 15:18:44',1),(916,NULL,'NEW','New task task1 added by sanjeev@ontargetcloud.com','2015-05-01 15:18:44',1),(917,NULL,'NEW','New planned cost added for task task1','2015-05-01 15:18:44',1),(918,NULL,'NEW','New planned cost added for task task1','2015-05-01 15:18:44',1),(919,NULL,'NEW','Task of id 17 updated by sanjeev@ontargetcloud.com','2015-05-01 22:07:15',1),(920,NULL,'NEW','Comment this is test comment added on task task1','2015-05-01 22:07:16',1),(921,NULL,'NEW','New file sa.jpg uploaded for task task1','2015-05-01 22:07:17',1),(922,NULL,'NEW',NULL,'2015-05-01 22:07:29',1),(923,NULL,'NEW','Task of id 17 updated by sanjeev@ontargetcloud.com','2015-05-01 22:07:29',1),(924,NULL,'NEW','New task task1 added by sanjeev@ontargetcloud.com','2015-05-01 22:07:30',1),(925,NULL,'NEW','Task of id 17 updated by sanjeev@ontargetcloud.com','2015-05-01 22:17:46',1),(926,NULL,'NEW','Comment this is test comment added on task task1','2015-05-01 22:17:47',1),(927,NULL,'NEW','New file sa.jpg uploaded for task task1','2015-05-01 22:17:48',1),(928,NULL,'NEW',NULL,'2015-05-01 22:17:59',1),(929,NULL,'NEW','New task task1 added by sanjeev@ontargetcloud.com','2015-05-01 22:18:00',1),(930,NULL,'NEW','Task of id 17 updated by sanjeev@ontargetcloud.com','2015-05-01 22:18:01',1),(931,NULL,'NEW','Activity project name added by sanjeev@ontargetcloud.com','2015-05-01 22:21:16',1),(932,NULL,'NEW','Activity project name added by sanjeev@ontargetcloud.com','2015-05-01 22:22:20',1),(933,NULL,'NEW','Task of id 17 updated by sanjeev@ontargetcloud.com','2015-05-01 22:50:23',1),(934,NULL,'NEW','Comment this is test comment added on task task1','2015-05-01 22:50:24',1),(935,NULL,'NEW','New file sa.jpg uploaded for task task1','2015-05-01 22:50:25',1),(936,NULL,'NEW',NULL,'2015-05-01 22:50:35',1),(937,NULL,'NEW','Task of id 17 updated by sanjeev@ontargetcloud.com','2015-05-01 22:50:36',1),(938,NULL,'NEW','New task task1 added by sanjeev@ontargetcloud.com','2015-05-01 22:50:36',1),(939,NULL,'NEW','New task task1 added by sanjeev@ontargetcloud.com','2015-05-01 22:52:07',1),(940,NULL,'NEW','Activity task1 added by sanjeev','2015-05-09 18:52:55',1),(941,NULL,'NEW','Activity with id 2  updated by sanjeev','2015-05-09 18:54:25',1),(942,NULL,'NEW','Task of id 16 updated by sanjeev','2015-05-11 22:30:54',1),(943,'2015-05-11 23:22:16','SEEN','Task of id 16 updated by sanjeev','2015-05-11 22:31:01',1),(944,NULL,'NEW','Activity project name added by sanjeev','2015-05-16 15:40:04',1),(945,NULL,'NEW','Activity project name added by sanjeev','2015-05-16 15:40:18',1),(946,NULL,'NEW','Activity project name added by sanjeev','2015-05-16 15:43:23',1),(947,NULL,'NEW','Activity with id 5  updated by sanjeev','2015-05-16 15:46:55',1),(948,NULL,'NEW','Activity with id 5  updated by sanjeev','2015-05-16 15:47:05',1),(949,NULL,'NEW','Activity project name added by sanjeev','2015-05-16 15:48:00',1),(950,NULL,'NEW','Activity project name added by sanjeev','2015-05-16 16:22:14',1),(951,NULL,'NEW','Activity project name added by sanjeev','2015-05-16 16:37:21',1),(952,NULL,'NEW','Activity with id 7  updated by sanjeev','2015-05-16 16:39:56',1),(953,NULL,'NEW','Activity with id 7  updated by sanjeev','2015-05-16 16:40:22',1),(954,NULL,'NEW','Activity with id 7  updated by sanjeev','2015-05-16 16:40:38',1),(955,NULL,'NEW','Activity with id 7  updated by sanjeev','2015-05-16 16:41:47',1),(956,NULL,'NEW','Activity santosh added by sanjeev','2015-06-02 20:47:16',1),(957,NULL,'NEW','Activity santosh added by sanjeev','2015-06-02 21:06:41',1),(958,NULL,'NEW','Activity santosh added by sanjeev','2015-06-02 21:41:58',1),(959,NULL,'NEW','Activity santosh added by sanjeev','2015-06-02 21:46:15',1),(960,NULL,'NEW','Activity with id 2  updated by sanjeev','2015-06-02 21:46:39',1),(961,NULL,'NEW','Activity with id 2  updated by sanjeev','2015-06-02 21:46:55',1),(962,NULL,'NEW','Activity with id 21  updated by sanjeev','2015-06-02 21:49:12',1),(963,NULL,'NEW','Activity project name added by sanjeev','2015-06-02 21:49:14',1),(964,NULL,'NEW','Activity project name added by sanjeev','2015-06-02 21:49:33',1),(965,NULL,'NEW','Activity pp11 added by sanjeev','2015-06-02 21:50:42',1),(966,NULL,'NEW','Activity with id 22  updated by sanjeev','2015-06-02 21:56:51',1),(967,NULL,'NEW','Activity with id 23  updated by sanjeev','2015-06-02 21:57:02',1),(968,NULL,'NEW','Activity with id 2  updated by sanjeev','2015-06-02 22:19:54',1),(969,NULL,'NEW','Activity with id 2  updated by sanjeev','2015-06-02 22:24:06',1),(970,NULL,'NEW','Activity with id 7  updated by sanjeev','2015-06-02 22:32:33',1),(971,NULL,'NEW','Activity ppabc added by sanjeev','2015-06-02 22:35:19',1),(972,NULL,'NEW','Activity pp123 added by sanjeev','2015-06-02 22:56:10',1),(973,NULL,'NEW','Activity santoshpp1 added by sanjeev','2015-06-02 22:56:54',1),(974,NULL,'NEW','Activity activity123 added by sanjeev','2015-06-03 00:08:15',1),(975,NULL,'NEW','Activity activity2 added by sanjeev','2015-06-03 00:32:37',1),(976,NULL,'NEW','Activity activity9 added by sanjeev','2015-06-03 00:50:59',1),(977,NULL,'NEW','New task task123 added by sanjeev','2015-06-03 08:40:13',1),(978,NULL,'NEW','Comment comment1 added on task task123','2015-06-03 08:40:26',1),(979,NULL,'NEW','New planned cost added for task task123','2015-06-03 08:40:37',1),(980,NULL,'NEW','New planned cost added for task task123','2015-06-03 08:40:37',1),(981,NULL,'NEW','New file projectapi.pdf uploaded for task task123','2015-06-03 08:41:31',1),(982,NULL,'NEW','Comment comment2 added on task task123','2015-06-03 08:42:03',1),(983,NULL,'NEW','Activity with id 30  updated by sanjeev','2015-06-03 08:54:14',1),(984,NULL,'NEW','Activity activity123 added by sanjeev','2015-06-03 18:42:18',1),(985,NULL,'NEW','Activity with id 31  updated by sanjeev','2015-06-03 18:42:29',1),(986,NULL,'NEW','Activity with id 31  updated by sanjeev','2015-06-03 19:18:15',1),(987,NULL,'NEW','Activity with id 30  updated by sanjeev','2015-06-03 19:21:40',1),(988,NULL,'NEW','Activity with id 31  updated by sanjeev','2015-06-03 19:21:41',1),(989,NULL,'NEW','Activity with id 31  updated by sanjeev','2015-06-03 19:21:59',1),(990,NULL,'NEW','Activity with id 31  updated by sanjeev','2015-06-03 19:22:56',1),(991,NULL,'NEW','Activity with id 31  updated by sanjeev','2015-06-03 19:23:42',1),(992,NULL,'NEW','Activity with id 31  updated by sanjeev','2015-06-03 19:23:54',1),(993,NULL,'NEW','Activity with id 31  updated by sanjeev','2015-06-03 19:24:58',1),(994,NULL,'NEW','Activity with id 31  updated by sanjeev','2015-06-03 19:25:29',1),(995,NULL,'NEW','Activity with id 8  updated by sanjeev','2015-06-03 19:33:09',1),(996,NULL,'NEW','Activity with id 31  updated by sanjeev','2015-06-03 19:51:19',1),(997,NULL,'NEW','New task task1 added by sanjeev','2015-06-03 19:52:19',1),(998,NULL,'NEW','New file 20150509.txt uploaded for task task1','2015-06-03 19:56:10',1),(999,NULL,'NEW','New file localhost.jpeg uploaded for task task1','2015-06-03 20:48:29',1),(1000,NULL,'NEW','Task of id 18 updated by sanjeev','2015-06-03 20:49:32',1),(1001,NULL,'NEW','New planned cost added for task task1jjj','2015-06-03 20:49:53',1),(1002,NULL,'NEW','New planned cost added for task task1jjj','2015-06-03 20:49:53',1),(1003,NULL,'NEW','Activity with id 28  updated by sanjeev','2015-06-03 21:52:03',1),(1004,NULL,'NEW','Activity with id 7  updated by sanjeev','2015-06-04 07:56:38',1),(1009,NULL,'NEW','Activity with id 1  updated by sanjeev','2015-06-04 07:58:24',1),(1010,NULL,'NEW','Activity with id 2  updated by sanjeev','2015-06-04 07:58:24',1),(1011,NULL,'NEW','Activity with id 7  updated by sanjeev','2015-06-04 07:58:24',1),(1012,NULL,'NEW','Activity with id 8  updated by sanjeev','2015-06-04 07:58:24',1),(1013,NULL,'NEW','Activity with id 10  updated by sanjeev','2015-06-04 07:58:24',1),(1014,NULL,'NEW','Activity with id 18  updated by sanjeev','2015-06-04 07:58:24',1),(1015,NULL,'NEW','Activity with id 20  updated by sanjeev','2015-06-04 07:58:24',1),(1016,NULL,'NEW','Activity with id 21  updated by sanjeev','2015-06-04 07:58:24',1),(1017,NULL,'NEW','Activity with id 22  updated by sanjeev','2015-06-04 07:58:24',1),(1018,NULL,'NEW','Activity with id 23  updated by sanjeev','2015-06-04 07:58:24',1),(1019,NULL,'NEW','Activity with id 24  updated by sanjeev','2015-06-04 07:58:24',1),(1020,NULL,'NEW','Activity with id 25  updated by sanjeev','2015-06-04 07:58:24',1),(1021,NULL,'NEW','Activity with id 26  updated by sanjeev','2015-06-04 07:58:24',1),(1022,NULL,'NEW','Activity with id 27  updated by sanjeev','2015-06-04 07:58:24',1),(1023,NULL,'NEW','Activity with id 28  updated by sanjeev','2015-06-04 07:58:24',1),(1024,NULL,'NEW','Activity with id 29  updated by sanjeev','2015-06-04 07:58:24',1),(1025,NULL,'NEW','Activity with id 30  updated by sanjeev','2015-06-04 07:58:24',1),(1026,NULL,'NEW','Activity with id 31  updated by sanjeev','2015-06-04 07:58:24',1),(1027,NULL,'NEW','Activity with id 2  updated by sanjeev','2015-06-04 07:59:53',1),(1028,NULL,'NEW','Activity with id 7  updated by sanjeev','2015-06-04 08:00:07',1),(1029,NULL,'NEW','Activity with id 1  updated by sanjeev','2015-06-04 08:00:15',1),(1030,NULL,'NEW','Activity with id 2  updated by sanjeev','2015-06-04 08:00:15',1),(1031,NULL,'NEW','Activity with id 7  updated by sanjeev','2015-06-04 08:00:15',1),(1032,NULL,'NEW','Activity with id 8  updated by sanjeev','2015-06-04 08:00:15',1),(1033,NULL,'NEW','Activity with id 10  updated by sanjeev','2015-06-04 08:00:15',1),(1034,NULL,'NEW','Activity with id 18  updated by sanjeev','2015-06-04 08:00:15',1),(1035,NULL,'NEW','Activity with id 20  updated by sanjeev','2015-06-04 08:00:15',1),(1036,NULL,'NEW','Activity with id 21  updated by sanjeev','2015-06-04 08:00:15',1),(1037,NULL,'NEW','Activity with id 22  updated by sanjeev','2015-06-04 08:00:15',1),(1038,NULL,'NEW','Activity with id 23  updated by sanjeev','2015-06-04 08:00:15',1),(1039,NULL,'NEW','Activity with id 24  updated by sanjeev','2015-06-04 08:00:15',1),(1040,NULL,'NEW','Activity with id 25  updated by sanjeev','2015-06-04 08:00:15',1),(1041,NULL,'NEW','Activity with id 26  updated by sanjeev','2015-06-04 08:00:15',1),(1042,NULL,'NEW','Activity with id 27  updated by sanjeev','2015-06-04 08:00:15',1),(1043,NULL,'NEW','Activity with id 28  updated by sanjeev','2015-06-04 08:00:15',1),(1044,NULL,'NEW','Activity with id 29  updated by sanjeev','2015-06-04 08:00:15',1),(1045,NULL,'NEW','Activity with id 30  updated by sanjeev','2015-06-04 08:00:15',1),(1046,NULL,'NEW','Activity with id 31  updated by sanjeev','2015-06-04 08:00:15',1),(1047,NULL,'NEW','Activity with id 2  updated by sanjeev','2015-06-04 08:30:03',1),(1048,NULL,'NEW','Activity with id 7  updated by sanjeev','2015-06-04 08:30:04',1),(1049,NULL,'NEW','Activity with id 8  updated by sanjeev','2015-06-04 08:30:05',1),(1050,NULL,'NEW','Activity with id 10  updated by sanjeev','2015-06-04 08:30:05',1),(1051,NULL,'NEW','Activity with id 18  updated by sanjeev','2015-06-04 08:30:06',1),(1052,NULL,'NEW','Activity with id 20  updated by sanjeev','2015-06-04 08:30:06',1),(1053,NULL,'NEW','Activity with id 21  updated by sanjeev','2015-06-04 08:30:07',1),(1054,NULL,'NEW','Activity with id 22  updated by sanjeev','2015-06-04 08:30:07',1),(1055,NULL,'NEW','Activity with id 23  updated by sanjeev','2015-06-04 08:30:08',1),(1056,NULL,'NEW','Activity with id 24  updated by sanjeev','2015-06-04 08:30:09',1),(1057,NULL,'NEW','Activity with id 25  updated by sanjeev','2015-06-04 08:30:09',1),(1058,NULL,'NEW','Activity with id 26  updated by sanjeev','2015-06-04 08:30:10',1),(1059,NULL,'NEW','Activity with id 27  updated by sanjeev','2015-06-04 08:30:11',1),(1060,NULL,'NEW','Activity with id 28  updated by sanjeev','2015-06-04 08:30:11',1),(1061,NULL,'NEW','Activity with id 29  updated by sanjeev','2015-06-04 08:30:13',1),(1062,NULL,'NEW','Activity with id 30  updated by sanjeev','2015-06-04 08:30:13',1),(1063,NULL,'NEW','Activity with id 31  updated by sanjeev','2015-06-04 08:30:14',1),(1064,NULL,'NEW','Task of id 17 updated by sanjeev','2015-06-06 11:57:44',1),(1065,NULL,'NEW','Task of id 18 updated by sanjeev','2015-06-06 11:57:44',1),(1066,NULL,'NEW','Activity activityabc added by sanjeev','2015-06-06 12:23:19',1),(1067,NULL,'NEW','New task taskabc added by sanjeev','2015-06-06 12:23:43',1),(1068,NULL,'NEW','Activity with id 32  updated by sanjeev','2015-06-06 12:27:05',1),(1069,NULL,'NEW','New file index.jpeg uploaded for task taskabc','2015-06-06 12:57:15',1),(1070,NULL,'NEW','New file a1.jpeg uploaded for task taskabc','2015-06-06 12:59:09',1),(1071,NULL,'NEW','Task of id 18 updated by sanjeev','2015-06-06 15:17:52',1),(1072,NULL,'NEW','Task of id 17 updated by sanjeev','2015-06-06 15:17:53',1),(1073,NULL,'NEW','Task of id 17 updated by sanjeev','2015-06-06 15:27:12',1),(1074,NULL,'NEW','Task of id 18 updated by sanjeev','2015-06-06 15:27:13',1),(1075,NULL,'NEW','Activity with id 1  updated by sanjeev','2015-06-06 17:47:40',1),(1076,NULL,'NEW','Activity Project1 added by sanjeev','2015-06-06 18:23:59',1),(1077,NULL,'NEW','Activity with id 2  updated by sanjeev','2015-06-06 18:26:56',1),(1078,NULL,'NEW','Activity with id 2  updated by sanjeev','2015-06-06 18:26:59',1),(1079,NULL,'NEW','Activity Activity1 added by sanjeev','2015-06-06 18:30:24',1),(1080,NULL,'NEW','New task Activity1 Task1 added by sanjeev','2015-06-06 18:31:49',1),(1081,NULL,'NEW','Activity with id 3  updated by sanjeev','2015-06-06 18:46:36',1),(1082,NULL,'NEW','New planned cost added for task Activity1 Task1','2015-06-06 18:51:12',1),(1083,NULL,'NEW','New planned cost added for task Activity1 Task1','2015-06-06 18:51:12',1),(1084,NULL,'NEW','Task of id 1 updated by sanjeev','2015-06-06 18:52:45',1),(1085,NULL,'NEW','Activity project2 added by sanjeev','2015-06-09 22:35:34',1),(1086,NULL,'NEW','Activity with id 4  updated by sanjeev','2015-06-09 22:39:54',1),(1087,NULL,'NEW','Activity activity2 added by sanjeev','2015-06-09 22:56:42',1),(1088,NULL,'NEW','Activity with id 3  updated by sanjeev','2015-06-09 23:14:33',1),(1089,NULL,'NEW','Activity with id 2  updated by sanjeev','2015-06-09 23:16:04',1),(1090,NULL,'NEW','Activity with id 2  updated by sanjeev','2015-06-09 23:30:05',1),(1091,NULL,'NEW','Activity with id 2  updated by sanjeev','2015-06-09 23:31:05',1),(1096,NULL,'NEW','Activity with id 1  updated by sanjeev','2015-06-09 23:32:06',1),(1097,NULL,'NEW','Activity with id 2  updated by sanjeev','2015-06-09 23:32:06',1),(1098,NULL,'NEW','Activity with id 3  updated by sanjeev','2015-06-09 23:32:06',1),(1099,NULL,'NEW','Activity with id 4  updated by sanjeev','2015-06-09 23:32:06',1),(1100,NULL,'NEW','Activity with id 5  updated by sanjeev','2015-06-09 23:32:06',1),(1101,NULL,'NEW','Activity with id 2  updated by sanjeev','2015-06-09 23:34:48',1),(1102,NULL,'NEW','Activity with id 1  updated by sanjeev','2015-06-09 23:35:44',1),(1103,NULL,'NEW','Activity with id 2  updated by sanjeev','2015-06-09 23:35:44',1),(1104,NULL,'NEW','Activity with id 3  updated by sanjeev','2015-06-09 23:35:44',1),(1105,NULL,'NEW','Activity with id 4  updated by sanjeev','2015-06-09 23:35:44',1),(1106,NULL,'NEW','Activity with id 5  updated by sanjeev','2015-06-09 23:35:44',1),(1107,NULL,'NEW','Activity with id 2  updated by sanjeev','2015-06-09 23:35:57',1),(1108,NULL,'NEW','Activity with id 1  updated by sanjeev','2015-06-09 23:36:32',1),(1109,NULL,'NEW','Activity with id 2  updated by sanjeev','2015-06-09 23:36:32',1),(1110,NULL,'NEW','Activity with id 3  updated by sanjeev','2015-06-09 23:36:32',1),(1111,NULL,'NEW','Activity with id 4  updated by sanjeev','2015-06-09 23:36:32',1),(1112,NULL,'NEW','Activity with id 5  updated by sanjeev','2015-06-09 23:36:32',1),(1113,NULL,'NEW','Activity with id 2  updated by sanjeev','2015-06-09 23:36:55',1),(1114,NULL,'NEW','Activity with id 3  updated by sanjeev','2015-06-09 23:38:19',1),(1115,NULL,'NEW','Activity with id 1  updated by sanjeev','2015-06-09 23:38:38',1),(1116,NULL,'NEW','Activity with id 2  updated by sanjeev','2015-06-09 23:38:38',1),(1117,NULL,'NEW','Activity with id 3  updated by sanjeev','2015-06-09 23:38:38',1),(1118,NULL,'NEW','Activity with id 4  updated by sanjeev','2015-06-09 23:38:38',1),(1119,NULL,'NEW','Activity with id 5  updated by sanjeev','2015-06-09 23:38:38',1),(1120,NULL,'NEW','Activity with id 3  updated by sanjeev','2015-06-09 23:39:44',1),(1121,NULL,'NEW','Activity activity3 added by sanjeev','2015-06-10 07:06:38',1),(1122,NULL,'NEW','Activity company11\'s Project added by admin','2015-06-10 17:46:34',4),(1123,NULL,'NEW','Activity company11\'s Project added by admin','2015-06-10 18:06:46',4),(1124,NULL,'NEW','Activity project2a added by admin','2015-06-10 18:08:39',4),(1125,NULL,'NEW','Activity with id 9  updated by sanjeev','2015-06-10 18:25:46',1),(1126,NULL,'NEW','Activity with id 2  updated by sanjeev','2015-06-10 19:21:26',1),(1127,NULL,'NEW','Activity Company1A\'s Project added by ashish','2015-06-10 19:40:41',5),(1128,NULL,'NEW','Task of id 1 updated by sanjeev','2015-06-11 07:12:17',1),(1129,NULL,'NEW','New task activity1 task2 added by sanjeev','2015-06-11 07:13:39',1),(1130,NULL,'NEW','Comment test comment added on task activity1 task2','2015-06-11 07:23:51',1),(1131,NULL,'NEW','Task of id 1 updated by sanjeev','2015-06-19 20:33:43',1);

/*Table structure for table `user_notification_attribute` */

DROP TABLE IF EXISTS `user_notification_attribute`;

CREATE TABLE `user_notification_attribute` (
  `id` bigint(20) NOT NULL AUTO_INCREMENT,
  `attribute_key` varchar(20) NOT NULL,
  `attribute_value` varchar(20) NOT NULL,
  `user_notification_id` bigint(20) NOT NULL,
  PRIMARY KEY (`id`),
  KEY `FK_3a2j0bxaiwccw4elllxy2syxm` (`user_notification_id`),
  CONSTRAINT `FK_3a2j0bxaiwccw4elllxy2syxm` FOREIGN KEY (`user_notification_id`) REFERENCES `user_notification` (`id`)
) ENGINE=InnoDB AUTO_INCREMENT=2249 DEFAULT CHARSET=latin1;

/*Data for the table `user_notification_attribute` */

insert  into `user_notification_attribute`(`id`,`attribute_key`,`attribute_value`,`user_notification_id`) values (1,'notificationType','PROJECT',1),(2,'notificationId','1',1),(3,'notificationType','PROJECT',3),(4,'notificationId','1',3),(5,'notificationType','PROJECT',10),(6,'notificationId','1',10),(7,'notificationType','PROJECT',11),(8,'notificationId','20',11),(9,'notificationType','PROJECT',12),(10,'notificationId','19',12),(11,'notificationType','PROJECT',13),(12,'notificationId','21',13),(13,'notificationType','TASK',14),(14,'notificationId','16',14),(15,'notificationType','TASK',15),(16,'notificationId','11',15),(17,'notificationType','TASK',16),(18,'notificationId','10',16),(19,'notificationType','PROJECT',17),(20,'notificationId','22',17),(21,'notificationType','PROJECT',18),(22,'notificationId','23',18),(23,'notificationType','PROJECT',19),(24,'notificationId','24',19),(25,'notificationType','PROJECT',20),(26,'notificationId','21',20),(27,'notificationType','PROJECT',21),(28,'notificationId','21',21),(29,'notificationType','PROJECT',22),(30,'notificationId','21',22),(31,'notificationType','PROJECT',23),(32,'notificationId','21',23),(33,'notificationType','PROJECT',24),(34,'notificationId','20',24),(35,'notificationType','TASK',25),(36,'notificationId','11',25),(37,'notificationType','TASK',26),(38,'notificationId','11',26),(39,'notificationType','PROJECT',27),(40,'notificationId','15',27),(41,'notificationType','PROJECT',28),(42,'notificationId','14',28),(43,'notificationType','TASK',29),(44,'notificationId','12',29),(45,'notificationType','DEPENDENT_TASK',30),(46,'notificationId','2',30),(47,'notificationType','TASK',31),(48,'notificationId','13',31),(49,'notificationType','DEPENDENT_TASK',32),(50,'notificationId','3',32),(51,'notificationType','TASK',33),(52,'notificationId','14',33),(53,'notificationType','PROJECT',34),(54,'notificationId','21',34),(55,'notificationType','PROJECT',35),(56,'notificationId','22',35),(57,'notificationType','PROJECT',36),(58,'notificationId','21',36),(59,'notificationType','TASK',37),(60,'notificationId','15',37),(61,'notificationType','DEPENDENT_TASK',38),(62,'notificationId','4',38),(63,'notificationType','TASK',39),(64,'notificationId','16',39),(65,'notificationType','DEPENDENT_TASK',40),(66,'notificationId','5',40),(67,'notificationType','DEPENDENT_TASK',41),(68,'notificationId','6',41),(69,'notificationType','TASK',42),(70,'notificationId','17',42),(71,'notificationType','PROJECT',43),(72,'notificationId','23',43),(73,'notificationType','PROJECT',44),(74,'notificationId','24',44),(75,'notificationType','TASK',45),(76,'notificationId','18',45),(77,'notificationType','TASK',46),(78,'notificationId','18',46),(79,'notificationType','COMMENT',47),(80,'notificationId','1',47),(81,'notificationType','COMMENT',48),(82,'notificationId','2',48),(83,'notificationType','PROJECT',49),(84,'notificationId','25',49),(85,'notificationType','TASK',50),(86,'notificationId','19',50),(87,'notificationType','TASK',51),(88,'notificationId','20',51),(89,'notificationType','PROJECT',52),(90,'notificationId','26',52),(91,'notificationType','TASK',53),(92,'notificationId','21',53),(93,'notificationType','PROJECT',54),(94,'notificationId','27',54),(95,'notificationType','TASK',55),(96,'notificationId','22',55),(97,'notificationType','PROJECT',56),(98,'notificationId','28',56),(99,'notificationType','TASK',57),(100,'notificationId','23',57),(101,'notificationType','TASK',58),(102,'notificationId','24',58),(103,'notificationType','PROJECT',59),(104,'notificationId','29',59),(105,'notificationType','TASK',60),(106,'notificationId','25',60),(107,'notificationType','PROJECT',61),(108,'notificationId','30',61),(109,'notificationType','TASK',62),(110,'notificationId','26',62),(111,'notificationType','PROJECT',63),(112,'notificationId','31',63),(113,'notificationType','TASK',64),(114,'notificationId','27',64),(115,'notificationType','PROJECT',65),(116,'notificationId','32',65),(117,'notificationType','TASK',66),(118,'notificationId','28',66),(119,'notificationType','PROJECT',67),(120,'notificationId','33',67),(121,'notificationType','TASK',68),(122,'notificationId','29',68),(155,'notificationType','PROJECT',85),(156,'notificationId','38',85),(157,'notificationType','TASK',86),(158,'notificationId','34',86),(159,'notificationType','COST',87),(160,'notificationId','9',87),(161,'notificationType','COST',88),(162,'notificationId','10',88),(163,'notificationType','PROJECT',89),(164,'notificationId','39',89),(165,'notificationType','TASK',90),(166,'notificationId','35',90),(167,'notificationType','COST',91),(168,'notificationId','11',91),(169,'notificationType','COST',92),(170,'notificationId','12',92),(171,'notificationType','TASK',93),(172,'notificationId','36',93),(173,'notificationType','COST',94),(174,'notificationId','13',94),(175,'notificationType','COST',95),(176,'notificationId','14',95),(177,'notificationType','PROJECT',96),(178,'notificationId','40',96),(179,'notificationType','TASK',97),(180,'notificationId','37',97),(181,'notificationType','COST',98),(182,'notificationId','15',98),(183,'notificationType','COST',99),(184,'notificationId','16',99),(185,'notificationType','PROJECT',100),(186,'notificationId','41',100),(187,'notificationType','TASK',101),(188,'notificationId','38',101),(189,'notificationType','COST',102),(190,'notificationId','17',102),(191,'notificationType','COST',103),(192,'notificationId','18',103),(193,'notificationType','PROJECT',104),(194,'notificationId','42',104),(195,'notificationType','TASK',105),(196,'notificationId','39',105),(197,'notificationType','COST',106),(198,'notificationId','19',106),(199,'notificationType','COST',107),(200,'notificationId','20',107),(201,'notificationType','PROJECT',108),(202,'notificationId','43',108),(203,'notificationType','TASK',109),(204,'notificationId','40',109),(205,'notificationType','COST',110),(206,'notificationId','21',110),(207,'notificationType','COST',111),(208,'notificationId','22',111),(209,'notificationType','PROJECT',112),(210,'notificationId','44',112),(211,'notificationType','TASK',113),(212,'notificationId','41',113),(213,'notificationType','COST',114),(214,'notificationId','23',114),(215,'notificationType','COST',115),(216,'notificationId','24',115),(217,'notificationType','PROJECT',116),(218,'notificationId','45',116),(219,'notificationType','TASK',117),(220,'notificationId','42',117),(221,'notificationType','COST',118),(222,'notificationId','25',118),(223,'notificationType','COST',119),(224,'notificationId','26',119),(225,'notificationType','PROJECT',120),(226,'notificationId','46',120),(227,'notificationType','TASK',121),(228,'notificationId','43',121),(229,'notificationType','COST',122),(230,'notificationId','27',122),(231,'notificationType','COST',123),(232,'notificationId','28',123),(233,'notificationType','PROJECT',124),(234,'notificationId','47',124),(235,'notificationType','TASK',125),(236,'notificationId','44',125),(237,'notificationType','COST',126),(238,'notificationId','29',126),(239,'notificationType','COST',127),(240,'notificationId','30',127),(241,'notificationType','PROJECT',128),(242,'notificationId','48',128),(243,'notificationType','TASK',129),(244,'notificationId','45',129),(245,'notificationType','COST',130),(246,'notificationId','31',130),(247,'notificationType','COST',131),(248,'notificationId','32',131),(249,'notificationType','PROJECT',132),(250,'notificationId','49',132),(251,'notificationType','TASK',133),(252,'notificationId','46',133),(253,'notificationType','COST',134),(254,'notificationId','33',134),(255,'notificationType','COST',135),(256,'notificationId','34',135),(257,'notificationType','PROJECT',136),(258,'notificationId','50',136),(259,'notificationType','TASK',137),(260,'notificationId','47',137),(261,'notificationType','COST',138),(262,'notificationId','35',138),(263,'notificationType','COST',139),(264,'notificationId','36',139),(265,'notificationType','PROJECT',140),(266,'notificationId','51',140),(267,'notificationType','TASK',141),(268,'notificationId','48',141),(269,'notificationType','COST',142),(270,'notificationId','37',142),(271,'notificationType','COST',143),(272,'notificationId','38',143),(273,'notificationType','PROJECT',144),(274,'notificationId','52',144),(275,'notificationType','TASK',145),(276,'notificationId','49',145),(277,'notificationType','COST',146),(278,'notificationId','39',146),(279,'notificationType','COST',147),(280,'notificationId','40',147),(281,'notificationType','PROJECT',148),(282,'notificationId','53',148),(283,'notificationType','TASK',149),(284,'notificationId','50',149),(285,'notificationType','COST',150),(286,'notificationId','41',150),(287,'notificationType','COST',151),(288,'notificationId','42',151),(289,'notificationType','PROJECT',152),(290,'notificationId','54',152),(291,'notificationType','TASK',153),(292,'notificationId','51',153),(293,'notificationType','COST',154),(294,'notificationId','43',154),(295,'notificationType','COST',155),(296,'notificationId','44',155),(297,'notificationType','PROJECT',156),(298,'notificationId','55',156),(299,'notificationType','TASK',157),(300,'notificationId','52',157),(301,'notificationType','COST',158),(302,'notificationId','45',158),(303,'notificationType','COST',159),(304,'notificationId','46',159),(305,'notificationType','PROJECT',160),(306,'notificationId','56',160),(307,'notificationType','TASK',161),(308,'notificationId','53',161),(309,'notificationType','COST',162),(310,'notificationId','47',162),(311,'notificationType','COST',163),(312,'notificationId','48',163),(313,'notificationType','PROJECT',164),(314,'notificationId','57',164),(315,'notificationType','TASK',165),(316,'notificationId','54',165),(317,'notificationType','COST',166),(318,'notificationId','49',166),(319,'notificationType','COST',167),(320,'notificationId','50',167),(321,'notificationType','PROJECT',168),(322,'notificationId','58',168),(323,'notificationType','TASK',169),(324,'notificationId','55',169),(325,'notificationType','COST',170),(326,'notificationId','51',170),(327,'notificationType','COST',171),(328,'notificationId','52',171),(329,'notificationType','PROJECT',172),(330,'notificationId','59',172),(331,'notificationType','TASK',173),(332,'notificationId','56',173),(333,'notificationType','COST',174),(334,'notificationId','53',174),(335,'notificationType','COST',175),(336,'notificationId','54',175),(337,'notificationType','PROJECT',176),(338,'notificationId','60',176),(339,'notificationType','TASK',177),(340,'notificationId','57',177),(341,'notificationType','COST',178),(342,'notificationId','55',178),(343,'notificationType','COST',179),(344,'notificationId','56',179),(345,'notificationType','PROJECT',180),(346,'notificationId','61',180),(347,'notificationType','TASK',181),(348,'notificationId','58',181),(349,'notificationType','COST',182),(350,'notificationId','57',182),(351,'notificationType','COST',183),(352,'notificationId','58',183),(353,'notificationType','PROJECT',184),(354,'notificationId','62',184),(355,'notificationType','TASK',185),(356,'notificationId','59',185),(357,'notificationType','COST',186),(358,'notificationId','59',186),(359,'notificationType','COST',187),(360,'notificationId','60',187),(361,'notificationType','PROJECT',188),(362,'notificationId','63',188),(363,'notificationType','TASK',189),(364,'notificationId','60',189),(365,'notificationType','COST',190),(366,'notificationId','61',190),(367,'notificationType','COST',191),(368,'notificationId','62',191),(369,'notificationType','PROJECT',192),(370,'notificationId','64',192),(371,'notificationType','TASK',193),(372,'notificationId','61',193),(373,'notificationType','COST',194),(374,'notificationId','63',194),(375,'notificationType','COST',195),(376,'notificationId','64',195),(377,'notificationType','PROJECT',196),(378,'notificationId','65',196),(379,'notificationType','TASK',197),(380,'notificationId','62',197),(381,'notificationType','COST',198),(382,'notificationId','65',198),(383,'notificationType','COST',199),(384,'notificationId','66',199),(385,'notificationType','PROJECT',200),(386,'notificationId','66',200),(387,'notificationType','TASK',201),(388,'notificationId','63',201),(389,'notificationType','COST',202),(390,'notificationId','67',202),(391,'notificationType','COST',203),(392,'notificationId','68',203),(393,'notificationType','PROJECT',204),(394,'notificationId','67',204),(395,'notificationType','TASK',205),(396,'notificationId','64',205),(397,'notificationType','COST',206),(398,'notificationId','69',206),(399,'notificationType','COST',207),(400,'notificationId','70',207),(401,'notificationType','PROJECT',208),(402,'notificationId','68',208),(403,'notificationType','TASK',209),(404,'notificationId','65',209),(405,'notificationType','COST',210),(406,'notificationId','71',210),(407,'notificationType','COST',211),(408,'notificationId','72',211),(409,'notificationType','PROJECT',212),(410,'notificationId','69',212),(411,'notificationType','TASK',213),(412,'notificationId','66',213),(413,'notificationType','COST',214),(414,'notificationId','73',214),(415,'notificationType','COST',215),(416,'notificationId','74',215),(417,'notificationType','PROJECT',216),(418,'notificationId','70',216),(419,'notificationType','TASK',217),(420,'notificationId','67',217),(421,'notificationType','COST',218),(422,'notificationId','75',218),(423,'notificationType','COST',219),(424,'notificationId','76',219),(425,'notificationType','PROJECT',220),(426,'notificationId','71',220),(427,'notificationType','TASK',221),(428,'notificationId','68',221),(429,'notificationType','COST',222),(430,'notificationId','77',222),(431,'notificationType','COST',223),(432,'notificationId','78',223),(433,'notificationType','PROJECT',224),(434,'notificationId','72',224),(435,'notificationType','TASK',225),(436,'notificationId','69',225),(437,'notificationType','COST',226),(438,'notificationId','79',226),(439,'notificationType','COST',227),(440,'notificationId','80',227),(441,'notificationType','PROJECT',228),(442,'notificationId','73',228),(443,'notificationType','TASK',229),(444,'notificationId','70',229),(445,'notificationType','COST',230),(446,'notificationId','81',230),(447,'notificationType','COST',231),(448,'notificationId','82',231),(449,'notificationType','PROJECT',232),(450,'notificationId','74',232),(451,'notificationType','TASK',233),(452,'notificationId','71',233),(453,'notificationType','COST',234),(454,'notificationId','83',234),(455,'notificationType','COST',235),(456,'notificationId','84',235),(457,'notificationType','PROJECT',236),(458,'notificationId','75',236),(459,'notificationType','TASK',237),(460,'notificationId','72',237),(461,'notificationType','COST',238),(462,'notificationId','85',238),(463,'notificationType','COST',239),(464,'notificationId','86',239),(465,'notificationType','PROJECT',240),(466,'notificationId','76',240),(467,'notificationType','TASK',241),(468,'notificationId','73',241),(469,'notificationType','COST',242),(470,'notificationId','87',242),(471,'notificationType','COST',243),(472,'notificationId','88',243),(473,'notificationType','PROJECT',244),(474,'notificationId','77',244),(475,'notificationType','TASK',245),(476,'notificationId','74',245),(477,'notificationType','COST',246),(478,'notificationId','89',246),(479,'notificationType','COST',247),(480,'notificationId','90',247),(481,'notificationType','PROJECT',248),(482,'notificationId','78',248),(483,'notificationType','TASK',249),(484,'notificationId','75',249),(485,'notificationType','COST',250),(486,'notificationId','91',250),(487,'notificationType','COST',251),(488,'notificationId','92',251),(489,'notificationType','PROJECT',252),(490,'notificationId','79',252),(491,'notificationType','TASK',253),(492,'notificationId','76',253),(493,'notificationType','COST',254),(494,'notificationId','93',254),(495,'notificationType','COST',255),(496,'notificationId','94',255),(497,'notificationType','PROJECT',256),(498,'notificationId','80',256),(499,'notificationType','TASK',257),(500,'notificationId','77',257),(501,'notificationType','COST',258),(502,'notificationId','95',258),(503,'notificationType','COST',259),(504,'notificationId','96',259),(505,'notificationType','PROJECT',260),(506,'notificationId','81',260),(507,'notificationType','TASK',261),(508,'notificationId','78',261),(509,'notificationType','COST',262),(510,'notificationId','97',262),(511,'notificationType','COST',263),(512,'notificationId','98',263),(513,'notificationType','PROJECT',264),(514,'notificationId','82',264),(515,'notificationType','TASK',265),(516,'notificationId','79',265),(517,'notificationType','COST',266),(518,'notificationId','99',266),(519,'notificationType','COST',267),(520,'notificationId','100',267),(521,'notificationType','PROJECT',268),(522,'notificationId','83',268),(523,'notificationType','TASK',269),(524,'notificationId','80',269),(525,'notificationType','COST',270),(526,'notificationId','101',270),(527,'notificationType','COST',271),(528,'notificationId','102',271),(529,'notificationType','PROJECT',272),(530,'notificationId','84',272),(531,'notificationType','TASK',273),(532,'notificationId','81',273),(533,'notificationType','COST',274),(534,'notificationId','103',274),(535,'notificationType','COST',275),(536,'notificationId','104',275),(537,'notificationType','PROJECT',276),(538,'notificationId','85',276),(539,'notificationType','TASK',277),(540,'notificationId','82',277),(541,'notificationType','COST',278),(542,'notificationId','105',278),(543,'notificationType','COST',279),(544,'notificationId','106',279),(545,'notificationType','PROJECT',280),(546,'notificationId','86',280),(547,'notificationType','TASK',281),(548,'notificationId','83',281),(549,'notificationType','COST',282),(550,'notificationId','107',282),(551,'notificationType','COST',283),(552,'notificationId','108',283),(553,'notificationType','PROJECT',284),(554,'notificationId','87',284),(555,'notificationType','TASK',285),(556,'notificationId','84',285),(557,'notificationType','COST',286),(558,'notificationId','109',286),(559,'notificationType','COST',287),(560,'notificationId','110',287),(561,'notificationType','PROJECT',288),(562,'notificationId','88',288),(563,'notificationType','TASK',289),(564,'notificationId','85',289),(565,'notificationType','COST',290),(566,'notificationId','111',290),(567,'notificationType','COST',291),(568,'notificationId','112',291),(569,'notificationType','PROJECT',292),(570,'notificationId','89',292),(571,'notificationType','TASK',293),(572,'notificationId','86',293),(573,'notificationType','COST',294),(574,'notificationId','113',294),(575,'notificationType','COST',295),(576,'notificationId','114',295),(577,'notificationType','PROJECT',296),(578,'notificationId','90',296),(579,'notificationType','TASK',297),(580,'notificationId','87',297),(581,'notificationType','COST',298),(582,'notificationId','115',298),(583,'notificationType','COST',299),(584,'notificationId','116',299),(585,'notificationType','PROJECT',300),(586,'notificationId','91',300),(587,'notificationType','TASK',301),(588,'notificationId','88',301),(589,'notificationType','COST',302),(590,'notificationId','117',302),(591,'notificationType','COST',303),(592,'notificationId','118',303),(593,'notificationType','PROJECT',304),(594,'notificationId','92',304),(595,'notificationType','TASK',305),(596,'notificationId','89',305),(597,'notificationType','COST',306),(598,'notificationId','119',306),(599,'notificationType','COST',307),(600,'notificationId','120',307),(601,'notificationType','PROJECT',308),(602,'notificationId','93',308),(603,'notificationType','TASK',309),(604,'notificationId','90',309),(605,'notificationType','COST',310),(606,'notificationId','121',310),(607,'notificationType','COST',311),(608,'notificationId','122',311),(609,'notificationType','PROJECT',312),(610,'notificationId','94',312),(611,'notificationType','TASK',313),(612,'notificationId','91',313),(613,'notificationType','COST',314),(614,'notificationId','123',314),(615,'notificationType','COST',315),(616,'notificationId','124',315),(617,'notificationType','PROJECT',316),(618,'notificationId','95',316),(619,'notificationType','TASK',317),(620,'notificationId','92',317),(621,'notificationType','COST',318),(622,'notificationId','125',318),(623,'notificationType','COST',319),(624,'notificationId','126',319),(625,'notificationType','PROJECT',320),(626,'notificationId','96',320),(627,'notificationType','TASK',321),(628,'notificationId','93',321),(629,'notificationType','COST',322),(630,'notificationId','127',322),(631,'notificationType','COST',323),(632,'notificationId','128',323),(633,'notificationType','PROJECT',324),(634,'notificationId','97',324),(635,'notificationType','TASK',325),(636,'notificationId','94',325),(637,'notificationType','COST',326),(638,'notificationId','129',326),(639,'notificationType','COST',327),(640,'notificationId','130',327),(641,'notificationType','PROJECT',328),(642,'notificationId','98',328),(643,'notificationType','TASK',329),(644,'notificationId','95',329),(645,'notificationType','COST',330),(646,'notificationId','131',330),(647,'notificationType','COST',331),(648,'notificationId','132',331),(649,'notificationType','PROJECT',332),(650,'notificationId','99',332),(651,'notificationType','TASK',333),(652,'notificationId','96',333),(653,'notificationType','COST',334),(654,'notificationId','133',334),(655,'notificationType','COST',335),(656,'notificationId','134',335),(657,'notificationType','PROJECT',336),(658,'notificationId','100',336),(659,'notificationType','TASK',337),(660,'notificationId','97',337),(661,'notificationType','COST',338),(662,'notificationId','135',338),(663,'notificationType','COST',339),(664,'notificationId','136',339),(665,'notificationType','PROJECT',340),(666,'notificationId','101',340),(667,'notificationType','TASK',341),(668,'notificationId','98',341),(669,'notificationType','COST',342),(670,'notificationId','137',342),(671,'notificationType','COST',343),(672,'notificationId','138',343),(673,'notificationType','PROJECT',344),(674,'notificationId','102',344),(675,'notificationType','TASK',345),(676,'notificationId','99',345),(677,'notificationType','COST',346),(678,'notificationId','139',346),(679,'notificationType','COST',347),(680,'notificationId','140',347),(681,'notificationType','PROJECT',348),(682,'notificationId','103',348),(683,'notificationType','TASK',349),(684,'notificationId','100',349),(685,'notificationType','COST',350),(686,'notificationId','141',350),(687,'notificationType','COST',351),(688,'notificationId','142',351),(689,'notificationType','PROJECT',352),(690,'notificationId','104',352),(691,'notificationType','TASK',353),(692,'notificationId','101',353),(693,'notificationType','COST',354),(694,'notificationId','143',354),(695,'notificationType','COST',355),(696,'notificationId','144',355),(697,'notificationType','PROJECT',356),(698,'notificationId','105',356),(699,'notificationType','TASK',357),(700,'notificationId','102',357),(701,'notificationType','COST',358),(702,'notificationId','145',358),(703,'notificationType','COST',359),(704,'notificationId','146',359),(705,'notificationType','PROJECT',360),(706,'notificationId','106',360),(707,'notificationType','TASK',361),(708,'notificationId','103',361),(709,'notificationType','COST',362),(710,'notificationId','147',362),(711,'notificationType','COST',363),(712,'notificationId','148',363),(713,'notificationType','PROJECT',364),(714,'notificationId','107',364),(715,'notificationType','TASK',365),(716,'notificationId','104',365),(717,'notificationType','COST',366),(718,'notificationId','149',366),(719,'notificationType','COST',367),(720,'notificationId','150',367),(721,'notificationType','PROJECT',368),(722,'notificationId','108',368),(723,'notificationType','TASK',369),(724,'notificationId','105',369),(725,'notificationType','COST',370),(726,'notificationId','151',370),(727,'notificationType','COST',371),(728,'notificationId','152',371),(729,'notificationType','PROJECT',372),(730,'notificationId','109',372),(731,'notificationType','TASK',373),(732,'notificationId','106',373),(733,'notificationType','COST',374),(734,'notificationId','153',374),(735,'notificationType','COST',375),(736,'notificationId','154',375),(737,'notificationType','PROJECT',376),(738,'notificationId','110',376),(739,'notificationType','TASK',377),(740,'notificationId','107',377),(741,'notificationType','COST',378),(742,'notificationId','155',378),(743,'notificationType','COST',379),(744,'notificationId','156',379),(745,'notificationType','PROJECT',380),(746,'notificationId','111',380),(747,'notificationType','TASK',381),(748,'notificationId','108',381),(749,'notificationType','COST',382),(750,'notificationId','157',382),(751,'notificationType','COST',383),(752,'notificationId','158',383),(753,'notificationType','PROJECT',384),(754,'notificationId','112',384),(755,'notificationType','TASK',385),(756,'notificationId','109',385),(757,'notificationType','COST',386),(758,'notificationId','159',386),(759,'notificationType','COST',387),(760,'notificationId','160',387),(761,'notificationType','PROJECT',388),(762,'notificationId','113',388),(763,'notificationType','TASK',389),(764,'notificationId','110',389),(765,'notificationType','COST',390),(766,'notificationId','161',390),(767,'notificationType','COST',391),(768,'notificationId','162',391),(769,'notificationType','PROJECT',392),(770,'notificationId','114',392),(771,'notificationType','TASK',393),(772,'notificationId','111',393),(773,'notificationType','COST',394),(774,'notificationId','163',394),(775,'notificationType','COST',395),(776,'notificationId','164',395),(777,'notificationType','PROJECT',396),(778,'notificationId','115',396),(779,'notificationType','TASK',397),(780,'notificationId','112',397),(781,'notificationType','COST',398),(782,'notificationId','165',398),(783,'notificationType','COST',399),(784,'notificationId','166',399),(785,'notificationType','PROJECT',400),(786,'notificationId','116',400),(787,'notificationType','TASK',401),(788,'notificationId','113',401),(789,'notificationType','COST',402),(790,'notificationId','167',402),(791,'notificationType','COST',403),(792,'notificationId','168',403),(793,'notificationType','PROJECT',404),(794,'notificationId','117',404),(795,'notificationType','TASK',405),(796,'notificationId','114',405),(797,'notificationType','COST',406),(798,'notificationId','169',406),(799,'notificationType','COST',407),(800,'notificationId','170',407),(801,'notificationType','PROJECT',408),(802,'notificationId','118',408),(803,'notificationType','TASK',409),(804,'notificationId','115',409),(805,'notificationType','COST',410),(806,'notificationId','171',410),(807,'notificationType','COST',411),(808,'notificationId','172',411),(809,'notificationType','PROJECT',412),(810,'notificationId','119',412),(811,'notificationType','TASK',413),(812,'notificationId','116',413),(813,'notificationType','COST',414),(814,'notificationId','173',414),(815,'notificationType','COST',415),(816,'notificationId','174',415),(817,'notificationType','PROJECT',416),(818,'notificationId','120',416),(819,'notificationType','TASK',417),(820,'notificationId','117',417),(821,'notificationType','COST',418),(822,'notificationId','175',418),(823,'notificationType','COST',419),(824,'notificationId','176',419),(825,'notificationType','PROJECT',420),(826,'notificationId','121',420),(827,'notificationType','TASK',421),(828,'notificationId','118',421),(829,'notificationType','COST',422),(830,'notificationId','177',422),(831,'notificationType','COST',423),(832,'notificationId','178',423),(833,'notificationType','PROJECT',424),(834,'notificationId','122',424),(835,'notificationType','TASK',425),(836,'notificationId','119',425),(837,'notificationType','COST',426),(838,'notificationId','179',426),(839,'notificationType','COST',427),(840,'notificationId','180',427),(841,'notificationType','PROJECT',428),(842,'notificationId','123',428),(843,'notificationType','TASK',429),(844,'notificationId','120',429),(845,'notificationType','COST',430),(846,'notificationId','181',430),(847,'notificationType','COST',431),(848,'notificationId','182',431),(849,'notificationType','PROJECT',432),(850,'notificationId','124',432),(851,'notificationType','TASK',433),(852,'notificationId','121',433),(853,'notificationType','COST',434),(854,'notificationId','183',434),(855,'notificationType','COST',435),(856,'notificationId','184',435),(857,'notificationType','PROJECT',436),(858,'notificationId','125',436),(859,'notificationType','TASK',437),(860,'notificationId','122',437),(861,'notificationType','COST',438),(862,'notificationId','185',438),(863,'notificationType','COST',439),(864,'notificationId','186',439),(865,'notificationType','PROJECT',440),(866,'notificationId','126',440),(867,'notificationType','TASK',441),(868,'notificationId','123',441),(869,'notificationType','COST',442),(870,'notificationId','187',442),(871,'notificationType','COST',443),(872,'notificationId','188',443),(873,'notificationType','PROJECT',444),(874,'notificationId','127',444),(875,'notificationType','TASK',445),(876,'notificationId','124',445),(877,'notificationType','COST',446),(878,'notificationId','189',446),(879,'notificationType','COST',447),(880,'notificationId','190',447),(881,'notificationType','PROJECT',448),(882,'notificationId','128',448),(883,'notificationType','TASK',449),(884,'notificationId','125',449),(885,'notificationType','COST',450),(886,'notificationId','191',450),(887,'notificationType','COST',451),(888,'notificationId','192',451),(889,'notificationType','PROJECT',452),(890,'notificationId','129',452),(891,'notificationType','TASK',453),(892,'notificationId','126',453),(893,'notificationType','COST',454),(894,'notificationId','193',454),(895,'notificationType','COST',455),(896,'notificationId','194',455),(897,'notificationType','PROJECT',456),(898,'notificationId','130',456),(899,'notificationType','TASK',457),(900,'notificationId','127',457),(901,'notificationType','COST',458),(902,'notificationId','195',458),(903,'notificationType','COST',459),(904,'notificationId','196',459),(905,'notificationType','PROJECT',460),(906,'notificationId','131',460),(907,'notificationType','TASK',461),(908,'notificationId','128',461),(909,'notificationType','COST',462),(910,'notificationId','197',462),(911,'notificationType','COST',463),(912,'notificationId','198',463),(913,'notificationType','PROJECT',464),(914,'notificationId','132',464),(915,'notificationType','TASK',465),(916,'notificationId','129',465),(917,'notificationType','COST',466),(918,'notificationId','199',466),(919,'notificationType','COST',467),(920,'notificationId','200',467),(921,'notificationType','PROJECT',468),(922,'notificationId','133',468),(923,'notificationType','TASK',469),(924,'notificationId','130',469),(925,'notificationType','COST',470),(926,'notificationId','201',470),(927,'notificationType','COST',471),(928,'notificationId','202',471),(929,'notificationType','PROJECT',472),(930,'notificationId','134',472),(931,'notificationType','TASK',473),(932,'notificationId','131',473),(933,'notificationType','COST',474),(934,'notificationId','203',474),(935,'notificationType','COST',475),(936,'notificationId','204',475),(937,'notificationType','PROJECT',476),(938,'notificationId','135',476),(939,'notificationType','TASK',477),(940,'notificationId','132',477),(941,'notificationType','COST',478),(942,'notificationId','205',478),(943,'notificationType','COST',479),(944,'notificationId','206',479),(945,'notificationType','PROJECT',480),(946,'notificationId','136',480),(947,'notificationType','TASK',481),(948,'notificationId','133',481),(949,'notificationType','COST',482),(950,'notificationId','207',482),(951,'notificationType','COST',483),(952,'notificationId','208',483),(953,'notificationType','PROJECT',484),(954,'notificationId','137',484),(955,'notificationType','TASK',485),(956,'notificationId','134',485),(957,'notificationType','COST',486),(958,'notificationId','209',486),(959,'notificationType','COST',487),(960,'notificationId','210',487),(961,'notificationType','PROJECT',488),(962,'notificationId','138',488),(963,'notificationType','TASK',489),(964,'notificationId','135',489),(965,'notificationType','COST',490),(966,'notificationId','211',490),(967,'notificationType','COST',491),(968,'notificationId','212',491),(969,'notificationType','PROJECT',492),(970,'notificationId','139',492),(971,'notificationType','TASK',493),(972,'notificationId','136',493),(973,'notificationType','COST',494),(974,'notificationId','213',494),(975,'notificationType','COST',495),(976,'notificationId','214',495),(977,'notificationType','PROJECT',496),(978,'notificationId','140',496),(979,'notificationType','TASK',497),(980,'notificationId','137',497),(981,'notificationType','COST',498),(982,'notificationId','215',498),(983,'notificationType','COST',499),(984,'notificationId','216',499),(985,'notificationType','PROJECT',500),(986,'notificationId','141',500),(987,'notificationType','TASK',501),(988,'notificationId','138',501),(989,'notificationType','COST',502),(990,'notificationId','217',502),(991,'notificationType','COST',503),(992,'notificationId','218',503),(993,'notificationType','PROJECT',504),(994,'notificationId','142',504),(995,'notificationType','TASK',505),(996,'notificationId','139',505),(997,'notificationType','COST',506),(998,'notificationId','219',506),(999,'notificationType','COST',507),(1000,'notificationId','220',507),(1001,'notificationType','PROJECT',508),(1002,'notificationId','143',508),(1003,'notificationType','TASK',509),(1004,'notificationId','140',509),(1005,'notificationType','COST',510),(1006,'notificationId','221',510),(1007,'notificationType','COST',511),(1008,'notificationId','222',511),(1009,'notificationType','PROJECT',512),(1010,'notificationId','144',512),(1011,'notificationType','TASK',513),(1012,'notificationId','141',513),(1013,'notificationType','COST',514),(1014,'notificationId','223',514),(1015,'notificationType','COST',515),(1016,'notificationId','224',515),(1017,'notificationType','PROJECT',516),(1018,'notificationId','145',516),(1019,'notificationType','TASK',517),(1020,'notificationId','142',517),(1021,'notificationType','COST',518),(1022,'notificationId','225',518),(1023,'notificationType','COST',519),(1024,'notificationId','226',519),(1025,'notificationType','PROJECT',520),(1026,'notificationId','146',520),(1027,'notificationType','TASK',521),(1028,'notificationId','143',521),(1029,'notificationType','COST',522),(1030,'notificationId','227',522),(1031,'notificationType','COST',523),(1032,'notificationId','228',523),(1033,'notificationType','PROJECT',524),(1034,'notificationId','147',524),(1035,'notificationType','TASK',525),(1036,'notificationId','144',525),(1037,'notificationType','COST',526),(1038,'notificationId','229',526),(1039,'notificationType','COST',527),(1040,'notificationId','230',527),(1041,'notificationType','PROJECT',528),(1042,'notificationId','148',528),(1043,'notificationType','TASK',529),(1044,'notificationId','145',529),(1045,'notificationType','COST',530),(1046,'notificationId','231',530),(1047,'notificationType','COST',531),(1048,'notificationId','232',531),(1049,'notificationType','PROJECT',532),(1050,'notificationId','149',532),(1051,'notificationType','TASK',533),(1052,'notificationId','146',533),(1053,'notificationType','COST',534),(1054,'notificationId','233',534),(1055,'notificationType','COST',535),(1056,'notificationId','234',535),(1057,'notificationType','PROJECT',536),(1058,'notificationId','150',536),(1059,'notificationType','TASK',537),(1060,'notificationId','147',537),(1061,'notificationType','COST',538),(1062,'notificationId','235',538),(1063,'notificationType','COST',539),(1064,'notificationId','236',539),(1065,'notificationType','PROJECT',540),(1066,'notificationId','151',540),(1067,'notificationType','TASK',541),(1068,'notificationId','148',541),(1069,'notificationType','COST',542),(1070,'notificationId','237',542),(1071,'notificationType','COST',543),(1072,'notificationId','238',543),(1073,'notificationType','PROJECT',544),(1074,'notificationId','152',544),(1075,'notificationType','TASK',545),(1076,'notificationId','149',545),(1077,'notificationType','COST',546),(1078,'notificationId','239',546),(1079,'notificationType','COST',547),(1080,'notificationId','240',547),(1081,'notificationType','PROJECT',548),(1082,'notificationId','153',548),(1083,'notificationType','TASK',549),(1084,'notificationId','150',549),(1085,'notificationType','COST',550),(1086,'notificationId','241',550),(1087,'notificationType','COST',551),(1088,'notificationId','242',551),(1089,'notificationType','PROJECT',552),(1090,'notificationId','154',552),(1091,'notificationType','TASK',553),(1092,'notificationId','151',553),(1093,'notificationType','COST',554),(1094,'notificationId','243',554),(1095,'notificationType','COST',555),(1096,'notificationId','244',555),(1097,'notificationType','PROJECT',556),(1098,'notificationId','155',556),(1099,'notificationType','TASK',557),(1100,'notificationId','152',557),(1101,'notificationType','COST',558),(1102,'notificationId','245',558),(1103,'notificationType','COST',559),(1104,'notificationId','246',559),(1105,'notificationType','PROJECT',560),(1106,'notificationId','156',560),(1107,'notificationType','TASK',561),(1108,'notificationId','153',561),(1109,'notificationType','COST',562),(1110,'notificationId','247',562),(1111,'notificationType','COST',563),(1112,'notificationId','248',563),(1113,'notificationType','PROJECT',564),(1114,'notificationId','157',564),(1115,'notificationType','TASK',565),(1116,'notificationId','154',565),(1117,'notificationType','COST',566),(1118,'notificationId','249',566),(1119,'notificationType','COST',567),(1120,'notificationId','250',567),(1121,'notificationType','PROJECT',568),(1122,'notificationId','158',568),(1123,'notificationType','TASK',569),(1124,'notificationId','155',569),(1125,'notificationType','COST',570),(1126,'notificationId','251',570),(1127,'notificationType','COST',571),(1128,'notificationId','252',571),(1129,'notificationType','PROJECT',572),(1130,'notificationId','159',572),(1131,'notificationType','TASK',573),(1132,'notificationId','156',573),(1133,'notificationType','COST',574),(1134,'notificationId','253',574),(1135,'notificationType','COST',575),(1136,'notificationId','254',575),(1137,'notificationType','PROJECT',576),(1138,'notificationId','160',576),(1139,'notificationType','TASK',577),(1140,'notificationId','157',577),(1141,'notificationType','COST',578),(1142,'notificationId','255',578),(1143,'notificationType','COST',579),(1144,'notificationId','256',579),(1145,'notificationType','PROJECT',580),(1146,'notificationId','161',580),(1147,'notificationType','TASK',581),(1148,'notificationId','158',581),(1149,'notificationType','COST',582),(1150,'notificationId','257',582),(1151,'notificationType','COST',583),(1152,'notificationId','258',583),(1153,'notificationType','PROJECT',584),(1154,'notificationId','162',584),(1155,'notificationType','TASK',585),(1156,'notificationId','159',585),(1157,'notificationType','COST',586),(1158,'notificationId','259',586),(1159,'notificationType','COST',587),(1160,'notificationId','260',587),(1161,'notificationType','PROJECT',588),(1162,'notificationId','163',588),(1163,'notificationType','TASK',589),(1164,'notificationId','160',589),(1165,'notificationType','COST',590),(1166,'notificationId','261',590),(1167,'notificationType','COST',591),(1168,'notificationId','262',591),(1169,'notificationType','PROJECT',592),(1170,'notificationId','164',592),(1171,'notificationType','TASK',593),(1172,'notificationId','161',593),(1173,'notificationType','COST',594),(1174,'notificationId','263',594),(1175,'notificationType','COST',595),(1176,'notificationId','264',595),(1177,'notificationType','PROJECT',596),(1178,'notificationId','165',596),(1179,'notificationType','TASK',597),(1180,'notificationId','162',597),(1181,'notificationType','COST',598),(1182,'notificationId','265',598),(1183,'notificationType','COST',599),(1184,'notificationId','266',599),(1185,'notificationType','PROJECT',600),(1186,'notificationId','166',600),(1187,'notificationType','TASK',601),(1188,'notificationId','163',601),(1189,'notificationType','COST',602),(1190,'notificationId','267',602),(1191,'notificationType','COST',603),(1192,'notificationId','268',603),(1193,'notificationType','PROJECT',604),(1194,'notificationId','167',604),(1195,'notificationType','TASK',605),(1196,'notificationId','164',605),(1197,'notificationType','COST',606),(1198,'notificationId','269',606),(1199,'notificationType','COST',607),(1200,'notificationId','270',607),(1201,'notificationType','PROJECT',608),(1202,'notificationId','168',608),(1203,'notificationType','TASK',609),(1204,'notificationId','165',609),(1205,'notificationType','COST',610),(1206,'notificationId','271',610),(1207,'notificationType','COST',611),(1208,'notificationId','272',611),(1209,'notificationType','PROJECT',612),(1210,'notificationId','169',612),(1211,'notificationType','TASK',613),(1212,'notificationId','166',613),(1213,'notificationType','COST',614),(1214,'notificationId','273',614),(1215,'notificationType','COST',615),(1216,'notificationId','274',615),(1217,'notificationType','PROJECT',616),(1218,'notificationId','170',616),(1219,'notificationType','TASK',617),(1220,'notificationId','167',617),(1221,'notificationType','COST',618),(1222,'notificationId','275',618),(1223,'notificationType','COST',619),(1224,'notificationId','276',619),(1225,'notificationType','PROJECT',620),(1226,'notificationId','171',620),(1227,'notificationType','TASK',621),(1228,'notificationId','168',621),(1229,'notificationType','COST',622),(1230,'notificationId','277',622),(1231,'notificationType','COST',623),(1232,'notificationId','278',623),(1233,'notificationType','PROJECT',624),(1234,'notificationId','172',624),(1235,'notificationType','TASK',625),(1236,'notificationId','169',625),(1237,'notificationType','COST',626),(1238,'notificationId','279',626),(1239,'notificationType','COST',627),(1240,'notificationId','280',627),(1241,'notificationType','PROJECT',628),(1242,'notificationId','173',628),(1243,'notificationType','TASK',629),(1244,'notificationId','170',629),(1245,'notificationType','COST',630),(1246,'notificationId','281',630),(1247,'notificationType','COST',631),(1248,'notificationId','282',631),(1249,'notificationType','PROJECT',632),(1250,'notificationId','174',632),(1251,'notificationType','TASK',633),(1252,'notificationId','171',633),(1253,'notificationType','COST',634),(1254,'notificationId','283',634),(1255,'notificationType','COST',635),(1256,'notificationId','284',635),(1257,'notificationType','PROJECT',636),(1258,'notificationId','175',636),(1259,'notificationType','TASK',637),(1260,'notificationId','172',637),(1261,'notificationType','COST',638),(1262,'notificationId','285',638),(1263,'notificationType','COST',639),(1264,'notificationId','286',639),(1265,'notificationType','PROJECT',640),(1266,'notificationId','176',640),(1267,'notificationType','TASK',641),(1268,'notificationId','173',641),(1269,'notificationType','COST',642),(1270,'notificationId','287',642),(1271,'notificationType','COST',643),(1272,'notificationId','288',643),(1273,'notificationType','PROJECT',644),(1274,'notificationId','177',644),(1275,'notificationType','TASK',645),(1276,'notificationId','174',645),(1277,'notificationType','COST',646),(1278,'notificationId','289',646),(1279,'notificationType','COST',647),(1280,'notificationId','290',647),(1281,'notificationType','PROJECT',648),(1282,'notificationId','178',648),(1283,'notificationType','TASK',649),(1284,'notificationId','175',649),(1285,'notificationType','COST',650),(1286,'notificationId','291',650),(1287,'notificationType','COST',651),(1288,'notificationId','292',651),(1289,'notificationType','PROJECT',652),(1290,'notificationId','179',652),(1291,'notificationType','TASK',653),(1292,'notificationId','176',653),(1293,'notificationType','COST',654),(1294,'notificationId','293',654),(1295,'notificationType','COST',655),(1296,'notificationId','294',655),(1297,'notificationType','PROJECT',656),(1298,'notificationId','180',656),(1299,'notificationType','TASK',657),(1300,'notificationId','177',657),(1301,'notificationType','COST',658),(1302,'notificationId','295',658),(1303,'notificationType','COST',659),(1304,'notificationId','296',659),(1305,'notificationType','PROJECT',660),(1306,'notificationId','181',660),(1307,'notificationType','TASK',661),(1308,'notificationId','178',661),(1309,'notificationType','COST',662),(1310,'notificationId','297',662),(1311,'notificationType','COST',663),(1312,'notificationId','298',663),(1313,'notificationType','PROJECT',664),(1314,'notificationId','182',664),(1315,'notificationType','TASK',665),(1316,'notificationId','179',665),(1317,'notificationType','COST',666),(1318,'notificationId','299',666),(1319,'notificationType','COST',667),(1320,'notificationId','300',667),(1321,'notificationType','PROJECT',668),(1322,'notificationId','183',668),(1323,'notificationType','TASK',669),(1324,'notificationId','180',669),(1325,'notificationType','COST',670),(1326,'notificationId','301',670),(1327,'notificationType','COST',671),(1328,'notificationId','302',671),(1329,'notificationType','PROJECT',672),(1330,'notificationId','184',672),(1331,'notificationType','TASK',673),(1332,'notificationId','181',673),(1333,'notificationType','COST',674),(1334,'notificationId','303',674),(1335,'notificationType','COST',675),(1336,'notificationId','304',675),(1337,'notificationType','PROJECT',676),(1338,'notificationId','185',676),(1339,'notificationType','TASK',677),(1340,'notificationId','182',677),(1341,'notificationType','COST',678),(1342,'notificationId','305',678),(1343,'notificationType','COST',679),(1344,'notificationId','306',679),(1345,'notificationType','PROJECT',680),(1346,'notificationId','186',680),(1347,'notificationType','TASK',681),(1348,'notificationId','183',681),(1349,'notificationType','COST',682),(1350,'notificationId','307',682),(1351,'notificationType','COST',683),(1352,'notificationId','308',683),(1353,'notificationType','PROJECT',684),(1354,'notificationId','187',684),(1355,'notificationType','TASK',685),(1356,'notificationId','184',685),(1357,'notificationType','COST',686),(1358,'notificationId','309',686),(1359,'notificationType','COST',687),(1360,'notificationId','310',687),(1361,'notificationType','PROJECT',688),(1362,'notificationId','188',688),(1363,'notificationType','TASK',689),(1364,'notificationId','185',689),(1365,'notificationType','COST',690),(1366,'notificationId','311',690),(1367,'notificationType','COST',691),(1368,'notificationId','312',691),(1369,'notificationType','PROJECT',692),(1370,'notificationId','189',692),(1371,'notificationType','TASK',693),(1372,'notificationId','186',693),(1373,'notificationType','COST',694),(1374,'notificationId','313',694),(1375,'notificationType','COST',695),(1376,'notificationId','314',695),(1377,'notificationType','PROJECT',696),(1378,'notificationId','190',696),(1379,'notificationType','TASK',697),(1380,'notificationId','187',697),(1381,'notificationType','COST',698),(1382,'notificationId','315',698),(1383,'notificationType','COST',699),(1384,'notificationId','316',699),(1385,'notificationType','PROJECT',700),(1386,'notificationId','191',700),(1387,'notificationType','TASK',701),(1388,'notificationId','188',701),(1389,'notificationType','COST',702),(1390,'notificationId','317',702),(1391,'notificationType','COST',703),(1392,'notificationId','318',703),(1393,'notificationType','PROJECT',704),(1394,'notificationId','192',704),(1395,'notificationType','TASK',705),(1396,'notificationId','189',705),(1397,'notificationType','COST',706),(1398,'notificationId','319',706),(1399,'notificationType','COST',707),(1400,'notificationId','320',707),(1401,'notificationType','PROJECT',708),(1402,'notificationId','193',708),(1403,'notificationType','TASK',709),(1404,'notificationId','190',709),(1405,'notificationType','COST',710),(1406,'notificationId','321',710),(1407,'notificationType','COST',711),(1408,'notificationId','322',711),(1409,'notificationType','PROJECT',712),(1410,'notificationId','194',712),(1411,'notificationType','TASK',713),(1412,'notificationId','191',713),(1413,'notificationType','COST',714),(1414,'notificationId','323',714),(1415,'notificationType','COST',715),(1416,'notificationId','324',715),(1417,'notificationType','PROJECT',716),(1418,'notificationId','195',716),(1419,'notificationType','TASK',717),(1420,'notificationId','192',717),(1421,'notificationType','COST',718),(1422,'notificationId','325',718),(1423,'notificationType','COST',719),(1424,'notificationId','326',719),(1425,'notificationType','PROJECT',720),(1426,'notificationId','196',720),(1427,'notificationType','TASK',721),(1428,'notificationId','193',721),(1429,'notificationType','COST',722),(1430,'notificationId','327',722),(1431,'notificationType','COST',723),(1432,'notificationId','328',723),(1433,'notificationType','PROJECT',724),(1434,'notificationId','197',724),(1435,'notificationType','TASK',725),(1436,'notificationId','194',725),(1437,'notificationType','COST',726),(1438,'notificationId','329',726),(1439,'notificationType','COST',727),(1440,'notificationId','330',727),(1441,'notificationType','PROJECT',728),(1442,'notificationId','198',728),(1443,'notificationType','TASK',729),(1444,'notificationId','195',729),(1445,'notificationType','COST',730),(1446,'notificationId','331',730),(1447,'notificationType','COST',731),(1448,'notificationId','332',731),(1449,'notificationType','PROJECT',732),(1450,'notificationId','199',732),(1451,'notificationType','TASK',733),(1452,'notificationId','196',733),(1453,'notificationType','COST',734),(1454,'notificationId','333',734),(1455,'notificationType','COST',735),(1456,'notificationId','334',735),(1457,'notificationType','PROJECT',736),(1458,'notificationId','200',736),(1459,'notificationType','TASK',737),(1460,'notificationId','197',737),(1461,'notificationType','COST',738),(1462,'notificationId','335',738),(1463,'notificationType','COST',739),(1464,'notificationId','336',739),(1465,'notificationType','PROJECT',740),(1466,'notificationId','201',740),(1467,'notificationType','TASK',741),(1468,'notificationId','198',741),(1469,'notificationType','COST',742),(1470,'notificationId','337',742),(1471,'notificationType','COST',743),(1472,'notificationId','338',743),(1473,'notificationType','PROJECT',744),(1474,'notificationId','202',744),(1475,'notificationType','TASK',745),(1476,'notificationId','199',745),(1477,'notificationType','COST',746),(1478,'notificationId','339',746),(1479,'notificationType','COST',747),(1480,'notificationId','340',747),(1481,'notificationType','PROJECT',748),(1482,'notificationId','203',748),(1483,'notificationType','TASK',749),(1484,'notificationId','200',749),(1485,'notificationType','COST',750),(1486,'notificationId','341',750),(1487,'notificationType','COST',751),(1488,'notificationId','342',751),(1489,'notificationType','PROJECT',752),(1490,'notificationId','204',752),(1491,'notificationType','TASK',753),(1492,'notificationId','201',753),(1493,'notificationType','COST',754),(1494,'notificationId','343',754),(1495,'notificationType','COST',755),(1496,'notificationId','344',755),(1497,'notificationType','PROJECT',756),(1498,'notificationId','205',756),(1499,'notificationType','TASK',757),(1500,'notificationId','202',757),(1501,'notificationType','COST',758),(1502,'notificationId','345',758),(1503,'notificationType','COST',759),(1504,'notificationId','346',759),(1505,'notificationType','PROJECT',760),(1506,'notificationId','206',760),(1507,'notificationType','TASK',761),(1508,'notificationId','203',761),(1509,'notificationType','COST',762),(1510,'notificationId','347',762),(1511,'notificationType','COST',763),(1512,'notificationId','348',763),(1513,'notificationType','PROJECT',764),(1514,'notificationId','207',764),(1515,'notificationType','TASK',765),(1516,'notificationId','204',765),(1517,'notificationType','COST',766),(1518,'notificationId','349',766),(1519,'notificationType','COST',767),(1520,'notificationId','350',767),(1521,'notificationType','PROJECT',768),(1522,'notificationId','208',768),(1523,'notificationType','TASK',769),(1524,'notificationId','205',769),(1525,'notificationType','COST',770),(1526,'notificationId','351',770),(1527,'notificationType','COST',771),(1528,'notificationId','352',771),(1529,'notificationType','PROJECT',772),(1530,'notificationId','209',772),(1531,'notificationType','TASK',773),(1532,'notificationId','206',773),(1533,'notificationType','COST',774),(1534,'notificationId','353',774),(1535,'notificationType','COST',775),(1536,'notificationId','354',775),(1537,'notificationType','PROJECT',776),(1538,'notificationId','210',776),(1539,'notificationType','TASK',777),(1540,'notificationId','207',777),(1541,'notificationType','COST',778),(1542,'notificationId','355',778),(1543,'notificationType','COST',779),(1544,'notificationId','356',779),(1545,'notificationType','PROJECT',780),(1546,'notificationId','211',780),(1547,'notificationType','TASK',781),(1548,'notificationId','208',781),(1549,'notificationType','COST',782),(1550,'notificationId','357',782),(1551,'notificationType','COST',783),(1552,'notificationId','358',783),(1553,'notificationType','PROJECT',784),(1554,'notificationId','212',784),(1555,'notificationType','TASK',785),(1556,'notificationId','209',785),(1557,'notificationType','COST',786),(1558,'notificationId','359',786),(1559,'notificationType','COST',787),(1560,'notificationId','360',787),(1561,'notificationType','PROJECT',788),(1562,'notificationId','213',788),(1563,'notificationType','TASK',789),(1564,'notificationId','210',789),(1565,'notificationType','COST',790),(1566,'notificationId','361',790),(1567,'notificationType','COST',791),(1568,'notificationId','362',791),(1569,'notificationType','PROJECT',792),(1570,'notificationId','214',792),(1571,'notificationType','TASK',793),(1572,'notificationId','211',793),(1573,'notificationType','COST',794),(1574,'notificationId','363',794),(1575,'notificationType','COST',795),(1576,'notificationId','364',795),(1577,'notificationType','PROJECT',796),(1578,'notificationId','215',796),(1579,'notificationType','TASK',797),(1580,'notificationId','212',797),(1581,'notificationType','COST',798),(1582,'notificationId','365',798),(1583,'notificationType','COST',799),(1584,'notificationId','366',799),(1585,'notificationType','PROJECT',800),(1586,'notificationId','216',800),(1587,'notificationType','TASK',801),(1588,'notificationId','213',801),(1589,'notificationType','COST',802),(1590,'notificationId','367',802),(1591,'notificationType','COST',803),(1592,'notificationId','368',803),(1593,'notificationType','PROJECT',804),(1594,'notificationId','217',804),(1595,'notificationType','TASK',805),(1596,'notificationId','214',805),(1597,'notificationType','COST',806),(1598,'notificationId','369',806),(1599,'notificationType','COST',807),(1600,'notificationId','370',807),(1601,'notificationType','PROJECT',808),(1602,'notificationId','218',808),(1603,'notificationType','TASK',809),(1604,'notificationId','215',809),(1605,'notificationType','COST',810),(1606,'notificationId','371',810),(1607,'notificationType','COST',811),(1608,'notificationId','372',811),(1609,'notificationType','PROJECT',812),(1610,'notificationId','219',812),(1611,'notificationType','TASK',813),(1612,'notificationId','216',813),(1613,'notificationType','COST',814),(1614,'notificationId','373',814),(1615,'notificationType','COST',815),(1616,'notificationId','374',815),(1617,'notificationType','PROJECT',816),(1618,'notificationId','220',816),(1619,'notificationType','TASK',817),(1620,'notificationId','217',817),(1621,'notificationType','COST',818),(1622,'notificationId','375',818),(1623,'notificationType','COST',819),(1624,'notificationId','376',819),(1625,'notificationType','PROJECT',820),(1626,'notificationId','221',820),(1627,'notificationType','TASK',821),(1628,'notificationId','218',821),(1629,'notificationType','COST',822),(1630,'notificationId','377',822),(1631,'notificationType','COST',823),(1632,'notificationId','378',823),(1633,'notificationType','PROJECT',824),(1634,'notificationId','222',824),(1635,'notificationType','TASK',825),(1636,'notificationId','219',825),(1637,'notificationType','COST',826),(1638,'notificationId','379',826),(1639,'notificationType','COST',827),(1640,'notificationId','380',827),(1641,'notificationType','PROJECT',828),(1642,'notificationId','223',828),(1643,'notificationType','TASK',829),(1644,'notificationId','220',829),(1645,'notificationType','COST',830),(1646,'notificationId','381',830),(1647,'notificationType','COST',831),(1648,'notificationId','382',831),(1649,'notificationType','PROJECT',832),(1650,'notificationId','224',832),(1651,'notificationType','TASK',833),(1652,'notificationId','221',833),(1653,'notificationType','COST',834),(1654,'notificationId','383',834),(1655,'notificationType','COST',835),(1656,'notificationId','384',835),(1657,'notificationType','PROJECT',836),(1658,'notificationId','225',836),(1659,'notificationType','TASK',837),(1660,'notificationId','222',837),(1661,'notificationType','COST',838),(1662,'notificationId','385',838),(1663,'notificationType','COST',839),(1664,'notificationId','386',839),(1665,'notificationType','PROJECT',840),(1666,'notificationId','226',840),(1667,'notificationType','TASK',841),(1668,'notificationId','223',841),(1669,'notificationType','COST',842),(1670,'notificationId','387',842),(1671,'notificationType','COST',843),(1672,'notificationId','388',843),(1673,'notificationType','PROJECT',844),(1674,'notificationId','227',844),(1675,'notificationType','TASK',845),(1676,'notificationId','224',845),(1677,'notificationType','COST',846),(1678,'notificationId','389',846),(1679,'notificationType','COST',847),(1680,'notificationId','390',847),(1681,'notificationType','PROJECT',848),(1682,'notificationId','228',848),(1683,'notificationType','TASK',849),(1684,'notificationId','225',849),(1685,'notificationType','COST',850),(1686,'notificationId','391',850),(1687,'notificationType','COST',851),(1688,'notificationId','392',851),(1689,'notificationType','PROJECT',852),(1690,'notificationId','229',852),(1691,'notificationType','TASK',853),(1692,'notificationId','226',853),(1693,'notificationType','COST',854),(1694,'notificationId','393',854),(1695,'notificationType','COST',855),(1696,'notificationId','394',855),(1697,'notificationType','PROJECT',856),(1698,'notificationId','230',856),(1699,'notificationType','TASK',857),(1700,'notificationId','227',857),(1701,'notificationType','COST',858),(1702,'notificationId','395',858),(1703,'notificationType','COST',859),(1704,'notificationId','396',859),(1705,'notificationType','PROJECT',860),(1706,'notificationId','231',860),(1707,'notificationType','TASK',861),(1708,'notificationId','228',861),(1709,'notificationType','COST',862),(1710,'notificationId','397',862),(1711,'notificationType','COST',863),(1712,'notificationId','398',863),(1713,'notificationType','PROJECT',864),(1714,'notificationId','232',864),(1715,'notificationType','TASK',865),(1716,'notificationId','229',865),(1717,'notificationType','COST',866),(1718,'notificationId','399',866),(1719,'notificationType','COST',867),(1720,'notificationId','400',867),(1721,'notificationType','PROJECT',868),(1722,'notificationId','233',868),(1723,'notificationType','TASK',869),(1724,'notificationId','230',869),(1725,'notificationType','COST',870),(1726,'notificationId','401',870),(1727,'notificationType','COST',871),(1728,'notificationId','402',871),(1729,'notificationType','PROJECT',872),(1730,'notificationId','234',872),(1731,'notificationType','TASK',873),(1732,'notificationId','231',873),(1733,'notificationType','COST',874),(1734,'notificationId','403',874),(1735,'notificationType','COST',875),(1736,'notificationId','404',875),(1737,'notificationType','PROJECT',876),(1738,'notificationId','235',876),(1739,'notificationType','TASK',877),(1740,'notificationId','232',877),(1741,'notificationType','COST',878),(1742,'notificationId','405',878),(1743,'notificationType','COST',879),(1744,'notificationId','406',879),(1745,'notificationType','PROJECT',880),(1746,'notificationId','236',880),(1747,'notificationType','TASK',881),(1748,'notificationId','233',881),(1749,'notificationType','COST',882),(1750,'notificationId','407',882),(1751,'notificationType','COST',883),(1752,'notificationId','408',883),(1753,'notificationType','PROJECT',884),(1754,'notificationId','25',884),(1755,'notificationType','TASK',885),(1756,'notificationId','19',885),(1757,'notificationType','COST',886),(1758,'notificationId','1',886),(1759,'notificationType','COST',887),(1760,'notificationId','2',887),(1761,'notificationType','PROJECT',888),(1762,'notificationId','26',888),(1763,'notificationType','TASK',889),(1764,'notificationId','20',889),(1765,'notificationType','COST',890),(1766,'notificationId','3',890),(1767,'notificationType','COST',891),(1768,'notificationId','4',891),(1769,'notificationType','PROJECT',892),(1770,'notificationId','27',892),(1771,'notificationType','TASK',893),(1772,'notificationId','21',893),(1773,'notificationType','COST',894),(1774,'notificationId','5',894),(1775,'notificationType','COST',895),(1776,'notificationId','6',895),(1777,'notificationType','PROJECT',896),(1778,'notificationId','28',896),(1779,'notificationType','TASK',897),(1780,'notificationId','22',897),(1781,'notificationType','COST',898),(1782,'notificationId','7',898),(1783,'notificationType','COST',899),(1784,'notificationId','8',899),(1785,'notificationType','PROJECT',900),(1786,'notificationId','29',900),(1787,'notificationType','TASK',901),(1788,'notificationId','23',901),(1789,'notificationType','COST',902),(1790,'notificationId','9',902),(1791,'notificationType','COST',903),(1792,'notificationId','10',903),(1793,'notificationType','PROJECT',904),(1794,'notificationId','30',904),(1795,'notificationType','TASK',905),(1796,'notificationId','24',905),(1797,'notificationType','COST',906),(1798,'notificationId','11',906),(1799,'notificationType','COST',907),(1800,'notificationId','12',907),(1801,'notificationType','PROJECT',908),(1802,'notificationId','30',908),(1803,'notificationType','TASK',909),(1804,'notificationId','24',909),(1805,'notificationType','TASK',910),(1806,'notificationId','24',910),(1807,'notificationType','PROJECT',911),(1808,'notificationId','31',911),(1809,'notificationType','TASK',912),(1810,'notificationId','25',912),(1811,'notificationType','COST',913),(1812,'notificationId','13',913),(1813,'notificationType','COST',914),(1814,'notificationId','14',914),(1815,'notificationType','PROJECT',915),(1816,'notificationId','32',915),(1817,'notificationType','TASK',916),(1818,'notificationId','26',916),(1819,'notificationType','COST',917),(1820,'notificationId','15',917),(1821,'notificationType','COST',918),(1822,'notificationId','16',918),(1823,'notificationType','TASK',919),(1824,'notificationId','17',919),(1825,'notificationType','COMMENT',920),(1826,'notificationId','3',920),(1827,'notificationType','TASK_FILE',921),(1828,'notificationId','1',921),(1829,'notificationType','DEPENDENT_TASK',922),(1830,'notificationId','7',922),(1831,'notificationType','TASK',923),(1832,'notificationId','17',923),(1833,'notificationType','TASK',924),(1834,'notificationId','27',924),(1835,'notificationType','TASK',925),(1836,'notificationId','17',925),(1837,'notificationType','COMMENT',926),(1838,'notificationId','4',926),(1839,'notificationType','TASK_FILE',927),(1840,'notificationId','2',927),(1841,'notificationType','DEPENDENT_TASK',928),(1842,'notificationId','8',928),(1843,'notificationType','TASK',929),(1844,'notificationId','28',929),(1845,'notificationType','TASK',930),(1846,'notificationId','17',930),(1847,'notificationType','PROJECT',931),(1848,'notificationId','33',931),(1849,'notificationType','PROJECT',932),(1850,'notificationId','34',932),(1851,'notificationType','TASK',933),(1852,'notificationId','17',933),(1853,'notificationType','COMMENT',934),(1854,'notificationId','5',934),(1855,'notificationType','TASK_FILE',935),(1856,'notificationId','3',935),(1857,'notificationType','DEPENDENT_TASK',936),(1858,'notificationId','9',936),(1859,'notificationType','TASK',937),(1860,'notificationId','17',937),(1861,'notificationType','TASK',938),(1862,'notificationId','29',938),(1863,'notificationType','TASK',939),(1864,'notificationId','30',939),(1865,'notificationType','PROJECT',940),(1866,'notificationId','2',940),(1867,'notificationType','PROJECT',941),(1868,'notificationId','2',941),(1869,'notificationType','TASK',942),(1870,'notificationId','16',942),(1871,'notificationType','TASK',943),(1872,'notificationId','16',943),(1873,'notificationType','PROJECT',944),(1874,'notificationId','3',944),(1875,'notificationType','PROJECT',945),(1876,'notificationId','4',945),(1877,'notificationType','PROJECT',946),(1878,'notificationId','5',946),(1879,'notificationType','PROJECT',947),(1880,'notificationId','5',947),(1881,'notificationType','PROJECT',948),(1882,'notificationId','5',948),(1883,'notificationType','PROJECT',949),(1884,'notificationId','6',949),(1885,'notificationType','PROJECT',950),(1886,'notificationId','7',950),(1887,'notificationType','PROJECT',951),(1888,'notificationId','8',951),(1889,'notificationType','PROJECT',952),(1890,'notificationId','7',952),(1891,'notificationType','PROJECT',953),(1892,'notificationId','7',953),(1893,'notificationType','PROJECT',954),(1894,'notificationId','7',954),(1895,'notificationType','PROJECT',955),(1896,'notificationId','7',955),(1897,'notificationType','PROJECT',956),(1898,'notificationId','10',956),(1899,'notificationType','PROJECT',957),(1900,'notificationId','18',957),(1901,'notificationType','PROJECT',958),(1902,'notificationId','20',958),(1903,'notificationType','PROJECT',959),(1904,'notificationId','21',959),(1905,'notificationType','PROJECT',960),(1906,'notificationId','2',960),(1907,'notificationType','PROJECT',961),(1908,'notificationId','2',961),(1909,'notificationType','PROJECT',962),(1910,'notificationId','21',962),(1911,'notificationType','PROJECT',963),(1912,'notificationId','22',963),(1913,'notificationType','PROJECT',964),(1914,'notificationId','23',964),(1915,'notificationType','PROJECT',965),(1916,'notificationId','24',965),(1917,'notificationType','PROJECT',966),(1918,'notificationId','22',966),(1919,'notificationType','PROJECT',967),(1920,'notificationId','23',967),(1921,'notificationType','PROJECT',968),(1922,'notificationId','2',968),(1923,'notificationType','PROJECT',969),(1924,'notificationId','2',969),(1925,'notificationType','PROJECT',970),(1926,'notificationId','7',970),(1927,'notificationType','PROJECT',971),(1928,'notificationId','25',971),(1929,'notificationType','PROJECT',972),(1930,'notificationId','26',972),(1931,'notificationType','PROJECT',973),(1932,'notificationId','27',973),(1933,'notificationType','PROJECT',974),(1934,'notificationId','28',974),(1935,'notificationType','PROJECT',975),(1936,'notificationId','29',975),(1937,'notificationType','PROJECT',976),(1938,'notificationId','30',976),(1939,'notificationType','TASK',977),(1940,'notificationId','17',977),(1941,'notificationType','COMMENT',978),(1942,'notificationId','1',978),(1943,'notificationType','COST',979),(1944,'notificationId','1',979),(1945,'notificationType','COST',980),(1946,'notificationId','2',980),(1947,'notificationType','TASK_FILE',981),(1948,'notificationId','1',981),(1949,'notificationType','COMMENT',982),(1950,'notificationId','2',982),(1951,'notificationType','PROJECT',983),(1952,'notificationId','30',983),(1953,'notificationType','PROJECT',984),(1954,'notificationId','31',984),(1955,'notificationType','PROJECT',985),(1956,'notificationId','31',985),(1957,'notificationType','PROJECT',986),(1958,'notificationId','31',986),(1959,'notificationType','PROJECT',987),(1960,'notificationId','30',987),(1961,'notificationType','PROJECT',988),(1962,'notificationId','31',988),(1963,'notificationType','PROJECT',989),(1964,'notificationId','31',989),(1965,'notificationType','PROJECT',990),(1966,'notificationId','31',990),(1967,'notificationType','PROJECT',991),(1968,'notificationId','31',991),(1969,'notificationType','PROJECT',992),(1970,'notificationId','31',992),(1971,'notificationType','PROJECT',993),(1972,'notificationId','31',993),(1973,'notificationType','PROJECT',994),(1974,'notificationId','31',994),(1975,'notificationType','PROJECT',995),(1976,'notificationId','8',995),(1977,'notificationType','PROJECT',996),(1978,'notificationId','31',996),(1979,'notificationType','TASK',997),(1980,'notificationId','18',997),(1981,'notificationType','TASK_FILE',998),(1982,'notificationId','2',998),(1983,'notificationType','TASK_FILE',999),(1984,'notificationId','3',999),(1985,'notificationType','TASK',1000),(1986,'notificationId','18',1000),(1987,'notificationType','COST',1001),(1988,'notificationId','3',1001),(1989,'notificationType','COST',1002),(1990,'notificationId','4',1002),(1991,'notificationType','PROJECT',1003),(1992,'notificationId','28',1003),(1993,'notificationType','PROJECT',1004),(1994,'notificationId','7',1004),(2003,'notificationType','PROJECT',1009),(2004,'notificationId','1',1009),(2005,'notificationType','PROJECT',1010),(2006,'notificationId','2',1010),(2007,'notificationType','PROJECT',1011),(2008,'notificationId','7',1011),(2009,'notificationType','PROJECT',1012),(2010,'notificationId','8',1012),(2011,'notificationType','PROJECT',1013),(2012,'notificationId','10',1013),(2013,'notificationType','PROJECT',1014),(2014,'notificationId','18',1014),(2015,'notificationType','PROJECT',1015),(2016,'notificationId','20',1015),(2017,'notificationType','PROJECT',1016),(2018,'notificationId','21',1016),(2019,'notificationType','PROJECT',1017),(2020,'notificationId','22',1017),(2021,'notificationType','PROJECT',1018),(2022,'notificationId','23',1018),(2023,'notificationType','PROJECT',1019),(2024,'notificationId','24',1019),(2025,'notificationType','PROJECT',1020),(2026,'notificationId','25',1020),(2027,'notificationType','PROJECT',1021),(2028,'notificationId','26',1021),(2029,'notificationType','PROJECT',1022),(2030,'notificationId','27',1022),(2031,'notificationType','PROJECT',1023),(2032,'notificationId','28',1023),(2033,'notificationType','PROJECT',1024),(2034,'notificationId','29',1024),(2035,'notificationType','PROJECT',1025),(2036,'notificationId','30',1025),(2037,'notificationType','PROJECT',1026),(2038,'notificationId','31',1026),(2039,'notificationType','PROJECT',1027),(2040,'notificationId','2',1027),(2041,'notificationType','PROJECT',1028),(2042,'notificationId','7',1028),(2043,'notificationType','PROJECT',1029),(2044,'notificationId','1',1029),(2045,'notificationType','PROJECT',1030),(2046,'notificationId','2',1030),(2047,'notificationType','PROJECT',1031),(2048,'notificationId','7',1031),(2049,'notificationType','PROJECT',1032),(2050,'notificationId','8',1032),(2051,'notificationType','PROJECT',1033),(2052,'notificationId','10',1033),(2053,'notificationType','PROJECT',1034),(2054,'notificationId','18',1034),(2055,'notificationType','PROJECT',1035),(2056,'notificationId','20',1035),(2057,'notificationType','PROJECT',1036),(2058,'notificationId','21',1036),(2059,'notificationType','PROJECT',1037),(2060,'notificationId','22',1037),(2061,'notificationType','PROJECT',1038),(2062,'notificationId','23',1038),(2063,'notificationType','PROJECT',1039),(2064,'notificationId','24',1039),(2065,'notificationType','PROJECT',1040),(2066,'notificationId','25',1040),(2067,'notificationType','PROJECT',1041),(2068,'notificationId','26',1041),(2069,'notificationType','PROJECT',1042),(2070,'notificationId','27',1042),(2071,'notificationType','PROJECT',1043),(2072,'notificationId','28',1043),(2073,'notificationType','PROJECT',1044),(2074,'notificationId','29',1044),(2075,'notificationType','PROJECT',1045),(2076,'notificationId','30',1045),(2077,'notificationType','PROJECT',1046),(2078,'notificationId','31',1046),(2079,'notificationType','PROJECT',1047),(2080,'notificationId','2',1047),(2081,'notificationType','PROJECT',1048),(2082,'notificationId','7',1048),(2083,'notificationType','PROJECT',1049),(2084,'notificationId','8',1049),(2085,'notificationType','PROJECT',1050),(2086,'notificationId','10',1050),(2087,'notificationType','PROJECT',1051),(2088,'notificationId','18',1051),(2089,'notificationType','PROJECT',1052),(2090,'notificationId','20',1052),(2091,'notificationType','PROJECT',1053),(2092,'notificationId','21',1053),(2093,'notificationType','PROJECT',1054),(2094,'notificationId','22',1054),(2095,'notificationType','PROJECT',1055),(2096,'notificationId','23',1055),(2097,'notificationType','PROJECT',1056),(2098,'notificationId','24',1056),(2099,'notificationType','PROJECT',1057),(2100,'notificationId','25',1057),(2101,'notificationType','PROJECT',1058),(2102,'notificationId','26',1058),(2103,'notificationType','PROJECT',1059),(2104,'notificationId','27',1059),(2105,'notificationType','PROJECT',1060),(2106,'notificationId','28',1060),(2107,'notificationType','PROJECT',1061),(2108,'notificationId','29',1061),(2109,'notificationType','PROJECT',1062),(2110,'notificationId','30',1062),(2111,'notificationType','PROJECT',1063),(2112,'notificationId','31',1063),(2113,'notificationType','TASK',1064),(2114,'notificationId','17',1064),(2115,'notificationType','TASK',1065),(2116,'notificationId','18',1065),(2117,'notificationType','PROJECT',1066),(2118,'notificationId','32',1066),(2119,'notificationType','TASK',1067),(2120,'notificationId','19',1067),(2121,'notificationType','PROJECT',1068),(2122,'notificationId','32',1068),(2123,'notificationType','TASK_FILE',1069),(2124,'notificationId','4',1069),(2125,'notificationType','TASK_FILE',1070),(2126,'notificationId','5',1070),(2127,'notificationType','TASK',1071),(2128,'notificationId','18',1071),(2129,'notificationType','TASK',1072),(2130,'notificationId','17',1072),(2131,'notificationType','TASK',1073),(2132,'notificationId','17',1073),(2133,'notificationType','TASK',1074),(2134,'notificationId','18',1074),(2135,'notificationType','PROJECT',1075),(2136,'notificationId','1',1075),(2137,'notificationType','PROJECT',1076),(2138,'notificationId','2',1076),(2139,'notificationType','PROJECT',1077),(2140,'notificationId','2',1077),(2141,'notificationType','PROJECT',1078),(2142,'notificationId','2',1078),(2143,'notificationType','PROJECT',1079),(2144,'notificationId','3',1079),(2145,'notificationType','TASK',1080),(2146,'notificationId','1',1080),(2147,'notificationType','PROJECT',1081),(2148,'notificationId','3',1081),(2149,'notificationType','COST',1082),(2150,'notificationId','1',1082),(2151,'notificationType','COST',1083),(2152,'notificationId','2',1083),(2153,'notificationType','TASK',1084),(2154,'notificationId','1',1084),(2155,'notificationType','PROJECT',1085),(2156,'notificationId','4',1085),(2157,'notificationType','PROJECT',1086),(2158,'notificationId','4',1086),(2159,'notificationType','PROJECT',1087),(2160,'notificationId','5',1087),(2161,'notificationType','PROJECT',1088),(2162,'notificationId','3',1088),(2163,'notificationType','PROJECT',1089),(2164,'notificationId','2',1089),(2165,'notificationType','PROJECT',1090),(2166,'notificationId','2',1090),(2167,'notificationType','PROJECT',1091),(2168,'notificationId','2',1091),(2177,'notificationType','PROJECT',1096),(2178,'notificationId','1',1096),(2179,'notificationType','PROJECT',1097),(2180,'notificationId','2',1097),(2181,'notificationType','PROJECT',1098),(2182,'notificationId','3',1098),(2183,'notificationType','PROJECT',1099),(2184,'notificationId','4',1099),(2185,'notificationType','PROJECT',1100),(2186,'notificationId','5',1100),(2187,'notificationType','PROJECT',1101),(2188,'notificationId','2',1101),(2189,'notificationType','PROJECT',1102),(2190,'notificationId','1',1102),(2191,'notificationType','PROJECT',1103),(2192,'notificationId','2',1103),(2193,'notificationType','PROJECT',1104),(2194,'notificationId','3',1104),(2195,'notificationType','PROJECT',1105),(2196,'notificationId','4',1105),(2197,'notificationType','PROJECT',1106),(2198,'notificationId','5',1106),(2199,'notificationType','PROJECT',1107),(2200,'notificationId','2',1107),(2201,'notificationType','PROJECT',1108),(2202,'notificationId','1',1108),(2203,'notificationType','PROJECT',1109),(2204,'notificationId','2',1109),(2205,'notificationType','PROJECT',1110),(2206,'notificationId','3',1110),(2207,'notificationType','PROJECT',1111),(2208,'notificationId','4',1111),(2209,'notificationType','PROJECT',1112),(2210,'notificationId','5',1112),(2211,'notificationType','PROJECT',1113),(2212,'notificationId','2',1113),(2213,'notificationType','PROJECT',1114),(2214,'notificationId','3',1114),(2215,'notificationType','PROJECT',1115),(2216,'notificationId','1',1115),(2217,'notificationType','PROJECT',1116),(2218,'notificationId','2',1116),(2219,'notificationType','PROJECT',1117),(2220,'notificationId','3',1117),(2221,'notificationType','PROJECT',1118),(2222,'notificationId','4',1118),(2223,'notificationType','PROJECT',1119),(2224,'notificationId','5',1119),(2225,'notificationType','PROJECT',1120),(2226,'notificationId','3',1120),(2227,'notificationType','PROJECT',1121),(2228,'notificationId','6',1121),(2229,'notificationType','PROJECT',1122),(2230,'notificationId','7',1122),(2231,'notificationType','PROJECT',1123),(2232,'notificationId','8',1123),(2233,'notificationType','PROJECT',1124),(2234,'notificationId','9',1124),(2235,'notificationType','PROJECT',1125),(2236,'notificationId','9',1125),(2237,'notificationType','PROJECT',1126),(2238,'notificationId','2',1126),(2239,'notificationType','PROJECT',1127),(2240,'notificationId','10',1127),(2241,'notificationType','TASK',1128),(2242,'notificationId','1',1128),(2243,'notificationType','TASK',1129),(2244,'notificationId','2',1129),(2245,'notificationType','COMMENT',1130),(2246,'notificationId','1',1130),(2247,'notificationType','TASK',1131),(2248,'notificationId','1',1131);

/*Table structure for table `user_profile` */

DROP TABLE IF EXISTS `user_profile`;

CREATE TABLE `user_profile` (
  `user_profile_id` int(11) NOT NULL AUTO_INCREMENT,
  `menu_profile_id` int(11) DEFAULT NULL,
  `permission_profile_id` int(11) DEFAULT NULL,
  `user_id` int(11) DEFAULT NULL,
  PRIMARY KEY (`user_profile_id`),
  KEY `FK_kll87k4jctw8alm5v0plm6jnd` (`menu_profile_id`),
  KEY `FK_m733lnvim3aee2ek5c373xst1` (`permission_profile_id`),
  KEY `FK_ebc21hy5j7scdvcjt0jy6xxrv` (`user_id`),
  CONSTRAINT `FK_ebc21hy5j7scdvcjt0jy6xxrv` FOREIGN KEY (`user_id`) REFERENCES `user` (`user_id`),
  CONSTRAINT `FK_kll87k4jctw8alm5v0plm6jnd` FOREIGN KEY (`menu_profile_id`) REFERENCES `profile` (`profile_id`),
  CONSTRAINT `FK_m733lnvim3aee2ek5c373xst1` FOREIGN KEY (`permission_profile_id`) REFERENCES `profile` (`profile_id`)
) ENGINE=InnoDB DEFAULT CHARSET=latin1;

/*Data for the table `user_profile` */

/*Table structure for table `user_safety_info` */

DROP TABLE IF EXISTS `user_safety_info`;

CREATE TABLE `user_safety_info` (
  `id` bigint(20) NOT NULL AUTO_INCREMENT,
  `name` varchar(524) NOT NULL,
  `info` text NOT NULL,
  `discipline_id` bigint(20) NOT NULL,
  `ts_create` timestamp NOT NULL DEFAULT CURRENT_TIMESTAMP,
  PRIMARY KEY (`id`)
) ENGINE=InnoDB AUTO_INCREMENT=200 DEFAULT CHARSET=latin1;

/*Data for the table `user_safety_info` */

insert  into `user_safety_info`(`id`,`name`,`info`,`discipline_id`,`ts_create`) values (2,'10 fingers, 10 toes 2 eyes 1 nosesafety counts','',1,'2014-12-03 03:26:53'),(3,'10 fingers. 10 toes, If you are not safe Who knows?','',2,'2014-12-03 03:26:53'),(4,'A clean floor everyday keeps lost days away.','',3,'2014-12-03 03:26:53'),(5,'A spill, a slip, a hospital trip','',4,'2014-12-03 03:26:53'),(6,'A tree never hits an automobile except in self defense','',5,'2014-12-03 03:26:53'),(7,'Accidents Big Or Small, Avoid Them All','',1,'2014-12-03 03:26:53'),(8,'Accidents hurt, Safety doesnt.','',2,'2014-12-03 03:26:53'),(9,'An ounce of prevention is worth a pound of cure','',3,'2014-12-03 03:26:53'),(10,'Are you part of the safety TEAM.(Together Employees Accomplish More)','',4,'2014-12-03 03:26:53'),(11,'Arms work best when attached to the body','',5,'2014-12-03 03:26:54'),(12,'At work at play, let safety lead the way.','',1,'2014-12-03 03:26:54'),(13,'Avoid the worst. Put safety first.','',2,'2014-12-03 03:26:54'),(14,'Be a safety hero  score an accident zero','',3,'2014-12-03 03:26:54'),(15,'Be alert! Accidents hurt.','',4,'2014-12-03 03:26:54'),(16,'Be aware Take care','',5,'2014-12-03 03:26:54'),(17,'Before you do it, take time to think through it.','',1,'2014-12-03 03:26:54'),(18,'Behind the wheel, anger is one letter away from danger.','',2,'2014-12-03 03:26:54'),(19,'Being safe is in your own hands.','',3,'2014-12-03 03:26:54'),(20,'Best gift you can give your family is YOU! Please be safe','',4,'2014-12-03 03:26:54'),(21,'Break the drive and arrive alive.','',5,'2014-12-03 03:26:54'),(22,'Chance takers are accident makers','',2,'2014-12-03 03:26:54'),(23,'Choose safety, for your family.','',1,'2014-12-03 03:26:54'),(24,'Click clack front and back.','',3,'2014-12-03 03:26:55'),(25,'Click it or ticket!','',4,'2014-12-03 03:26:55'),(26,'Computer problems you can avoid, so you dont have to get paranoid.','',1,'2014-12-03 03:26:55'),(27,'Courtesy and common sense promote safety.','',2,'2014-12-03 03:26:55'),(28,'Courtesy is contagious','',1,'2014-12-03 03:26:55'),(29,'Dare to be aware.','',4,'2014-12-03 03:26:55'),(30,'Do you have eye for safety or are you blinded by bad habits','',1,'2014-12-03 03:26:55'),(31,'Doesnt matter how far. JUST BELT UP!','',2,'2014-12-03 03:26:55'),(32,'Dont be a fool, cause safety is cool, so make that your rule.','',3,'2014-12-03 03:26:55'),(33,'Dont be a fool. Use the proper tool.','',5,'2014-12-03 03:26:55'),(34,'Dont be hasty when it comes to safety.','',1,'2014-12-03 03:26:55'),(35,'Dont be safety blinded, be safety minded.','',2,'2014-12-03 03:26:55'),(36,'Dont learn safety by accident.','',3,'2014-12-03 03:26:55'),(37,'Dont leave Private information on a public computer screen','',4,'2014-12-03 03:26:55'),(38,'Eyes are priceless, eye protection is cheap.','',5,'2014-12-03 03:26:55'),(39,'Falling objects can be brutal if you dont protect your noodle.','',2,'2014-12-03 03:26:55'),(40,'Fingers toes, If you are not safe Who knows?','',3,'2014-12-03 03:26:55'),(41,'Forget the nurse with safety first.','',4,'2014-12-03 03:26:55'),(42,'Forgot your hearing protection? Forget about hearing!','',5,'2014-12-03 03:26:55'),(43,'Get in high speed pursuit of safety','',1,'2014-12-03 03:26:56'),(44,'Get smart! Use safety from the start.','',2,'2014-12-03 03:26:56'),(45,'Give them a Brake!','',3,'2014-12-03 03:26:56'),(46,'Got crazy with the lighter? Call a firefighter.','',4,'2014-12-03 03:26:56'),(47,'Hard hats, theyre not just for decoration','',5,'2014-12-03 03:26:56'),(48,'Have another day by being safe today!','',1,'2014-12-03 03:26:56'),(49,'Hearing protection is a sound investment.','',1,'2014-12-03 03:26:56'),(50,'Housekeeping you skip may cause a fall or slip.','',1,'2014-12-03 03:26:56'),(51,'If everything comes your way, you are in the wrong lane.','',1,'2014-12-03 03:26:56'),(52,'If they email you asking for cash, be sure to throw it in the trash.','',1,'2014-12-03 03:26:56'),(53,'If they email you asking for Money, Say no thanks I wont fall for it honey.','',2,'2014-12-03 03:26:56'),(54,'If you dont know the sender, it might be a pretender','',3,'2014-12-03 03:26:56'),(55,'If you dont think it will happen to you, find the person who had it happen to them','',1,'2014-12-03 03:26:56'),(56,'If you mess up, fess up','',1,'2014-12-03 03:26:56'),(57,'Is better to lose one minute in life than to lose life in a minute.','',1,'2014-12-03 03:26:56'),(58,'It only takes one mistake to bring us all down; dont let it be yours!','',1,'2014-12-03 03:26:57'),(59,'Its easier to ask a dumb question than it is to fix a dumb mistake','',1,'2014-12-03 03:26:57'),(60,'Keep a grip on life and protect your hands','',1,'2014-12-03 03:26:57'),(61,'Keep safety in mind. It will save your behind.','',1,'2014-12-03 03:26:57'),(62,'Keeping your work area clean, helps keep hazards from being unseen.','',1,'2014-12-03 03:26:57'),(63,'Knock outaccidents','',1,'2014-12-03 03:26:57'),(64,'Know safety  no pain','',1,'2014-12-03 03:26:57'),(65,'Know safety No Accidents','',1,'2014-12-03 03:26:57'),(66,'Lead the way, safety today.','',1,'2014-12-03 03:26:57'),(67,'Learn from others mistakes, dont have others learn from you.','',1,'2014-12-03 03:26:57'),(68,'Lets all keep our heads, and other body parts, together','',1,'2014-12-03 03:26:57'),(69,'Lifes short, dont rush it','',1,'2014-12-03 03:26:57'),(70,'Light up your tree  not your home','',1,'2014-12-03 03:26:57'),(71,'Make it your mission, not to live in unsafe condition.','',1,'2014-12-03 03:26:57'),(72,'Make safety a reality and dont be a fatality','',1,'2014-12-03 03:26:57'),(73,'My job provides my paycheck, but safety takes me home.','',1,'2014-12-03 03:26:57'),(74,'Near miss reported today, is the accident that does not happen tomorrow.','',1,'2014-12-03 03:26:57'),(75,'Never drive faster than your guardian angel can fly','',1,'2014-12-03 03:26:57'),(76,'Never give safety a day off','',1,'2014-12-03 03:26:57'),(77,'No Belt. No Brains','',1,'2014-12-03 03:26:57'),(78,'No safety  know pain','',1,'2014-12-03 03:26:57'),(79,'One bad day at the grinder could ruin your whole life','',1,'2014-12-03 03:26:57'),(80,'Only You can prevent forest fires!','',1,'2014-12-03 03:26:57'),(81,'Pencils have erasersmishaps dont!','',1,'2014-12-03 03:26:58'),(82,'Prevent a jam, dont open spam','',1,'2014-12-03 03:26:58'),(83,'Protect your hands, you need them to pick up your pay check','',1,'2014-12-03 03:26:58'),(84,'Quench the thirst  safety first','',1,'2014-12-03 03:26:58'),(85,'Replacing a saw guard is easier than replacing a finger','',1,'2014-12-03 03:26:58'),(86,'Safe crane operation is uplifting','',1,'2014-12-03 03:26:58'),(87,'Safety  A small investment for a rich future','',1,'2014-12-03 03:26:58'),(88,'Safety by Choice, Not by Chance.','',1,'2014-12-03 03:26:58'),(89,'Safety comes in a can, I can, You can, We can be safe.','',1,'2014-12-03 03:26:58'),(90,'Safety doesnt happen by accident','',1,'2014-12-03 03:26:58'),(91,'Safety first makes us last.','',1,'2014-12-03 03:26:58'),(92,'Safety First, Avoid the Worst.','',1,'2014-12-03 03:26:58'),(93,'Safety first, to last.','',1,'2014-12-03 03:26:58'),(94,'Safety firstbecause accidents last.','',1,'2014-12-03 03:26:58'),(95,'Safety fits like a glove; Try one on.','',1,'2014-12-03 03:26:58'),(96,'Safety Glasses  All in favor say EYE','',1,'2014-12-03 03:26:58'),(97,'Safety in  we win','',1,'2014-12-03 03:26:58'),(98,'Safety is a cheap and effective insurance policy','',1,'2014-12-03 03:26:58'),(99,'Safety is a continuing journey, not a final destination.','',1,'2014-12-03 03:26:58'),(100,'Safety is a frame of mind  So concentrate on it all the time.','',1,'2014-12-03 03:26:59'),(101,'Safety is a Frame of Mind, Get the Picture.','',1,'2014-12-03 03:26:59'),(102,'Safety is a full time job  dont make it a part time practice','',1,'2014-12-03 03:26:59'),(103,'Safety is a mission not an intermission','',1,'2014-12-03 03:26:59'),(104,'Safety is about doing the right thing, even if no one is looking.','',1,'2014-12-03 03:26:59'),(105,'Safety is as simple as ABC  Always Be Careful','',1,'2014-12-03 03:26:59'),(106,'Safety is like a lock  But you are the key.','',1,'2014-12-03 03:26:59'),(107,'Safety is no accident','',1,'2014-12-03 03:26:59'),(108,'Safety is success by purpose  Not Accident.','',1,'2014-12-03 03:26:59'),(109,'Safety isnt a hobby, its a living.','',1,'2014-12-03 03:26:59'),(110,'Safety isnt expensive its priceless.','',1,'2014-12-03 03:26:59'),(111,'Safety isnt just a slogan, its a way of life.','',1,'2014-12-03 03:26:59'),(112,'Safety makes good dollars and sense','',1,'2014-12-03 03:26:59'),(113,'Safety rules are there to follow. So take care and we will see you tomorrow.','',1,'2014-12-03 03:26:59'),(114,'Safety rules are your best tools.','',1,'2014-12-03 03:26:59'),(115,'Safety saves, Accidents cost you.','',1,'2014-12-03 03:26:59'),(116,'Safety starts with S but begins with YOU.','',1,'2014-12-03 03:27:00'),(117,'Safety starts with me.','',1,'2014-12-03 03:27:00'),(118,'Safety: more fun than running with scissors','',1,'2014-12-03 03:27:00'),(119,'Safety It can charm you, or ALARM you!','',1,'2014-12-03 03:27:00'),(120,'SafetyDid it, done it, doing it tomorrow','',1,'2014-12-03 03:27:00'),(121,'Safetyone habit you never need to break','',1,'2014-12-03 03:27:00'),(122,'Save tomorrow. Think safety today.','',1,'2014-12-03 03:27:00'),(123,'Seat Belts are for kids  Hug them at home  Belt them in the car','',1,'2014-12-03 03:27:00'),(124,'Seatbelts save lives. Buckle up everytime.','',1,'2014-12-03 03:27:00'),(125,'Shortcuts cut life short','',1,'2014-12-03 03:27:00'),(126,'Speed Thrills but Kills.','',1,'2014-12-03 03:27:00'),(127,'Stay safe, someone at home is waiting for you.','',1,'2014-12-03 03:27:00'),(128,'Stop drop & roll','',1,'2014-12-03 03:27:00'),(129,'Success is no accident','',1,'2014-12-03 03:27:00'),(130,'The best car safety device is a rear-view mirror with a cop in it.','',1,'2014-12-03 03:27:00'),(131,'The door to Safety swings on the hinges of common sense','',1,'2014-12-03 03:27:00'),(132,'The only trip you take should be on vacation.','',1,'2014-12-03 03:27:00'),(133,'The safe way is the only way.','',1,'2014-12-03 03:27:00'),(134,'The stupid shall be punished','',1,'2014-12-03 03:27:00'),(135,'Think Safety, Because I Love You Man.','',1,'2014-12-03 03:27:00'),(136,'Think sharp.never handle broken glass with bare hands.','',1,'2014-12-03 03:27:00'),(137,'Think smart before you start.','',1,'2014-12-03 03:27:00'),(138,'Those precious fingers dont ignore, Or they could end up on the floor.','',1,'2014-12-03 03:27:00'),(139,'Those who work the safest way- live to see another day','',1,'2014-12-03 03:27:01'),(140,'To avoid a scene keep your work place clean.','',1,'2014-12-03 03:27:01'),(141,'To prevent a drastic call, Install a firewall','',1,'2014-12-03 03:27:01'),(142,'Tomorrow: Your reward for working safely today.','',1,'2014-12-03 03:27:01'),(143,'Trying to make up time could cost you your life.','',1,'2014-12-03 03:27:01'),(144,'Unsafe acts will keep you in stitches','',1,'2014-12-03 03:27:01'),(145,'Watch where you walk or you might need a walker.','',1,'2014-12-03 03:27:01'),(146,'Watch your step  it could be your last tomorrow','',1,'2014-12-03 03:27:01'),(147,'whats holding you back?','',1,'2014-12-03 03:27:01'),(148,'When you gamble with safety ..You bet your life.','',1,'2014-12-03 03:27:01'),(149,'While on a ladder, never step back to admire your work','',1,'2014-12-03 03:27:01'),(150,'Wipe Up and avoid a Slip Up!','',1,'2014-12-03 03:27:01'),(151,'Work safe todayheaven can wait.','',1,'2014-12-03 03:27:01'),(152,'Work togetherwork safely.','',1,'2014-12-03 03:27:01'),(153,'Working safely may get old, but so do those who practice it.','',1,'2014-12-03 03:27:01'),(154,'Your first mistake could be your last','',1,'2014-12-03 03:27:01'),(155,'Your reward for working safely today.','',1,'2014-12-03 03:27:01'),(156,'Your wife will spend your 401K; If you get killed at work today.','',1,'2014-12-03 03:27:01'),(157,'Protect your hands, you need them to pick up your pay check','',1,'2014-12-03 03:27:01'),(158,'Your wife will spend your 401K; If you get killed at work today','',1,'2014-12-03 03:27:01'),(159,'SafetyDid it, done it, doing it tomorrow','',1,'2014-12-03 03:27:01'),(160,'Watch your step - it could be your last tomorrow','',1,'2014-12-03 03:27:01'),(161,'Those precious fingers dont ignore. . . Or they could end up on the floor','',1,'2014-12-03 03:27:01'),(162,'Your reward for working safely today.','',1,'2014-12-03 03:27:02'),(163,'Those who work the safest way- live to see another day','',1,'2014-12-03 03:27:02'),(164,'Get in high speed pursuit of safety','',1,'2014-12-03 03:27:02'),(165,'Seat Belts are for kids - Hug them at home - Belt them in the car','',1,'2014-12-03 03:27:02'),(166,'Safe crane operation is uplifting','',1,'2014-12-03 03:27:02'),(167,'Pencils have erasersmishaps dont!','',1,'2014-12-03 03:27:02'),(168,'Work safe todayheaven can wait.','',1,'2014-12-03 03:27:02'),(169,'Safety is a mission not an intermission','',1,'2014-12-03 03:27:02'),(170,'Safety doesnt happen by accident','',1,'2014-12-03 03:27:02'),(171,'A spill, a slip, a hospital trip','',1,'2014-12-03 03:27:02'),(172,'Falling objects can be brutal if you dont protect your noodle','',1,'2014-12-03 03:27:02'),(173,'Safety glasses: All in favor say Eye!','',1,'2014-12-03 03:27:02'),(174,'Its easier to ask a dumb question than it is to fix a dumb mistake','',1,'2014-12-03 03:27:02'),(175,'Safety isnt a hobby, its a living.','',1,'2014-12-03 03:27:02'),(176,'Safety - A small investment for a rich future','',1,'2014-12-03 03:27:02'),(177,'Safety is no accident','',1,'2014-12-03 03:27:02'),(178,'Safety is a cheap and effective insurance policy','',1,'2014-12-03 03:27:02'),(179,'Lets all keep our heads, and other body parts, together','',1,'2014-12-03 03:27:02'),(180,'While on a ladder, never step back to admire your work','',1,'2014-12-03 03:27:02'),(181,'Quench the thirst  safety first','',1,'2014-12-03 03:27:02'),(182,'When you gamble with safety you bet your life','',1,'2014-12-03 03:27:02'),(183,'The stupid shall be punished','',1,'2014-12-03 03:27:02'),(184,'Chance takers are accident makers','',1,'2014-12-03 03:27:02'),(185,'Safety is a full time job; dont make it a part time practice','',1,'2014-12-03 03:27:02'),(186,'The door to Safety swings on the hinges of common sense','',1,'2014-12-03 03:27:02'),(187,'Is better to lose one minute in life than to lose life in a minute.','',1,'2014-12-03 03:27:02'),(188,'Safety  a small investment for a rich future','',1,'2014-12-03 03:27:03'),(189,'Your first mistake could be your last','',1,'2014-12-03 03:27:03'),(190,'Safety isnt expensive its priceless.','',1,'2014-12-03 03:27:03'),(191,'Safety is as simple as ABCAlways Be Careful','',1,'2014-12-03 03:27:03'),(192,'Unsafe acts will keep you in stitches','',1,'2014-12-03 03:27:03'),(193,'Knock outaccidents','',1,'2014-12-03 03:27:03'),(194,'If you mess up, fess up','',1,'2014-12-03 03:27:03'),(195,'Hard hats, theyre not just for decoration','',1,'2014-12-03 03:27:03'),(196,'If you dont think it will happen to you, find the person who had it happen to them','',1,'2014-12-03 03:27:03'),(197,'Keep safety in mind. It will save your behind.','',1,'2014-12-03 03:27:03'),(198,'One bad day at the grinder could ruin your whole life','',1,'2014-12-03 03:27:03'),(199,'Shortcuts cut life short','',1,'2014-12-03 03:27:03');

/*Table structure for table `user_session_info` */

DROP TABLE IF EXISTS `user_session_info`;

CREATE TABLE `user_session_info` (
  `user_session_info_id` int(11) NOT NULL AUTO_INCREMENT,
  `user_id` int(11) NOT NULL,
  `login_token` varchar(255) NOT NULL,
  `created_date` datetime NOT NULL,
  `expire_date` datetime DEFAULT NULL,
  `is_expired` varchar(1) NOT NULL DEFAULT '0',
  PRIMARY KEY (`user_session_info_id`),
  KEY `fk_user_id_idx` (`user_id`),
  CONSTRAINT `fk_user_id` FOREIGN KEY (`user_id`) REFERENCES `user` (`user_id`) ON DELETE NO ACTION ON UPDATE NO ACTION
) ENGINE=InnoDB AUTO_INCREMENT=148 DEFAULT CHARSET=latin1;

/*Data for the table `user_session_info` */

insert  into `user_session_info`(`user_session_info_id`,`user_id`,`login_token`,`created_date`,`expire_date`,`is_expired`) values (1,2,'f68ef2ce-a558-46c6-9a99-1804b62cfdd5','2015-06-06 17:48:59','9999-12-31 00:00:00','0'),(2,2,'e308e0eb-544c-4ccf-abad-b5ff9ce5b081','2015-06-06 17:50:19','9999-12-31 00:00:00','0'),(3,1,'f8059c33-0ede-48ec-8040-d6625d27bdfd','2015-06-06 18:20:53','9999-12-31 00:00:00','0'),(4,1,'dc027ebf-cdea-4fa5-9fae-3cdd16c4b2c2','2015-06-06 18:27:05','9999-12-31 00:00:00','0'),(5,1,'c80d9da7-03a5-4147-9d0b-20cc5bd21270','2015-06-06 18:40:58','9999-12-31 00:00:00','0'),(6,1,'741feeb0-cf15-4f74-83d2-4a31c67f6c47','2015-06-06 18:52:05','9999-12-31 00:00:00','0'),(7,1,'f5e1ac7f-fba1-44ed-b3b7-e78c30c9ed0c','2015-06-09 21:15:35','9999-12-31 00:00:00','0'),(8,1,'e02487bf-2ba5-4401-ae7d-b9da533ed877','2015-06-09 21:20:16','9999-12-31 00:00:00','0'),(9,1,'f5faa330-717f-4a3a-9265-5b0ed7c4fc3f','2015-06-09 21:27:04','9999-12-31 00:00:00','0'),(10,1,'a4fdf423-2e29-4dcc-8133-a30114b276a8','2015-06-09 21:29:46','9999-12-31 00:00:00','0'),(11,1,'5409016e-c4f1-4965-adca-6dec07a8acb5','2015-06-09 21:38:26','9999-12-31 00:00:00','0'),(12,1,'d9f13f10-27ee-4161-b2a4-8d474c92bc70','2015-06-09 23:01:48','9999-12-31 00:00:00','0'),(13,1,'1cf7e7a4-c2fd-43c5-a8de-f4236dbee0b7','2015-06-09 23:15:44','9999-12-31 00:00:00','0'),(14,1,'2ee87f4d-cb95-4cb1-bfd3-6414ea221cb9','2015-06-09 23:29:18','9999-12-31 00:00:00','0'),(15,1,'d0df506e-a83b-4fd7-bd3f-f0627a553355','2015-06-09 23:31:43','9999-12-31 00:00:00','0'),(16,1,'7ca24bb0-1d5f-4aa1-a773-b39e4f539561','2015-06-10 00:49:38','9999-12-31 00:00:00','0'),(17,1,'30ad4dce-2e1d-4531-8479-13804524f968','2015-06-10 07:05:34','9999-12-31 00:00:00','0'),(18,1,'dbf61377-e2de-4623-9dd4-1a16fd17ba21','2015-06-10 08:19:38','9999-12-31 00:00:00','0'),(19,1,'69afe664-c906-4ee4-ab18-d368ce88cfca','2015-06-10 08:21:41','9999-12-31 00:00:00','0'),(20,1,'b64c7a5d-f5a7-406e-9cfd-817d52e0c54c','2015-06-10 08:29:55','9999-12-31 00:00:00','0'),(21,1,'f12e2461-ad70-4e13-84fe-c1713a96a355','2015-06-10 12:25:55','9999-12-31 00:00:00','0'),(22,1,'bf669a3f-3def-4f7e-aee5-62096f8fc315','2015-06-10 12:39:25','9999-12-31 00:00:00','0'),(23,1,'9ee29584-25a8-48c7-8b59-33b392006213','2015-06-10 12:56:45','9999-12-31 00:00:00','0'),(24,3,'fbd51f8b-f6cf-4136-a74b-28aa51b6805c','2015-06-10 14:16:55','9999-12-31 00:00:00','0'),(25,3,'768a0f0d-fe84-4ddf-a181-ffa925a9da92','2015-06-10 16:43:16','9999-12-31 00:00:00','0'),(26,1,'28e0355e-a71e-44a4-a20d-a114a3aa8255','2015-06-10 16:43:48','9999-12-31 00:00:00','0'),(27,3,'2c833068-1495-4213-b530-3b251e2dbd8b','2015-06-10 16:44:11','9999-12-31 00:00:00','0'),(28,4,'706a37b1-043f-432f-9bcf-6504e4c4b8a7','2015-06-10 16:58:42','9999-12-31 00:00:00','0'),(29,4,'7fac80d3-eb11-4b49-ac5f-0e5b632c1673','2015-06-10 17:27:41','9999-12-31 00:00:00','0'),(30,4,'2f464dc3-5dd3-4bfe-849f-9b3b539a83b8','2015-06-10 17:43:58','9999-12-31 00:00:00','0'),(31,4,'410cf66d-65af-4afe-9772-539b423098de','2015-06-10 17:46:15','9999-12-31 00:00:00','0'),(32,4,'15bc8399-3ea8-41f0-97f6-18bf4ac609d9','2015-06-10 18:05:35','9999-12-31 00:00:00','0'),(33,4,'11a0699c-2c97-421d-bd9b-7994408ad3a8','2015-06-10 18:21:26','9999-12-31 00:00:00','0'),(34,4,'96135765-a014-4cd2-a858-822765d29eed','2015-06-10 18:23:47','9999-12-31 00:00:00','0'),(35,4,'f616a97e-7d6a-4b3f-b1de-86425393c512','2015-06-10 18:25:56','9999-12-31 00:00:00','0'),(36,1,'d4c42072-869f-4e4b-966b-f5f9ceae0dea','2015-06-10 19:20:53','9999-12-31 00:00:00','0'),(37,5,'dd05e395-d39e-4127-8534-82800b30c1bb','2015-06-10 19:39:44','9999-12-31 00:00:00','0'),(38,1,'50139f85-84b3-41b9-be31-d023e737d5b2','2015-06-10 19:43:18','9999-12-31 00:00:00','0'),(39,6,'e0d638a3-73e3-46ca-8245-f5bf46b4449e','2015-06-10 19:50:47','9999-12-31 00:00:00','0'),(40,6,'0e9a37ad-5cd6-431e-ae56-5710737ead61','2015-06-10 19:53:00','9999-12-31 00:00:00','0'),(41,7,'934ff9e1-7d70-4186-a075-acd62695c2a0','2015-06-10 19:54:32','9999-12-31 00:00:00','0'),(42,7,'8a9f1858-19f1-42b1-bac0-23974541e104','2015-06-10 20:00:57','9999-12-31 00:00:00','0'),(43,7,'855ff877-9a35-4760-ac99-4aa94ec416e6','2015-06-10 20:02:26','9999-12-31 00:00:00','0'),(44,1,'5764566b-69ac-4534-857a-e4fa8c0950b1','2015-06-10 21:04:20','9999-12-31 00:00:00','0'),(45,8,'95afdfc9-3f58-4c99-90c9-8e13c7eabba6','2015-06-10 21:07:57','9999-12-31 00:00:00','0'),(46,8,'b07e4805-2e70-4777-b392-9fdd312ec079','2015-06-10 21:08:50','9999-12-31 00:00:00','0'),(47,8,'2fb98a33-2632-45b0-954a-d0065394f322','2015-06-10 21:09:10','9999-12-31 00:00:00','0'),(48,1,'57bd7ba7-96f9-46cb-8b6a-1975e73b0802','2015-06-10 21:44:00','9999-12-31 00:00:00','0'),(49,1,'a58d4e15-c742-463e-a68a-57f9e9cffad5','2015-06-11 06:56:46','9999-12-31 00:00:00','0'),(50,1,'12f37263-cc4b-4164-ba55-296bad23eae6','2015-06-11 19:25:28','9999-12-31 00:00:00','0'),(51,1,'f2c5ddbe-95ea-4c47-874e-3c0c53fb0670','2015-06-11 19:40:00','9999-12-31 00:00:00','0'),(52,1,'b543623f-b303-46a3-8a95-0c0ebf5f1b76','2015-06-13 11:03:10','9999-12-31 00:00:00','0'),(53,1,'9cac01a7-10ed-4c23-ad41-2455eddb7f86','2015-06-13 11:56:22','9999-12-31 00:00:00','0'),(54,1,'f53f5cdf-ecba-48c4-8c6d-607d029c57f2','2015-06-13 12:01:02','9999-12-31 00:00:00','0'),(55,1,'b7365910-7bb8-4607-8eb5-1b4f5e3454f3','2015-06-13 12:06:03','9999-12-31 00:00:00','0'),(56,1,'9154d60c-dcfa-41fb-b3cb-a248a54750e0','2015-06-13 12:08:32','9999-12-31 00:00:00','0'),(57,1,'9ad8cb00-fb81-4209-ac42-1ee3f6e3ae2c','2015-06-13 12:10:24','9999-12-31 00:00:00','0'),(58,1,'54492234-8beb-4112-974b-03928189c6bd','2015-06-13 12:11:49','9999-12-31 00:00:00','0'),(59,1,'13b14b02-7c3a-421e-a35e-3d111969aff0','2015-06-13 12:14:31','9999-12-31 00:00:00','0'),(60,1,'39f47bfc-c84a-4abb-bd67-fb856786bff3','2015-06-13 12:15:29','9999-12-31 00:00:00','0'),(61,1,'c8ef6f34-59f0-4457-980f-2e42c7ef23f4','2015-06-13 13:25:00','9999-12-31 00:00:00','0'),(62,1,'68d91480-8dbd-4ef2-9fe7-affcf17af372','2015-06-13 13:49:39','9999-12-31 00:00:00','0'),(63,1,'98dc449f-8912-4703-bce0-f8d96e0b4aa4','2015-06-13 14:24:49','9999-12-31 00:00:00','0'),(64,1,'0386a619-af93-4437-9f65-d624c5ae24fa','2015-06-13 18:09:05','9999-12-31 00:00:00','0'),(65,1,'1e708cc9-b573-4eba-9752-cdbabcf5a848','2015-06-13 18:15:13','9999-12-31 00:00:00','0'),(66,1,'cba7bafa-71b5-41b7-a7a3-674efa99cd4e','2015-06-13 18:16:48','9999-12-31 00:00:00','0'),(67,1,'9bcf4b04-7e54-468b-b39a-4c05dc52cadc','2015-06-13 19:08:00','9999-12-31 00:00:00','0'),(68,1,'838a774b-0a9f-442f-85f5-b51d23b51dfd','2015-06-17 21:41:21','9999-12-31 00:00:00','0'),(69,1,'94af0693-ffd7-48a4-b7d3-6df7af4f599d','2015-06-17 22:11:28','9999-12-31 00:00:00','0'),(70,1,'567e6071-b918-4d31-93fb-a6d9fb29ff8d','2015-06-18 08:05:04','9999-12-31 00:00:00','0'),(71,1,'0f596e72-32e3-4882-8922-18952fab3074','2015-06-18 09:07:54','9999-12-31 00:00:00','0'),(72,1,'cddc87b3-e181-4df6-b8ea-a08517a26ee7','2015-06-18 09:09:12','9999-12-31 00:00:00','0'),(73,1,'35ee2ee3-d45b-4c4c-b2c0-f4b8c8a0ace7','2015-06-18 20:52:32','9999-12-31 00:00:00','0'),(74,1,'5441d395-6bca-4ced-b0d5-cf8e16c38944','2015-06-18 22:15:39','9999-12-31 00:00:00','0'),(75,1,'cf656a1d-cad3-4f85-805d-779921a983b0','2015-06-18 22:50:57','9999-12-31 00:00:00','0'),(76,1,'c3e63029-6f97-411c-9cbb-a6e8aebd16a8','2015-06-19 00:29:10','9999-12-31 00:00:00','0'),(77,1,'e0047420-bb40-4c43-96be-8ab3dcfab6dc','2015-06-19 07:52:01','9999-12-31 00:00:00','0'),(78,1,'7711587d-9796-4514-80ad-fa6dfce62bdc','2015-06-19 08:08:34','9999-12-31 00:00:00','0'),(79,1,'ada3f99a-a758-4e8c-bed2-ef63488d9d43','2015-06-19 20:32:32','9999-12-31 00:00:00','0'),(80,1,'953c2268-4e5b-4436-9626-139b08d0964e','2015-06-19 21:16:52','9999-12-31 00:00:00','0'),(81,1,'deb881d0-22e5-43a0-8caa-929c2f4429b7','2015-06-19 22:01:07','9999-12-31 00:00:00','0'),(82,1,'41a96102-79d4-46d8-b18a-9406667b2227','2015-06-19 23:00:55','9999-12-31 00:00:00','0'),(83,1,'14bd60e0-25ed-459c-b0bc-b29332f850c4','2015-06-19 23:32:56','9999-12-31 00:00:00','0'),(84,1,'5236bee1-0f59-42a0-8411-fc7a43b5680e','2015-06-20 08:42:57','9999-12-31 00:00:00','0'),(85,1,'9222e3f7-4ed5-4959-acd9-0976c8d103ea','2015-06-20 09:33:29','9999-12-31 00:00:00','0'),(86,1,'6a996544-2093-4383-977c-b039e5f5d30b','2015-06-20 09:36:39','9999-12-31 00:00:00','0'),(87,1,'71d65ae3-f3b2-4a5f-93a5-6f09dce1ccbd','2015-06-20 15:20:52','9999-12-31 00:00:00','0'),(88,1,'261d5553-b4fa-4401-b64a-4245633d743c','2015-06-20 15:41:14','9999-12-31 00:00:00','0'),(89,1,'7184eb7b-89c4-4529-9c10-db90538a2831','2015-06-20 15:41:47','9999-12-31 00:00:00','0'),(90,1,'3f8f7ff8-6b94-4614-9b9d-fa3d3604281c','2015-06-20 15:56:02','9999-12-31 00:00:00','0'),(91,1,'8229ebf6-3a05-4117-a929-47b681fe1e2c','2015-06-20 16:41:46','9999-12-31 00:00:00','0'),(92,1,'36e47900-0555-4740-8c1b-099bf1dfea01','2015-06-20 16:42:14','9999-12-31 00:00:00','0'),(93,1,'cf2387eb-93e3-48d4-9ec9-7de50eb278c8','2015-06-20 18:06:52','9999-12-31 00:00:00','0'),(94,1,'b9d2e8b0-a4c5-4123-8caa-360b56373c46','2015-06-20 18:19:01','9999-12-31 00:00:00','0'),(95,1,'f15ec0b8-bc08-4fe7-a52b-0f2d3e3399f7','2015-06-20 18:24:32','9999-12-31 00:00:00','0'),(96,1,'189432d3-2f70-49c4-a971-9d84f0718c8e','2015-06-20 18:39:35','9999-12-31 00:00:00','0'),(97,1,'36fc14f9-4c53-426d-872b-f7b0cf583c18','2015-06-20 19:34:36','9999-12-31 00:00:00','0'),(98,1,'790f37ad-602e-41da-abab-10f97f3cc449','2015-06-20 20:25:47','9999-12-31 00:00:00','0'),(99,1,'56305690-a828-4d12-9516-bd8e2773d713','2015-06-20 21:21:19','9999-12-31 00:00:00','0'),(100,10,'c4168b22-7e8d-4e60-97e1-d203fa8fdbf0','2015-06-20 22:32:07','9999-12-31 00:00:00','0'),(101,1,'8a02b588-3f5a-4198-a62c-b05cca8feb79','2015-06-20 22:37:57','9999-12-31 00:00:00','0'),(102,10,'2848aeaf-eee3-4762-a6f2-b3d15c4cfa2e','2015-06-20 22:38:35','9999-12-31 00:00:00','0'),(103,1,'7b618fed-58e7-476d-abb7-fe3e593c3147','2015-06-20 22:44:36','9999-12-31 00:00:00','0'),(104,10,'5b3e04da-c204-46cf-b996-0b6d521af770','2015-06-20 22:45:15','9999-12-31 00:00:00','0'),(105,10,'ebd5a23a-46ba-4604-a59a-599ae8f67adf','2015-06-20 22:45:42','9999-12-31 00:00:00','0'),(106,1,'81e04eb7-7f4a-48db-bb89-575bfdad1df0','2015-06-21 09:58:17','9999-12-31 00:00:00','0'),(107,11,'07fc172d-7758-438b-9b29-b7ea041489d7','2015-06-21 10:02:52','9999-12-31 00:00:00','0'),(108,11,'707dd554-6a05-4ac8-bd08-9bb4fac778cd','2015-06-21 10:06:10','9999-12-31 00:00:00','0'),(109,12,'a953cecf-e1c3-40e9-94da-b156c9a57fa4','2015-06-21 10:08:30','9999-12-31 00:00:00','0'),(110,13,'dffe0be8-45a9-4148-85a8-32e7a405d8d9','2015-06-21 17:34:04','9999-12-31 00:00:00','0'),(111,1,'9ec1be19-0397-4386-a1ff-8bb36c02387f','2015-06-21 17:35:23','9999-12-31 00:00:00','0'),(112,13,'768f519a-bf55-4da9-ae1f-d330cd380fb9','2015-06-21 17:36:19','9999-12-31 00:00:00','0'),(129,15,'58b3585c-4c2f-4439-9989-128f7178b11d','2015-06-21 20:39:53','9999-12-31 00:00:00','0'),(130,15,'7f7b1b02-8fed-4ee8-8bee-5e703ebecfd5','2015-06-21 20:45:24','9999-12-31 00:00:00','0'),(131,15,'4c8b088a-ec11-438a-851b-d770b8d2f111','2015-06-21 20:47:20','9999-12-31 00:00:00','0'),(132,15,'8863bc7d-b439-4d41-8fdc-3dc1aaa6082d','2015-06-21 20:51:49','9999-12-31 00:00:00','0'),(133,1,'7735fbda-5117-4819-b410-797b0491a6c5','2015-06-21 20:55:13','9999-12-31 00:00:00','0'),(134,15,'396a21ca-26a0-4898-9712-fff8c469e5a1','2015-06-21 20:55:49','9999-12-31 00:00:00','0'),(135,15,'5bdf5562-f96d-439f-b857-21e7a3445a2f','2015-06-21 20:58:06','9999-12-31 00:00:00','0'),(136,15,'7007f248-27f5-4f2e-b4e6-22823611dbf3','2015-06-21 21:01:03','9999-12-31 00:00:00','0'),(137,15,'7278fa87-fbcc-4e9f-b74d-a77a793147d1','2015-06-21 21:01:31','9999-12-31 00:00:00','0'),(138,15,'d37312a2-efa4-404d-8267-c03e5bf82f12','2015-06-21 21:04:01','9999-12-31 00:00:00','0'),(139,15,'ddad0150-a26c-4b30-aa24-204a149276da','2015-06-21 21:04:17','9999-12-31 00:00:00','0'),(140,15,'99488fce-315c-48aa-8642-be1842726db6','2015-06-21 21:07:10','9999-12-31 00:00:00','0'),(141,15,'00f4a114-738a-4ce3-b70b-a155bf107ecd','2015-06-21 21:08:26','9999-12-31 00:00:00','0'),(142,15,'d18431bd-c7f1-48a5-ad47-e005c8a3c667','2015-06-21 21:11:24','9999-12-31 00:00:00','0'),(143,1,'d985c5b0-bb3f-4d4c-bced-c15237dc3e21','2015-06-22 22:39:47','9999-12-31 00:00:00','0'),(144,29,'05713747-e084-43ff-82aa-a5ad15e1c227','2015-06-23 09:01:04','9999-12-31 00:00:00','0'),(145,30,'5ecba865-31b9-4d4b-a55d-c8905c7bf73d','2015-06-23 20:08:19','9999-12-31 00:00:00','0'),(146,31,'9e44aca2-7f88-45be-92e4-f89f3b7e3556','2015-06-23 20:16:47','9999-12-31 00:00:00','0'),(147,1,'398e05d5-0588-4bab-9d7e-e9c21fcab9e9','2015-06-23 21:48:42','9999-12-31 00:00:00','0');

/*Table structure for table `user_type` */

DROP TABLE IF EXISTS `user_type`;

CREATE TABLE `user_type` (
  `user_type_id` int(11) NOT NULL AUTO_INCREMENT,
  `user_type` varchar(100) NOT NULL,
  `created_date` datetime NOT NULL,
  `created_by` varchar(20) NOT NULL,
  `modified_date` datetime NOT NULL,
  `modified_by` varchar(20) NOT NULL,
  `is_expired` varchar(1) NOT NULL DEFAULT '0',
  PRIMARY KEY (`user_type_id`)
) ENGINE=InnoDB AUTO_INCREMENT=2 DEFAULT CHARSET=latin1;

/*Data for the table `user_type` */

insert  into `user_type`(`user_type_id`,`user_type`,`created_date`,`created_by`,`modified_date`,`modified_by`,`is_expired`) values (1,'USER','0000-00-00 00:00:00','SYSTEM','0000-00-00 00:00:00','SYSTEM','0');

/* Trigger structure for table `dependent_task` */

DELIMITER $$

/*!50003 DROP TRIGGER*//*!50032 IF EXISTS */ /*!50003 `log_dependentTask_add` */$$

/*!50003 CREATE */ /*!50017 DEFINER = 'ontarget'@'localhost' */ /*!50003 TRIGGER `log_dependentTask_add` AFTER INSERT ON `dependent_task` FOR EACH ROW BEGIN
	
	DECLARE userNotificationId BIGINT;
	
	INSERT INTO activity_log (TEXT, user_id,category,ts_insert) VALUES
	(CONCAT("Task ",`getProjectTaskTitleById`(NEW.dependent_task_id)," is made dependent on task",
	`getProjectTaskTitleById`(NEW.task_id)),
	NEW.created_by,11, NOW());	
	
	INSERT INTO user_notification (TEXT, STATUS,user_id, ts_insert) 
	VALUES (CONCAT("Task ",`getProjectTaskTitleById`(NEW.dependent_task_id)," is made dependent on task",
	`getProjectTaskTitleById`(NEW.task_id)), "NEW",
	NEW.created_by, NOW());
 
	SET userNotificationId = LAST_INSERT_ID();
 
	INSERT INTO user_notification_attribute(attribute_key,attribute_value,user_notification_id)
	VALUES('notificationType','DEPENDENT_TASK',userNotificationId);
	
	INSERT INTO user_notification_attribute(attribute_key,attribute_value,user_notification_id)
	VALUES('notificationId',NEW.id,userNotificationId);
END */$$


DELIMITER ;

/* Trigger structure for table `planned_actuals_cost` */

DELIMITER $$

/*!50003 DROP TRIGGER*//*!50032 IF EXISTS */ /*!50003 `log_plannedActualCost_add` */$$

/*!50003 CREATE */ /*!50017 DEFINER = 'ontarget'@'localhost' */ /*!50003 TRIGGER `log_plannedActualCost_add` AFTER INSERT ON `planned_actuals_cost` FOR EACH ROW BEGIN
    
	DECLARE userNotificationId BIGINT;
	
	INSERT INTO activity_log (TEXT, user_id,category,ts_insert) VALUES
	(CONCAT("New planned cost added for task ",`getProjectTaskTitleById`(NEW.task_id)),
	New.created_by,6, NOW());	
	
	INSERT INTO user_notification (TEXT, STATUS,user_id, ts_insert) 
	VALUES (CONCAT("New planned cost added for task ", getProjectTaskTitleById(NEW.task_id)),
	 "NEW",NEW.created_by, NOW());
 
	SET userNotificationId = LAST_INSERT_ID();
 
	INSERT INTO user_notification_attribute(attribute_key,attribute_value,user_notification_id)
	VALUES('notificationType','COST',userNotificationId);
	
	INSERT INTO user_notification_attribute(attribute_key,attribute_value,user_notification_id)
	VALUES('notificationId',NEW.id,userNotificationId);
END */$$


DELIMITER ;

/* Trigger structure for table `planned_actuals_cost` */

DELIMITER $$

/*!50003 DROP TRIGGER*//*!50032 IF EXISTS */ /*!50003 `log_plannedActualCost_update` */$$

/*!50003 CREATE */ /*!50017 DEFINER = 'ontarget'@'localhost' */ /*!50003 TRIGGER `log_plannedActualCost_update` AFTER UPDATE ON `planned_actuals_cost` FOR EACH ROW BEGIN
	
	DECLARE userNotificationId BIGINT;
	
	INSERT INTO activity_log (TEXT, user_id,category,ts_insert) VALUES
	(CONCAT("Planned cost updated for task ",`getProjectTaskTitleById`(NEW.task_id)),
	NEW.modified_by,7, NOW());	
	
	INSERT INTO user_notification (TEXT, STATUS,user_id, ts_insert) 
	VALUES (CONCAT("Planned cost updated for task ", getProjectTaskTitleById(NEW.task_id)), 
	"NEW",NEW.modified_by, NOW());
 
	SET userNotificationId = LAST_INSERT_ID();
 
	INSERT INTO user_notification_attribute(attribute_key,attribute_value,user_notification_id)
	VALUES('notificationType','COST',userNotificationId);
	
	INSERT INTO user_notification_attribute(attribute_key,attribute_value,user_notification_id)
	VALUES('notificationId',NEW.id,userNotificationId);
END */$$


DELIMITER ;

/* Trigger structure for table `project` */

DELIMITER $$

/*!50003 DROP TRIGGER*//*!50032 IF EXISTS */ /*!50003 `project_AFTER_INSERT` */$$

/*!50003 CREATE */ /*!50017 DEFINER = 'ontarget'@'localhost' */ /*!50003 TRIGGER `project_AFTER_INSERT` AFTER INSERT ON `project` FOR EACH ROW BEGIN
	
	DECLARE ppId BIGINT;
	
   
	SELECT project_parent_id INTO ppId FROM  project WHERE project_id= NEW.project_id;    
	
	INSERT INTO activity_log (TEXT, user_id,category,ts_insert,project_id) VALUES
	(CONCAT("New Activity ", NEW.project_name, " added by ", get_userNameById(NEW.project_owner_id)),
	NEW.project_owner_id,2, NOW(),ppId);
	
	
END */$$


DELIMITER ;

/* Trigger structure for table `project` */

DELIMITER $$

/*!50003 DROP TRIGGER*//*!50032 IF EXISTS */ /*!50003 `project_AFTER_UPDATE` */$$

/*!50003 CREATE */ /*!50017 DEFINER = 'ontarget'@'localhost' */ /*!50003 TRIGGER `project_AFTER_UPDATE` AFTER UPDATE ON `project` FOR EACH ROW BEGIN
	
	DECLARE ppId BIGINT;
	
	
	SELECT project_parent_id INTO ppId FROM  project WHERE project_id= OLD.project_id;
	
	INSERT INTO activity_log (TEXT, user_id,category,ts_insert,project_id) VALUES
	(CONCAT("Activity ", NEW.project_name, " updated by ", get_userNameById(NEW.modified_by)),
	New.modified_by,2, NOW(),ppId);
  
  END */$$


DELIMITER ;

/* Trigger structure for table `project_task` */

DELIMITER $$

/*!50003 DROP TRIGGER*//*!50032 IF EXISTS */ /*!50003 `log_task_add` */$$

/*!50003 CREATE */ /*!50017 DEFINER = 'root'@'localhost' */ /*!50003 TRIGGER `log_task_add` AFTER INSERT ON `project_task` FOR EACH ROW BEGIN
	
	DECLARE userNotificationId BIGINT;
	
	INSERT INTO activity_log (TEXT, user_id,category,ts_insert) VALUES
	(CONCAT("New task ", NEW.title, " added by ", get_userNameById(NEW.created_by)),
	New.created_by,4, NOW());
	
	INSERT INTO user_notification (TEXT, STATUS,user_id, ts_insert) 
	VALUES (CONCAT("New task ", NEW.title, " added by ", get_userNameById(NEW.created_by)), 
	"NEW",NEW.created_by, NOW());
 
	SET userNotificationId = LAST_INSERT_ID();
	
	INSERT INTO user_notification_attribute(attribute_key,attribute_value,user_notification_id)
	VALUES('notificationType','TASK',userNotificationId);
	
	INSERT INTO user_notification_attribute(attribute_key,attribute_value,user_notification_id)
	VALUES('notificationId',NEW.project_task_id,userNotificationId);
END */$$


DELIMITER ;

/* Trigger structure for table `project_task` */

DELIMITER $$

/*!50003 DROP TRIGGER*//*!50032 IF EXISTS */ /*!50003 `log_task_update` */$$

/*!50003 CREATE */ /*!50017 DEFINER = 'root'@'localhost' */ /*!50003 TRIGGER `log_task_update` AFTER UPDATE ON `project_task` FOR EACH ROW BEGIN
	
	DECLARE userNotificationId BIGINT;
	
	INSERT INTO activity_log (TEXT, user_id,category,ts_insert) VALUES
	(CONCAT("Task ", NEW.title, " updated by ", get_userNameById(NEW.modified_by)),
	NEW.modified_by,5, NOW());
	
	INSERT INTO user_notification (TEXT, STATUS,user_id, ts_insert) 
	VALUES (CONCAT("Task of id ",NEW.project_task_id , " updated by ", get_userNameById(NEW.modified_by)), 
	"NEW",NEW.modified_by, NOW());
 
	SET userNotificationId = LAST_INSERT_ID();
	
	INSERT INTO user_notification_attribute(attribute_key,attribute_value,user_notification_id)
	VALUES('notificationType','TASK',userNotificationId);
	
	INSERT INTO user_notification_attribute(attribute_key,attribute_value,user_notification_id)
	VALUES('notificationId',NEW.project_task_id,userNotificationId);
END */$$


DELIMITER ;

/* Trigger structure for table `project_task_files` */

DELIMITER $$

/*!50003 DROP TRIGGER*//*!50032 IF EXISTS */ /*!50003 `log_projectTaskFile_add` */$$

/*!50003 CREATE */ /*!50017 DEFINER = 'ontarget'@'localhost' */ /*!50003 TRIGGER `log_projectTaskFile_add` AFTER INSERT ON `project_task_files` FOR EACH ROW BEGIN
	
	DECLARE userNotificationId BIGINT;
	
	INSERT INTO activity_log (TEXT, user_id,category,ts_insert) VALUES
	(CONCAT("New file ",NEW.file_name," uploaded for task ",`getProjectTaskTitleById`(NEW.project_task_id)),
	NEW.created_by,10, NOW());
	
	INSERT INTO user_notification (TEXT, STATUS,user_id, ts_insert) 
	VALUES (CONCAT("New file ",NEW.file_name," uploaded for task ", getProjectTaskTitleById(NEW.project_task_id)), "NEW",
	NEW.created_by, NOW());
 
	SET userNotificationId = LAST_INSERT_ID();
 
	INSERT INTO user_notification_attribute(attribute_key,attribute_value,user_notification_id)
	VALUES('notificationType','TASK_FILE',userNotificationId);
	
	INSERT INTO user_notification_attribute(attribute_key,attribute_value,user_notification_id)
	VALUES('notificationId',NEW.task_file_id,userNotificationId);
END */$$


DELIMITER ;

/* Trigger structure for table `task_comment` */

DELIMITER $$

/*!50003 DROP TRIGGER*//*!50032 IF EXISTS */ /*!50003 `log_comment_add` */$$

/*!50003 CREATE */ /*!50017 DEFINER = 'root'@'localhost' */ /*!50003 TRIGGER `log_comment_add` AFTER INSERT ON `task_comment` FOR EACH ROW BEGIN
 
	DECLARE userNotificationId BIGINT;
	
	INSERT INTO activity_log (TEXT, user_id,category,ts_insert) VALUES
	(CONCAT("Comment ", NEW.comment, " added on task ", `getProjectTaskTitleById`(NEW.task_id)),
	NEW.commented_by,1, NOW());
	
	INSERT INTO user_notification (TEXT, STATUS,user_id, ts_insert) 
	VALUES (CONCAT("Comment ", NEW.comment, " added on task ", getProjectTaskTitleById(NEW.task_id)), 
	"NEW",NEW.commented_by, NOW());
 
	SET userNotificationId = LAST_INSERT_ID();
 
	INSERT INTO user_notification_attribute(attribute_key,attribute_value,user_notification_id)
	VALUES('notificationType','COMMENT',userNotificationId);
	
	INSERT INTO user_notification_attribute(attribute_key,attribute_value,user_notification_id)
	VALUES('notificationId',NEW.task_comment_id,userNotificationId);
          
END */$$


DELIMITER ;

/* Function  structure for function  `getActivityNameById` */

/*!50003 DROP FUNCTION IF EXISTS `getActivityNameById` */;
DELIMITER $$

/*!50003 CREATE DEFINER=`ontarget`@`localhost` FUNCTION `getActivityNameById`(projectId INT) RETURNS varchar(100) CHARSET latin1
    DETERMINISTIC
BEGIN
  DECLARE activityName VARCHAR(100);
  SET activityName = (SELECT project_name FROM project WHERE project_id = projectId);
  RETURN activityName;
END */$$
DELIMITER ;

/* Function  structure for function  `getProjectTaskTitleById` */

/*!50003 DROP FUNCTION IF EXISTS `getProjectTaskTitleById` */;
DELIMITER $$

/*!50003 CREATE DEFINER=`ontarget`@`localhost` FUNCTION `getProjectTaskTitleById`(projectTaskId INT) RETURNS varchar(100) CHARSET latin1
    DETERMINISTIC
BEGIN
  DECLARE projectTaskTitle VARCHAR(100);
  SET projectTaskTitle = (SELECT title FROM project_task WHERE project_task_id = projectTaskId);
  RETURN projectTaskTitle;
END */$$
DELIMITER ;

/* Function  structure for function  `getProjectTitleById` */

/*!50003 DROP FUNCTION IF EXISTS `getProjectTitleById` */;
DELIMITER $$

/*!50003 CREATE DEFINER=`ontarget`@`localhost` FUNCTION `getProjectTitleById`(projectId INT) RETURNS varchar(100) CHARSET latin1
    DETERMINISTIC
BEGIN
  DECLARE projectTitle VARCHAR(100);
  SET projectTitle = (SELECT project_name FROM project WHERE project_id = projectId);
  RETURN projectTitle;
END */$$
DELIMITER ;

/* Function  structure for function  `get_userNameById` */

/*!50003 DROP FUNCTION IF EXISTS `get_userNameById` */;
DELIMITER $$

/*!50003 CREATE DEFINER=`ontarget`@`localhost` FUNCTION `get_userNameById`(userId INT) RETURNS varchar(100) CHARSET latin1
    DETERMINISTIC
BEGIN
  DECLARE userName VARCHAR(100);
  SET userName = (SELECT user_name FROM ontarget.`user` WHERE user_id = userId);
  RETURN userName;
END */$$
DELIMITER ;

/*!40101 SET SQL_MODE=@OLD_SQL_MODE */;
/*!40014 SET FOREIGN_KEY_CHECKS=@OLD_FOREIGN_KEY_CHECKS */;
/*!40014 SET UNIQUE_CHECKS=@OLD_UNIQUE_CHECKS */;
/*!40111 SET SQL_NOTES=@OLD_SQL_NOTES */;
